[Barrier] Learner 0 到達/重返, 等待人數: 1/18
[Barrier] Learner 2 到達/重返, 等待人數: 2/18
[Barrier] Learner 1 到達/重返, 等待人數: 3/18
[Barrier] Learner 17 到達/重返, 等待人數: 4/18
[Barrier] Learner 11 到達/重返, 等待人數: 5/18
[Barrier] Learner 13 到達/重返, 等待人數: 6/18
[Barrier] Learner 8 到達/重返, 等待人數: 7/18
[Barrier] Learner 4 到達/重返, 等待人數: 8/18
[Barrier] Learner 7 到達/重返, 等待人數: 9/18
[Barrier] Learner 14 到達/重返, 等待人數: 10/18
[Barrier] Learner 12 到達/重返, 等待人數: 11/18
[Barrier] Learner 6 到達/重返, 等待人數: 12/18
[Barrier] Learner 10 到達/重返, 等待人數: 13/18
[Barrier] Learner 3 到達/重返, 等待人數: 14/18
[Barrier] Learner 16 到達/重返, 等待人數: 15/18
[Barrier] Learner 9 到達/重返, 等待人數: 16/18
[Barrier] Learner 15 到達/重返, 等待人數: 17/18
[Barrier] Learner 5 到達/重返, 等待人數: 18/18
[Global EQ] 啟動 Leader SAT 尋找反例
[Table] MQ/CE SAT 填 hash=0x82ab91f45dba7f08
[checkpoint] wrote /home/alan23273850/flag-analysis2/[[9,1,3]]_surface_code_seq/decoder/cms/path_0_hr0_eq1_ok.txt
[Barrier] Learner 5 到達/重返, 等待人數: 1/18
[Barrier] Learner 7 到達/重返, 等待人數: 2/18
[Barrier] Learner 9 到達/重返, 等待人數: 3/18
[Barrier] Learner 2 到達/重返, 等待人數: 4/18
[Barrier] Learner 0 到達/重返, 等待人數: 5/18
[Barrier] Learner 16 到達/重返, 等待人數: 6/18
[Barrier] Learner 13 到達/重返, 等待人數: 7/18
[Barrier] Learner 6 到達/重返, 等待人數: 8/18
[Barrier] Learner 1 到達/重返, 等待人數: 9/18
[Barrier] Learner 15 到達/重返, 等待人數: 10/18
[Barrier] Learner 14 到達/重返, 等待人數: 11/18
[Barrier] Learner 17 到達/重返, 等待人數: 12/18
[Barrier] Learner 12 到達/重返, 等待人數: 13/18
[Barrier] Learner 4 到達/重返, 等待人數: 14/18
[Barrier] Learner 3 到達/重返, 等待人數: 15/18
[Barrier] Learner 8 到達/重返, 等待人數: 16/18
[Barrier] Learner 11 到達/重返, 等待人數: 17/18
[Barrier] Learner 10 到達/重返, 等待人數: 18/18
[Global EQ] 啟動 Leader SAT 尋找反例
[Table] MQ/CE SAT 填 hash=0x29653f6a694c8a19
[Barrier] Learner 10 到達/重返, 等待人數: 1/18
[Barrier] Learner 5 到達/重返, 等待人數: 2/18
[Barrier] Learner 3 到達/重返, 等待人數: 3/18
[Barrier] Learner 12 到達/重返, 等待人數: 4/18
[Barrier] Learner 0 到達/重返, 等待人數: 5/18
[Barrier] Learner 13 到達/重返, 等待人數: 6/18
[Barrier] Learner 2 到達/重返, 等待人數: 7/18
[Barrier] Learner 6 到達/重返, 等待人數: 8/18
[Barrier] Learner 14 到達/重返, 等待人數: 9/18
[Barrier] Learner 16 到達/重返, 等待人數: 10/18
[Barrier] Learner 8 到達/重返, 等待人數: 11/18
[Barrier] Learner 4 到達/重返, 等待人數: 12/18
[Barrier] Learner 15 到達/重返, 等待人數: 13/18
[Barrier] Learner 9 到達/重返, 等待人數: 14/18
[Barrier] Learner 7 到達/重返, 等待人數: 15/18
[Barrier] Learner 11 到達/重返, 等待人數: 16/18
[Barrier] Learner 1 到達/重返, 等待人數: 17/18
[Table] MQ/CE SAT 填 hash=0xd2a304935335f799
[Table] MQ/CE SAT 填 hash=0x9ec04855c5a4e463
[Table] MQ/CE SAT 填 hash=0x47fe0d7eaf8e51e3
[Barrier] Learner 17 到達/重返, 等待人數: 18/18
[Global EQ] 啟動 Leader SAT 尋找反例
[Table] MQ/CE SAT 填 hash=0x2d83d94f407d5158
[Barrier] Learner 17 到達/重返, 等待人數: 1/18
[Barrier] Learner 6 到達/重返, 等待人數: 2/18
[Barrier] Learner 14 到達/重返, 等待人數: 3/18
[Barrier] Learner 15 到達/重返, 等待人數: 4/18
[Barrier] Learner 2 到達/重返, 等待人數: 5/18
[Barrier] Learner 13 到達/重返, 等待人數: 6/18
[Barrier] Learner 4 到達/重返, 等待人數: 7/18
[Barrier] Learner 8 到達/重返, 等待人數: 8/18
[Barrier] Learner 1 到達/重返, 等待人數: 9/18
[Barrier] Learner 16 到達/重返, 等待人數: 10/18
[Barrier] Learner 0 到達/重返, 等待人數: 11/18
[Barrier] Learner 9 到達/重返, 等待人數: 12/18
[Barrier] Learner 12 到達/重返, 等待人數: 13/18
[Barrier] Learner 10 到達/重返, 等待人數: 14/18
[Barrier] Learner 11 到達/重返, 等待人數: 15/18
[Barrier] Learner 7 到達/重返, 等待人數: 16/18
[Barrier] Learner 5 到達/重返, 等待人數: 17/18
[Barrier] Learner 3 到達/重返, 等待人數: 18/18
[Global EQ] 啟動 Leader SAT 尋找反例
[Table] MQ/CE SAT 填 hash=0x2cfb033e9834da68
[Barrier] Learner 3 到達/重返, 等待人數: 1/18
[Barrier] Learner 6 到達/重返, 等待人數: 2/18
[Barrier] Learner 4 到達/重返, 等待人數: 3/18
[Barrier] Learner 10 到達/重返, 等待人數: 4/18
[Barrier] Learner 15 到達/重返, 等待人數: 5/18
[Barrier] Learner 0 到達/重返, 等待人數: 6/18
[Barrier] Learner 17 到達/重返, 等待人數: 7/18
[Barrier] Learner 2 到達/重返, 等待人數: 8/18
[Barrier] Learner 8 到達/重返, 等待人數: 9/18
[Barrier] Learner 16 到達/重返, 等待人數: 10/18
[Barrier] Learner 1 到達/重返, 等待人數: 11/18
[Barrier] Learner 12 到達/重返, 等待人數: 12/18
[Barrier] Learner 14 到達/重返, 等待人數: 13/18
[Barrier] Learner 11 到達/重返, 等待人數: 14/18
[Barrier] Learner 5 到達/重返, 等待人數: 15/18
[Barrier] Learner 13 到達/重返, 等待人數: 16/18
[Barrier] Learner 7 到達/重返, 等待人數: 17/18
[Barrier] Learner 9 到達/重返, 等待人數: 18/18
[Global EQ] 啟動 Leader SAT 尋找反例
[Table] MQ/CE SAT 填 hash=0xa1a3d822e6f1791
[Barrier] Learner 9 到達/重返, 等待人數: 1/18
[Barrier] Learner 1 到達/重返, 等待人數: 2/18
[Barrier] Learner 17 到達/重返, 等待人數: 3/18
[Barrier] Learner 6 到達/重返, 等待人數: 4/18
[Barrier] Learner 5 到達/重返, 等待人數: 5/18
[Barrier] Learner 12 到達/重返, 等待人數: 6/18
[Barrier] Learner 11 到達/重返, 等待人數: 7/18
[Barrier] Learner 2 到達/重返, 等待人數: 8/18
[Barrier] Learner 15 到達/重返, 等待人數: 9/18
[Barrier] Learner 3 到達/重返, 等待人數: 10/18
[Barrier] Learner 16 到達/重返, 等待人數: 11/18
[Barrier] Learner 4 到達/重返, 等待人數: 12/18
[Barrier] Learner 13 到達/重返, 等待人數: 13/18
[Barrier] Learner 10 到達/重返, 等待人數: 14/18
[Barrier] Learner 14 到達/重返, 等待人數: 15/18
[Barrier] Learner 8 到達/重返, 等待人數: 16/18
[Barrier] Learner 7 到達/重返, 等待人數: 17/18
[Table] MQ/CE SAT 填 hash=0x5f41f6274bac4541
[Barrier] Learner 0 到達/重返, 等待人數: 18/18
[Global EQ] 啟動 Leader SAT 尋找反例
[Table] MQ/CE SAT 填 hash=0x8199e5d30d299128
[Barrier] Learner 0 到達/重返, 等待人數: 1/18
[Barrier] Learner 9 到達/重返, 等待人數: 2/18
[Barrier] Learner 17 到達/重返, 等待人數: 3/18
[Barrier] Learner 16 到達/重返, 等待人數: 4/18
[Barrier] Learner 13 到達/重返, 等待人數: 5/18
[Barrier] Learner 10 到達/重返, 等待人數: 6/18
[Barrier] Learner 2 到達/重返, 等待人數: 7/18
[Barrier] Learner 14 到達/重返, 等待人數: 8/18
[Barrier] Learner 3 到達/重返, 等待人數: 9/18
[Barrier] Learner 6 到達/重返, 等待人數: 10/18
[Barrier] Learner 15 到達/重返, 等待人數: 11/18
[Barrier] Learner 11 到達/重返, 等待人數: 12/18
[Barrier] Learner 1 到達/重返, 等待人數: 13/18
[Barrier] Learner 4 到達/重返, 等待人數: 14/18
[Barrier] Learner 12 到達/重返, 等待人數: 15/18
[Barrier] Learner 5 到達/重返, 等待人數: 16/18
[Barrier] Learner 8 到達/重返, 等待人數: 17/18
[Barrier] Learner 7 到達/重返, 等待人數: 18/18
[Global EQ] 啟動 Leader SAT 尋找反例
[Table] MQ/CE SAT 填 hash=0xc77fbb2a29ec4ec8
[Barrier] Learner 17 到達/重返, 等待人數: 1/18
[Barrier] Learner 2 到達/重返, 等待人數: 2/18
[Barrier] Learner 5 到達/重返, 等待人數: 3/18
[Barrier] Learner 6 到達/重返, 等待人數: 4/18
[Barrier] Learner 4 到達/重返, 等待人數: 5/18
[Barrier] Learner 1 到達/重返, 等待人數: 6/18
[Barrier] Learner 0 到達/重返, 等待人數: 7/18
[Barrier] Learner 3 到達/重返, 等待人數: 8/18
[Barrier] Learner 13 到達/重返, 等待人數: 9/18
[Barrier] Learner 14 到達/重返, 等待人數: 10/18
[Barrier] Learner 11 到達/重返, 等待人數: 11/18
[Barrier] Learner 10 到達/重返, 等待人數: 12/18
[Barrier] Learner 16 到達/重返, 等待人數: 13/18
[Barrier] Learner 8 到達/重返, 等待人數: 14/18
[Barrier] Learner 12 到達/重返, 等待人數: 15/18
[Barrier] Learner 15 到達/重返, 等待人數: 16/18
[Barrier] Learner 9 到達/重返, 等待人數: 17/18
[Table] MQ/CE SAT 填 hash=0x72e0d895b4f79808
[Table] MQ/CE SAT 填 hash=0x1d3049dfef71f368
[Table] MQ/CE SAT 填 hash=0xc808913ad234c5b8
[Table] MQ/CE SAT 填 hash=0x2c722d2defec6378
[Barrier] Learner 7 到達/重返, 等待人數: 18/18
[Global EQ] 啟動 Leader SAT 尋找反例
[Barrier] Learner 8 到達/重返, 等待人數: 1/18
[Barrier] Learner 2 到達/重返, 等待人數: 2/18
[Barrier] Learner 9 到達/重返, 等待人數: 3/18
[Barrier] Learner 11 到達/重返, 等待人數: 4/18
[Barrier] Learner 7 到達/重返, 等待人數: 5/18
[Barrier] Learner 0 到達/重返, 等待人數: 6/18
[Barrier] Learner 1 到達/重返, 等待人數: 7/18
[Barrier] Learner 10 到達/重返, 等待人數: 8/18
[Barrier] Learner 14 到達/重返, 等待人數: 9/18
[Barrier] Learner 16 到達/重返, 等待人數: 10/18
[Barrier] Learner 15 到達/重返, 等待人數: 11/18
[Barrier] Learner 17 到達/重返, 等待人數: 12/18
[Barrier] Learner 3 到達/重返, 等待人數: 13/18
[Barrier] Learner 5 到達/重返, 等待人數: 14/18
[Barrier] Learner 4 到達/重返, 等待人數: 15/18
[Barrier] Learner 6 到達/重返, 等待人數: 16/18
[Barrier] Learner 13 到達/重返, 等待人數: 17/18
[Barrier] Learner 12 到達/重返, 等待人數: 18/18
[Global EQ] 啟動 Leader SAT 尋找反例
[Table] MQ/CE SAT 填 hash=0xe5fdd7eb84cb8b05
[Barrier] Learner 12 到達/重返, 等待人數: 1/18
[Barrier] Learner 2 到達/重返, 等待人數: 2/18
[Barrier] Learner 9 到達/重返, 等待人數: 3/18
[Barrier] Learner 11 到達/重返, 等待人數: 4/18
[Barrier] Learner 0 到達/重返, 等待人數: 5/18
[Barrier] Learner 15 到達/重返, 等待人數: 6/18
[Barrier] Learner 10 到達/重返, 等待人數: 7/18
[Barrier] Learner 8 到達/重返, 等待人數: 8/18
[Barrier] Learner 3 到達/重返, 等待人數: 9/18
[Barrier] Learner 1 到達/重返, 等待人數: 10/18
[Barrier] Learner 5 到達/重返, 等待人數: 11/18
[Barrier] Learner 4 到達/重返, 等待人數: 12/18
[Barrier] Learner 14 到達/重返, 等待人數: 13/18
[Barrier] Learner 16 到達/重返, 等待人數: 14/18
[Barrier] Learner 13 到達/重返, 等待人數: 15/18
[Barrier] Learner 7 到達/重返, 等待人數: 16/18
[Barrier] Learner 17 到達/重返, 等待人數: 17/18
[Table] MQ/CE SAT 填 hash=0x73a4471fcd047221
[Table] MQ/CE SAT 填 hash=0x970de2ecdf12abe8
[Table] MQ/CE SAT 填 hash=0xebacc581540762a8
[Table] MQ/CE SAT 填 hash=0x415d5437198d0748
[Barrier] Learner 6 到達/重返, 等待人數: 18/18
[Global EQ] 啟動 Leader SAT 尋找反例
[Barrier] Learner 6 到達/重返, 等待人數: 1/18
[Barrier] Learner 9 到達/重返, 等待人數: 2/18
[Barrier] Learner 1 到達/重返, 等待人數: 3/18
[Barrier] Learner 8 到達/重返, 等待人數: 4/18
[Barrier] Learner 3 到達/重返, 等待人數: 5/18
[Barrier] Learner 5 到達/重返, 等待人數: 6/18
[Barrier] Learner 12 到達/重返, 等待人數: 7/18
[Barrier] Learner 13 到達/重返, 等待人數: 8/18
[Barrier] Learner 2 到達/重返, 等待人數: 9/18
[Barrier] Learner 10 到達/重返, 等待人數: 10/18
[Barrier] Learner 11 到達/重返, 等待人數: 11/18
[Barrier] Learner 14 到達/重返, 等待人數: 12/18
[Barrier] Learner 16 到達/重返, 等待人數: 13/18
[Barrier] Learner 17 到達/重返, 等待人數: 14/18
[Barrier] Learner 7 到達/重返, 等待人數: 15/18
[Barrier] Learner 15 到達/重返, 等待人數: 16/18
[Barrier] Learner 4 到達/重返, 等待人數: 17/18
[Table] MQ/CE SAT 填 hash=0x7c73ce4de6363075
[Table] MQ/CE SAT 填 hash=0xd112b0e25b2ae735
[Table] MQ/CE SAT 填 hash=0x7b62222c95a54295
[Table] MQ/CE SAT 填 hash=0xd089dad1b2e27045
[Barrier] Learner 0 到達/重返, 等待人數: 18/18
[Global EQ] 啟動 Leader SAT 尋找反例
[Table] MQ/CE SAT 填 hash=0x1d6a312c20efbb0b
[Barrier] Learner 0 到達/重返, 等待人數: 1/18
[Barrier] Learner 6 到達/重返, 等待人數: 2/18
[Barrier] Learner 3 到達/重返, 等待人數: 3/18
[Barrier] Learner 7 到達/重返, 等待人數: 4/18
[Barrier] Learner 10 到達/重返, 等待人數: 5/18
[Barrier] Learner 8 到達/重返, 等待人數: 6/18
[Barrier] Learner 1 到達/重返, 等待人數: 7/18
[Barrier] Learner 13 到達/重返, 等待人數: 8/18
[Barrier] Learner 9 到達/重返, 等待人數: 9/18
[Barrier] Learner 17 到達/重返, 等待人數: 10/18
[Barrier] Learner 16 到達/重返, 等待人數: 11/18
[Barrier] Learner 14 到達/重返, 等待人數: 12/18
[Barrier] Learner 15 到達/重返, 等待人數: 13/18
[Barrier] Learner 11 到達/重返, 等待人數: 14/18
[Barrier] Learner 4 到達/重返, 等待人數: 15/18
[Barrier] Learner 2 到達/重返, 等待人數: 16/18
[Barrier] Learner 12 到達/重返, 等待人數: 17/18
[Barrier] Learner 5 到達/重返, 等待人數: 18/18
[Global EQ] 啟動 Leader SAT 尋找反例
[Barrier] Learner 5 到達/重返, 等待人數: 1/18
[Barrier] Learner 2 到達/重返, 等待人數: 2/18
[Barrier] Learner 4 到達/重返, 等待人數: 3/18
[Barrier] Learner 11 到達/重返, 等待人數: 4/18
[Barrier] Learner 6 到達/重返, 等待人數: 5/18
[Barrier] Learner 13 到達/重返, 等待人數: 6/18
[Barrier] Learner 7 到達/重返, 等待人數: 7/18
[Barrier] Learner 14 到達/重返, 等待人數: 8/18
[Barrier] Learner 10 到達/重返, 等待人數: 9/18
[Barrier] Learner 1 到達/重返, 等待人數: 10/18
[Barrier] Learner 16 到達/重返, 等待人數: 11/18
[Barrier] Learner 15 到達/重返, 等待人數: 12/18
[Barrier] Learner 9 到達/重返, 等待人數: 13/18
[Barrier] Learner 8 到達/重返, 等待人數: 14/18
[Barrier] Learner 12 到達/重返, 等待人數: 15/18
[Barrier] Learner 3 到達/重返, 等待人數: 16/18
[Barrier] Learner 0 到達/重返, 等待人數: 17/18
[Table] MQ/CE SAT 填 hash=0xfed16317daadf341
[Table] MQ/CE SAT 填 hash=0xa80f2840c49760c1
[Barrier] Learner 17 到達/重返, 等待人數: 18/18
[Global EQ] 啟動 Leader SAT 尋找反例
[Table] MQ/CE SAT 填 hash=0xb5c5214c8c727d77
[Barrier] Learner 17 到達/重返, 等待人數: 1/18
[Barrier] Learner 3 到達/重返, 等待人數: 2/18
[Barrier] Learner 7 到達/重返, 等待人數: 3/18
[Barrier] Learner 4 到達/重返, 等待人數: 4/18
[Barrier] Learner 6 到達/重返, 等待人數: 5/18
[Barrier] Learner 10 到達/重返, 等待人數: 6/18
[Barrier] Learner 2 到達/重返, 等待人數: 7/18
[Barrier] Learner 9 到達/重返, 等待人數: 8/18
[Barrier] Learner 8 到達/重返, 等待人數: 9/18
[Barrier] Learner 0 到達/重返, 等待人數: 10/18
[Barrier] Learner 5 到達/重返, 等待人數: 11/18
[Barrier] Learner 16 到達/重返, 等待人數: 12/18
[Barrier] Learner 13 到達/重返, 等待人數: 13/18
[Barrier] Learner 1 到達/重返, 等待人數: 14/18
[Barrier] Learner 15 到達/重返, 等待人數: 15/18
[Barrier] Learner 11 到達/重返, 等待人數: 16/18
[Table] MQ/CE SAT 填 hash=0xd111ffb51ce44baf
[Table] MQ/CE SAT 填 hash=0x5eb86ee9651d32cb
[Table] MQ/CE SAT 填 hash=0x894c4b3bf3bbc9a3
[Table] MQ/CE SAT 填 hash=0xc3f9cfb1a1e7f6c8
[Barrier] Learner 14 到達/重返, 等待人數: 17/18
[Barrier] Learner 12 到達/重返, 等待人數: 18/18
[Global EQ] 啟動 Leader SAT 尋找反例
[Barrier] Learner 9 到達/重返, 等待人數: 1/18
[Barrier] Learner 3 到達/重返, 等待人數: 2/18
[Barrier] Learner 7 到達/重返, 等待人數: 3/18
[Barrier] Learner 17 到達/重返, 等待人數: 4/18
[Barrier] Learner 15 到達/重返, 等待人數: 5/18
[Barrier] Learner 1 到達/重返, 等待人數: 6/18
[Barrier] Learner 12 到達/重返, 等待人數: 7/18
[Barrier] Learner 8 到達/重返, 等待人數: 8/18
[Barrier] Learner 13 到達/重返, 等待人數: 9/18
[Barrier] Learner 11 到達/重返, 等待人數: 10/18
[Barrier] Learner 0 到達/重返, 等待人數: 11/18
[Barrier] Learner 16 到達/重返, 等待人數: 12/18
[Barrier] Learner 4 到達/重返, 等待人數: 13/18
[Barrier] Learner 5 到達/重返, 等待人數: 14/18
[Barrier] Learner 14 到達/重返, 等待人數: 15/18
[Barrier] Learner 2 到達/重返, 等待人數: 16/18
[Barrier] Learner 10 到達/重返, 等待人數: 17/18
[Table] MQ/CE SAT 填 hash=0x14ab654153d593d
[Table] MQ/CE SAT 填 hash=0x24b45221274b9304
[Table] MQ/CE SAT 填 hash=0x795334b59c4049c4
[Table] MQ/CE SAT 填 hash=0xcf03c36b61c5ee64
[Table] MQ/CE SAT 填 hash=0x6dd62a47b243bb1c
[Table] MQ/CE SAT 填 hash=0x3328a5d204178df7
[Barrier] Learner 6 到達/重返, 等待人數: 18/18
[Global EQ] 啟動 Leader SAT 尋找反例
[Table] MQ/CE SAT 填 hash=0xe8f30cb42795b060
[Barrier] Learner 6 到達/重返, 等待人數: 1/18
[Barrier] Learner 7 到達/重返, 等待人數: 2/18
[Barrier] Learner 17 到達/重返, 等待人數: 3/18
[Barrier] Learner 2 到達/重返, 等待人數: 4/18
[Barrier] Learner 9 到達/重返, 等待人數: 5/18
[Barrier] Learner 5 到達/重返, 等待人數: 6/18
[Barrier] Learner 8 到達/重返, 等待人數: 7/18
[Barrier] Learner 15 到達/重返, 等待人數: 8/18
[Barrier] Learner 16 到達/重返, 等待人數: 9/18
[Barrier] Learner 12 到達/重返, 等待人數: 10/18
[Barrier] Learner 14 到達/重返, 等待人數: 11/18
[Barrier] Learner 0 到達/重返, 等待人數: 12/18
[Barrier] Learner 10 到達/重返, 等待人數: 13/18
[Barrier] Learner 11 到達/重返, 等待人數: 14/18
[Table] MQ/CE SAT 填 hash=0xa21fd51a03793cd2
[Table] MQ/CE SAT 填 hash=0x7eb6394cf16b030b
[Table] MQ/CE SAT 填 hash=0xd3551be1665fb9cb
[Table] MQ/CE SAT 填 hash=0x7da48d2ba0da152b
[Table] MQ/CE SAT 填 hash=0x92ee7b54e8296097
[Table] MQ/CE SAT 填 hash=0xcd9bffca96558dbc
[Table] MQ/CE SAT 填 hash=0xee431ea9386c499c
[Table] MQ/CE SAT 填 hash=0xfe96ae188977a78c
[Barrier] Learner 4 到達/重返, 等待人數: 15/18
[Barrier] Learner 3 到達/重返, 等待人數: 16/18
[Barrier] Learner 13 到達/重返, 等待人數: 17/18
[Barrier] Learner 1 到達/重返, 等待人數: 18/18
[Global EQ] 啟動 Leader SAT 尋找反例
[Barrier] Learner 1 到達/重返, 等待人數: 1/18
[Barrier] Learner 0 到達/重返, 等待人數: 2/18
[Barrier] Learner 15 到達/重返, 等待人數: 3/18
[Barrier] Learner 17 到達/重返, 等待人數: 4/18
[Barrier] Learner 13 到達/重返, 等待人數: 5/18
[Barrier] Learner 2 到達/重返, 等待人數: 6/18
[Barrier] Learner 4 到達/重返, 等待人數: 7/18
[Barrier] Learner 10 到達/重返, 等待人數: 8/18
[Barrier] Learner 16 到達/重返, 等待人數: 9/18
[Barrier] Learner 12 到達/重返, 等待人數: 10/18
[Barrier] Learner 6 到達/重返, 等待人數: 11/18
[Barrier] Learner 8 到達/重返, 等待人數: 12/18
[Barrier] Learner 5 到達/重返, 等待人數: 13/18
[Barrier] Learner 14 到達/重返, 等待人數: 14/18
[Barrier] Learner 7 到達/重返, 等待人數: 15/18
[Barrier] Learner 11 到達/重返, 等待人數: 16/18
[Barrier] Learner 3 到達/重返, 等待人數: 17/18
[Table] MQ/CE SAT 填 hash=0xe6b0a1b51c60ddca
[Table] MQ/CE SAT 填 hash=0xc34705e80a52a403
[Table] MQ/CE SAT 填 hash=0x17e5e87c7f475ac3
[Table] MQ/CE SAT 填 hash=0xc23559c6b9c1b623
[Table] MQ/CE SAT 填 hash=0x175d126bd6fee3d3
[Table] MQ/CE SAT 填 hash=0x2ca700951e4e2f3f
[Table] MQ/CE SAT 填 hash=0xc67322eddc775cc4
[Table] MQ/CE SAT 填 hash=0xa7ef5c51db827ca4
[Table] MQ/CE SAT 填 hash=0x40d9920b74608c34
[Barrier] Learner 9 到達/重返, 等待人數: 18/18
[Global EQ] 啟動 Leader SAT 尋找反例
[Table] MQ/CE SAT 填 hash=0xeac3b17570cc7645
[Barrier] Learner 9 到達/重返, 等待人數: 1/18
[Barrier] Learner 3 到達/重返, 等待人數: 2/18
[Barrier] Learner 15 到達/重返, 等待人數: 3/18
[Barrier] Learner 17 到達/重返, 等待人數: 4/18
[Barrier] Learner 5 到達/重返, 等待人數: 5/18
[Barrier] Learner 0 到達/重返, 等待人數: 6/18
[Barrier] Learner 11 到達/重返, 等待人數: 7/18
[Barrier] Learner 13 到達/重返, 等待人數: 8/18
[Barrier] Learner 16 到達/重返, 等待人數: 9/18
[Barrier] Learner 12 到達/重返, 等待人數: 10/18
[Barrier] Learner 2 到達/重返, 等待人數: 11/18
[Barrier] Learner 6 到達/重返, 等待人數: 12/18
[Barrier] Learner 7 到達/重返, 等待人數: 13/18
[Barrier] Learner 1 到達/重返, 等待人數: 14/18
[Barrier] Learner 4 到達/重返, 等待人數: 15/18
[Barrier] Learner 14 到達/重返, 等待人數: 16/18
[Barrier] Learner 8 到達/重返, 等待人數: 17/18
[Table] MQ/CE SAT 填 hash=0x6108fde013e447d
[Table] MQ/CE SAT 填 hash=0xbf3d5843dd21d0ef
[Table] MQ/CE SAT 填 hash=0xa9f36a1a95d28583
[Table] MQ/CE SAT 填 hash=0xe4a0ee9043feb2a8
[Table] MQ/CE SAT 填 hash=0x62047315bba3c328
[Barrier] Learner 10 到達/重返, 等待人數: 18/18
[Global EQ] 啟動 Leader SAT 尋找反例
[Table] MQ/CE SAT 填 hash=0x84b9ce3e18d8dc53
[Barrier] Learner 10 到達/重返, 等待人數: 1/18
[Barrier] Learner 6 到達/重返, 等待人數: 2/18
[Barrier] Learner 2 到達/重返, 等待人數: 3/18
[Barrier] Learner 15 到達/重返, 等待人數: 4/18
[Barrier] Learner 8 到達/重返, 等待人數: 5/18
[Barrier] Learner 9 到達/重返, 等待人數: 6/18
[Barrier] Learner 7 到達/重返, 等待人數: 7/18
[Barrier] Learner 17 到達/重返, 等待人數: 8/18
[Barrier] Learner 5 到達/重返, 等待人數: 9/18
[Barrier] Learner 1 到達/重返, 等待人數: 10/18
[Barrier] Learner 4 到達/重返, 等待人數: 11/18
[Barrier] Learner 16 到達/重返, 等待人數: 12/18
[Barrier] Learner 0 到達/重返, 等待人數: 13/18
[Barrier] Learner 12 到達/重返, 等待人數: 14/18
[Barrier] Learner 3 到達/重返, 等待人數: 15/18
[Barrier] Learner 11 到達/重返, 等待人數: 16/18
[Barrier] Learner 13 到達/重返, 等待人數: 17/18
[Table] MQ/CE SAT 填 hash=0xa006aca6a94aaa8b
[Table] MQ/CE SAT 填 hash=0xca9a88f937e94163
[Table] MQ/CE SAT 填 hash=0x5480d6ee6156e88
[Table] MQ/CE SAT 填 hash=0x12603d726111c36f
[Table] MQ/CE SAT 填 hash=0x35c9d93f731ffd36
[Table] MQ/CE SAT 填 hash=0x8a68bbd3e814b3f6
[Table] MQ/CE SAT 填 hash=0x34b82d1e228f0f56
[Table] MQ/CE SAT 填 hash=0x5f4c0970b12da62e
[Table] MQ/CE SAT 填 hash=0x5326564c3b3d5fc5
[Barrier] Learner 14 到達/重返, 等待人數: 18/18
[Global EQ] 啟動 Leader SAT 尋找反例
[Table] MQ/CE SAT 填 hash=0x91cb7ffcd370ac91
[Barrier] Learner 8 到達/重返, 等待人數: 1/18
[Barrier] Learner 0 到達/重返, 等待人數: 2/18
[Barrier] Learner 14 到達/重返, 等待人數: 3/18
[Barrier] Learner 1 到達/重返, 等待人數: 4/18
[Barrier] Learner 17 到達/重返, 等待人數: 5/18
[Barrier] Learner 11 到達/重返, 等待人數: 6/18
[Barrier] Learner 7 到達/重返, 等待人數: 7/18
[Barrier] Learner 2 到達/重返, 等待人數: 8/18
[Barrier] Learner 6 到達/重返, 等待人數: 9/18
[Barrier] Learner 3 到達/重返, 等待人數: 10/18
[Barrier] Learner 12 到達/重返, 等待人數: 11/18
[Barrier] Learner 10 到達/重返, 等待人數: 12/18
[Barrier] Learner 16 到達/重返, 等待人數: 13/18
[Barrier] Learner 5 到達/重返, 等待人數: 14/18
[Barrier] Learner 4 到達/重返, 等待人數: 15/18
[Barrier] Learner 13 到達/重返, 等待人數: 16/18
[Barrier] Learner 15 到達/重返, 等待人數: 17/18
[Table] MQ/CE SAT 填 hash=0xad185e6563e27ac9
[Table] MQ/CE SAT 填 hash=0xd081fa3275f0b490
[Table] MQ/CE SAT 填 hash=0x4de57eb7ed95c510
[Barrier] Learner 9 到達/重返, 等待人數: 18/18
[Global EQ] 啟動 Leader SAT 尋找反例
[Barrier] Learner 9 到達/重返, 等待人數: 1/18
[Barrier] Learner 1 到達/重返, 等待人數: 2/18
[Barrier] Learner 5 到達/重返, 等待人數: 3/18
[Barrier] Learner 6 到達/重返, 等待人數: 4/18
[Barrier] Learner 8 到達/重返, 等待人數: 5/18
[Barrier] Learner 16 到達/重返, 等待人數: 6/18
[Barrier] Learner 7 到達/重返, 等待人數: 7/18
[Barrier] Learner 0 到達/重返, 等待人數: 8/18
[Barrier] Learner 12 到達/重返, 等待人數: 9/18
[Barrier] Learner 14 到達/重返, 等待人數: 10/18
[Barrier] Learner 15 到達/重返, 等待人數: 11/18
[Barrier] Learner 11 到達/重返, 等待人數: 12/18
[Barrier] Learner 17 到達/重返, 等待人數: 13/18
[Barrier] Learner 13 到達/重返, 等待人數: 14/18
[Barrier] Learner 10 到達/重返, 等待人數: 15/18
[Barrier] Learner 2 到達/重返, 等待人數: 16/18
[Barrier] Learner 4 到達/重返, 等待人數: 17/18
[Table] MQ/CE SAT 填 hash=0x48d0b7b7d0ef1f90
[Table] MQ/CE SAT 填 hash=0x1fd801dacd2ac02
[Table] MQ/CE SAT 填 hash=0x569c62b221c762c2
[Table] MQ/CE SAT 填 hash=0xebd3fc5c41be22
[Table] MQ/CE SAT 填 hash=0x56138ca1797eebd2
[Table] MQ/CE SAT 填 hash=0x34c3bdf99fea9ace
[Table] MQ/CE SAT 填 hash=0x87bca8b839f754c5
[Table] MQ/CE SAT 填 hash=0xa592432c2524445
[Table] MQ/CE SAT 填 hash=0xebd55d96c15d6425
[Barrier] Learner 3 到達/重返, 等待人數: 18/18
[Global EQ] 啟動 Leader SAT 尋找反例
[Barrier] Learner 8 到達/重返, 等待人數: 1/18
[Barrier] Learner 0 到達/重返, 等待人數: 2/18
[Barrier] Learner 7 到達/重返, 等待人數: 3/18
[Barrier] Learner 16 到達/重返, 等待人數: 4/18
[Barrier] Learner 11 到達/重返, 等待人數: 5/18
[Barrier] Learner 17 到達/重返, 等待人數: 6/18
[Barrier] Learner 15 到達/重返, 等待人數: 7/18
[Barrier] Learner 9 到達/重返, 等待人數: 8/18
[Barrier] Learner 10 到達/重返, 等待人數: 9/18
[Barrier] Learner 14 到達/重返, 等待人數: 10/18
[Barrier] Learner 12 到達/重返, 等待人數: 11/18
[Barrier] Learner 5 到達/重返, 等待人數: 12/18
[Barrier] Learner 2 到達/重返, 等待人數: 13/18
[Barrier] Learner 6 到達/重返, 等待人數: 14/18
[Table] MQ/CE SAT 填 hash=0xcda62e4b9723e228
[Table] MQ/CE SAT 填 hash=0xaa3c927e8515a861
[Table] MQ/CE SAT 填 hash=0x2cd90df90d7097e1
[Barrier] Learner 3 到達/重返, 等待人數: 15/18
[Barrier] Learner 4 到達/重返, 等待人數: 16/18
[Barrier] Learner 13 到達/重返, 等待人數: 17/18
[Barrier] Learner 1 到達/重返, 等待人數: 18/18
[Global EQ] 啟動 Leader SAT 尋找反例
[Barrier] Learner 1 到達/重返, 等待人數: 1/18
[Barrier] Learner 0 到達/重返, 等待人數: 2/18
[Barrier] Learner 8 到達/重返, 等待人數: 3/18
[Barrier] Learner 10 到達/重返, 等待人數: 4/18
[Barrier] Learner 5 到達/重返, 等待人數: 5/18
[Barrier] Learner 7 到達/重返, 等待人數: 6/18
[Barrier] Learner 9 到達/重返, 等待人數: 7/18
[Barrier] Learner 2 到達/重返, 等待人數: 8/18
[Barrier] Learner 15 到達/重返, 等待人數: 9/18
[Barrier] Learner 13 到達/重返, 等待人數: 10/18
[Barrier] Learner 16 到達/重返, 等待人數: 11/18
[Barrier] Learner 12 到達/重返, 等待人數: 12/18
[Barrier] Learner 17 到達/重返, 等待人數: 13/18
[Barrier] Learner 11 到達/重返, 等待人數: 14/18
[Barrier] Learner 6 到達/重返, 等待人數: 15/18
[Barrier] Learner 3 到達/重返, 等待人數: 16/18
[Barrier] Learner 4 到達/重返, 等待人數: 17/18
[Table] MQ/CE SAT 填 hash=0xcb8d05d83cf54fe1
[Table] MQ/CE SAT 填 hash=0x202be86cb1ea06a1
[Table] MQ/CE SAT 填 hash=0xca7b59b6ec646201
[Table] MQ/CE SAT 填 hash=0x2ba8f2da9be69549
[Barrier] Learner 14 到達/重返, 等待人數: 18/18
[Global EQ] 啟動 Leader SAT 尋找反例
[Barrier] Learner 7 到達/重返, 等待人數: 1/18
[Barrier] Learner 8 到達/重返, 等待人數: 2/18
[Barrier] Learner 4 到達/重返, 等待人數: 3/18
[Barrier] Learner 14 到達/重返, 等待人數: 4/18
[Barrier] Learner 1 到達/重返, 等待人數: 5/18
[Barrier] Learner 13 到達/重返, 等待人數: 6/18
[Barrier] Learner 5 到達/重返, 等待人數: 7/18
[Barrier] Learner 12 到達/重返, 等待人數: 8/18
[Barrier] Learner 11 到達/重返, 等待人數: 9/18
[Barrier] Learner 6 到達/重返, 等待人數: 10/18
[Barrier] Learner 17 到達/重返, 等待人數: 11/18
[Barrier] Learner 9 到達/重返, 等待人數: 12/18
[Barrier] Learner 16 到達/重返, 等待人數: 13/18
[Barrier] Learner 0 到達/重返, 等待人數: 14/18
[Barrier] Learner 3 到達/重返, 等待人數: 15/18
[Barrier] Learner 15 到達/重返, 等待人數: 16/18
[Barrier] Learner 2 到達/重返, 等待人數: 17/18
[Table] MQ/CE SAT 填 hash=0x297a2bab134c7e44
[Table] MQ/CE SAT 填 hash=0xd4db49169e57c784
[Table] MQ/CE SAT 填 hash=0x2a8bd7cc63dd6c24
[Barrier] Learner 10 到達/重返, 等待人數: 18/18
[Global EQ] 啟動 Leader SAT 尋找反例
[Table] MQ/CE SAT 填 hash=0x968a20c139e630d4
[Barrier] Learner 10 到達/重返, 等待人數: 1/18
[Barrier] Learner 14 到達/重返, 等待人數: 2/18
[Barrier] Learner 2 到達/重返, 等待人數: 3/18
[Barrier] Learner 15 到達/重返, 等待人數: 4/18
[Barrier] Learner 1 到達/重返, 等待人數: 5/18
[Barrier] Learner 9 到達/重返, 等待人數: 6/18
[Barrier] Learner 6 到達/重返, 等待人數: 7/18
[Barrier] Learner 5 到達/重返, 等待人數: 8/18
[Barrier] Learner 13 到達/重返, 等待人數: 9/18
[Barrier] Learner 3 到達/重返, 等待人數: 10/18
[Barrier] Learner 17 到達/重返, 等待人數: 11/18
[Barrier] Learner 7 到達/重返, 等待人數: 12/18
[Barrier] Learner 11 到達/重返, 等待人數: 13/18
[Barrier] Learner 16 到達/重返, 等待人數: 14/18
[Barrier] Learner 12 到達/重返, 等待人數: 15/18
[Barrier] Learner 0 到達/重返, 等待人數: 16/18
[Barrier] Learner 4 到達/重返, 等待人數: 17/18
[Table] MQ/CE SAT 填 hash=0x4fb6e92715c9bd46
[Table] MQ/CE SAT 填 hash=0x2c4d4d5a03bb837f
[Table] MQ/CE SAT 填 hash=0x17035f30bc6c3813
[Table] MQ/CE SAT 填 hash=0x51b0e3a66a986538
[Table] MQ/CE SAT 填 hash=0x725802850caf2118
[Barrier] Learner 8 到達/重返, 等待人數: 18/18
[Global EQ] 啟動 Leader SAT 尋找反例
[Table] MQ/CE SAT 填 hash=0x99167718626a0a1
[Barrier] Learner 8 到達/重返, 等待人數: 1/18
[Barrier] Learner 10 到達/重返, 等待人數: 2/18
[Barrier] Learner 5 到達/重返, 等待人數: 3/18
[Barrier] Learner 9 到達/重返, 等待人數: 4/18
[Barrier] Learner 17 到達/重返, 等待人數: 5/18
[Barrier] Learner 12 到達/重返, 等待人數: 6/18
[Barrier] Learner 3 到達/重返, 等待人數: 7/18
[Barrier] Learner 14 到達/重返, 等待人數: 8/18
[Barrier] Learner 4 到達/重返, 等待人數: 9/18
[Barrier] Learner 16 到達/重返, 等待人數: 10/18
[Barrier] Learner 15 到達/重返, 等待人數: 11/18
[Barrier] Learner 13 到達/重返, 等待人數: 12/18
[Barrier] Learner 7 到達/重返, 等待人數: 13/18
[Barrier] Learner 11 到達/重返, 等待人數: 14/18
[Barrier] Learner 1 到達/重返, 等待人數: 15/18
[Barrier] Learner 2 到達/重返, 等待人數: 16/18
[Barrier] Learner 0 到達/重返, 等待人數: 17/18
[Barrier] Learner 6 到達/重返, 等待人數: 18/18
[Global EQ] 啟動 Leader SAT 尋找反例
[Barrier] Learner 6 到達/重返, 等待人數: 1/18
[Barrier] Learner 7 到達/重返, 等待人數: 2/18
[Barrier] Learner 2 到達/重返, 等待人數: 3/18
[Barrier] Learner 11 到達/重返, 等待人數: 4/18
[Barrier] Learner 1 到達/重返, 等待人數: 5/18
[Barrier] Learner 17 到達/重返, 等待人數: 6/18
[Barrier] Learner 4 到達/重返, 等待人數: 7/18
[Barrier] Learner 0 到達/重返, 等待人數: 8/18
[Barrier] Learner 13 到達/重返, 等待人數: 9/18
[Barrier] Learner 12 到達/重返, 等待人數: 10/18
[Barrier] Learner 8 到達/重返, 等待人數: 11/18
[Barrier] Learner 3 到達/重返, 等待人數: 12/18
[Barrier] Learner 10 到達/重返, 等待人數: 13/18
[Barrier] Learner 14 到達/重返, 等待人數: 14/18
[Barrier] Learner 5 到達/重返, 等待人數: 15/18
[Barrier] Learner 9 到達/重返, 等待人數: 16/18
[Barrier] Learner 16 到達/重返, 等待人數: 17/18
[Barrier] Learner 15 到達/重返, 等待人數: 18/18
[Global EQ] 啟動 Leader SAT 尋找反例
[Barrier] Learner 15 到達/重返, 等待人數: 1/18
[Barrier] Learner 5 到達/重返, 等待人數: 2/18
[Barrier] Learner 11 到達/重返, 等待人數: 3/18
[Barrier] Learner 14 到達/重返, 等待人數: 4/18
[Barrier] Learner 4 到達/重返, 等待人數: 5/18
[Barrier] Learner 3 到達/重返, 等待人數: 6/18
[Barrier] Learner 6 到達/重返, 等待人數: 7/18
[Barrier] Learner 17 到達/重返, 等待人數: 8/18
[Barrier] Learner 10 到達/重返, 等待人數: 9/18
[Barrier] Learner 16 到達/重返, 等待人數: 10/18
[Barrier] Learner 0 到達/重返, 等待人數: 11/18
[Barrier] Learner 12 到達/重返, 等待人數: 12/18
[Barrier] Learner 8 到達/重返, 等待人數: 13/18
[Barrier] Learner 7 到達/重返, 等待人數: 14/18
[Barrier] Learner 13 到達/重返, 等待人數: 15/18
[Barrier] Learner 1 到達/重返, 等待人數: 16/18
[Barrier] Learner 9 到達/重返, 等待人數: 17/18
[Table] MQ/CE SAT 填 hash=0x7beaf83d3dedb985
[Barrier] Learner 2 到達/重返, 等待人數: 18/18
[Global EQ] 啟動 Leader SAT 尋找反例
[Barrier] Learner 2 到達/重返, 等待人數: 1/18
[Barrier] Learner 14 到達/重返, 等待人數: 2/18
[Barrier] Learner 16 到達/重返, 等待人數: 3/18
[Barrier] Learner 9 到達/重返, 等待人數: 4/18
[Barrier] Learner 6 到達/重返, 等待人數: 5/18
[Barrier] Learner 0 到達/重返, 等待人數: 6/18
[Barrier] Learner 12 到達/重返, 等待人數: 7/18
[Barrier] Learner 11 到達/重返, 等待人數: 8/18
[Barrier] Learner 7 到達/重返, 等待人數: 9/18
[Barrier] Learner 17 到達/重返, 等待人數: 10/18
[Barrier] Learner 1 到達/重返, 等待人數: 11/18
[Barrier] Learner 15 到達/重返, 等待人數: 12/18
[Barrier] Learner 5 到達/重返, 等待人數: 13/18
[Barrier] Learner 13 到達/重返, 等待人數: 14/18
[Barrier] Learner 10 到達/重返, 等待人數: 15/18
[Barrier] Learner 3 到達/重返, 等待人數: 16/18
[Barrier] Learner 4 到達/重返, 等待人數: 17/18
[Barrier] Learner 8 到達/重返, 等待人數: 18/18
[Global EQ] 啟動 Leader SAT 尋找反例
[Barrier] Learner 8 到達/重返, 等待人數: 1/18
[Barrier] Learner 17 到達/重返, 等待人數: 2/18
[Barrier] Learner 5 到達/重返, 等待人數: 3/18
[Barrier] Learner 15 到達/重返, 等待人數: 4/18
[Barrier] Learner 0 到達/重返, 等待人數: 5/18
[Barrier] Learner 2 到達/重返, 等待人數: 6/18
[Barrier] Learner 1 到達/重返, 等待人數: 7/18
[Barrier] Learner 13 到達/重返, 等待人數: 8/18
[Barrier] Learner 12 到達/重返, 等待人數: 9/18
[Barrier] Learner 9 到達/重返, 等待人數: 10/18
[Barrier] Learner 14 到達/重返, 等待人數: 11/18
[Barrier] Learner 3 到達/重返, 等待人數: 12/18
[Barrier] Learner 6 到達/重返, 等待人數: 13/18
[Barrier] Learner 10 到達/重返, 等待人數: 14/18
[Barrier] Learner 11 到達/重返, 等待人數: 15/18
[Barrier] Learner 7 到達/重返, 等待人數: 16/18
[Barrier] Learner 16 到達/重返, 等待人數: 17/18
[Barrier] Learner 4 到達/重返, 等待人數: 18/18
[Global EQ] 啟動 Leader SAT 尋找反例
[Barrier] Learner 4 到達/重返, 等待人數: 1/18
[Barrier] Learner 10 到達/重返, 等待人數: 2/18
[Barrier] Learner 0 到達/重返, 等待人數: 3/18
[Barrier] Learner 3 到達/重返, 等待人數: 4/18
[Barrier] Learner 16 到達/重返, 等待人數: 5/18
[Barrier] Learner 5 到達/重返, 等待人數: 6/18
[Barrier] Learner 13 到達/重返, 等待人數: 7/18
[Barrier] Learner 1 到達/重返, 等待人數: 8/18
[Barrier] Learner 14 到達/重返, 等待人數: 9/18
[Barrier] Learner 7 到達/重返, 等待人數: 10/18
[Barrier] Learner 11 到達/重返, 等待人數: 11/18
[Barrier] Learner 17 到達/重返, 等待人數: 12/18
[Barrier] Learner 15 到達/重返, 等待人數: 13/18
[Barrier] Learner 12 到達/重返, 等待人數: 14/18
[Barrier] Learner 6 到達/重返, 等待人數: 15/18
[Barrier] Learner 9 到達/重返, 等待人數: 16/18
[Barrier] Learner 2 到達/重返, 等待人數: 17/18
[Table] MQ/CE SAT 填 hash=0x7b3d4258a974629c
[Table] MQ/CE SAT 填 hash=0x57d3a68b976628d5
[Table] MQ/CE SAT 填 hash=0xda7022061fc11855
[Barrier] Learner 8 到達/重返, 等待人數: 18/18
[Global EQ] 啟動 Leader SAT 尋找反例
[Barrier] Learner 8 到達/重返, 等待人數: 1/18
[Barrier] Learner 0 到達/重返, 等待人數: 2/18
[Barrier] Learner 13 到達/重返, 等待人數: 3/18
[Barrier] Learner 3 到達/重返, 等待人數: 4/18
[Barrier] Learner 6 到達/重返, 等待人數: 5/18
[Barrier] Learner 14 到達/重返, 等待人數: 6/18
[Barrier] Learner 7 到達/重返, 等待人數: 7/18
[Barrier] Learner 1 到達/重返, 等待人數: 8/18
[Barrier] Learner 16 到達/重返, 等待人數: 9/18
[Barrier] Learner 9 到達/重返, 等待人數: 10/18
[Barrier] Learner 10 到達/重返, 等待人數: 11/18
[Barrier] Learner 5 到達/重返, 等待人數: 12/18
[Barrier] Learner 17 到達/重返, 等待人數: 13/18
[Barrier] Learner 15 到達/重返, 等待人數: 14/18
[Barrier] Learner 12 到達/重返, 等待人數: 15/18
[Barrier] Learner 11 到達/重返, 等待人數: 16/18
[Barrier] Learner 4 到達/重返, 等待人數: 17/18
[Table] MQ/CE SAT 填 hash=0xc2be2fd7620a2d13
[Table] MQ/CE SAT 填 hash=0x186ebe8d278fd1b3
[Table] MQ/CE SAT 填 hash=0x2db8acb66edf1d1f
[Table] MQ/CE SAT 填 hash=0xc784cf0f2d084aa4
[Table] MQ/CE SAT 填 hash=0xa6ddb0308af18ec4
[Barrier] Learner 2 到達/重返, 等待人數: 18/18
[Global EQ] 啟動 Leader SAT 尋找反例
[Table] MQ/CE SAT 填 hash=0xf93dd802351b42b1
[Barrier] Learner 2 到達/重返, 等待人數: 1/18
[Barrier] Learner 1 到達/重返, 等待人數: 2/18
[Barrier] Learner 6 到達/重返, 等待人數: 3/18
[Barrier] Learner 10 到達/重返, 等待人數: 4/18
[Barrier] Learner 9 到達/重返, 等待人數: 5/18
[Barrier] Learner 14 到達/重返, 等待人數: 6/18
[Barrier] Learner 16 到達/重返, 等待人數: 7/18
[Barrier] Learner 5 到達/重返, 等待人數: 8/18
[Barrier] Learner 7 到達/重返, 等待人數: 9/18
[Barrier] Learner 4 到達/重返, 等待人數: 10/18
[Barrier] Learner 8 到達/重返, 等待人數: 11/18
[Barrier] Learner 3 到達/重返, 等待人數: 12/18
[Barrier] Learner 12 到達/重返, 等待人數: 13/18
[Table] MQ/CE SAT 填 hash=0x1ca773cf47297c78
[Table] MQ/CE SAT 填 hash=0xb26aa06810fecf23
[Barrier] Learner 13 到達/重返, 等待人數: 14/18
[Barrier] Learner 15 到達/重返, 等待人數: 15/18
[Barrier] Learner 11 到達/重返, 等待人數: 16/18
[Table] MQ/CE SAT 填 hash=0xf213977cb88ae5a0
[Table] MQ/CE SAT 填 hash=0x81b2f1dd68473c3
[Table] MQ/CE SAT 填 hash=0x47c426327e108a40
[Table] MQ/CE SAT 填 hash=0x1d651d471dd3bf2f
[Table] MQ/CE SAT 填 hash=0xd16a1bccfe45d1b
[Barrier] Learner 17 到達/重返, 等待人數: 17/18
[Table] MQ/CE SAT 填 hash=0xb7313f9fdbfcecb4
[Barrier] Learner 0 到達/重返, 等待人數: 18/18
[Global EQ] 啟動 Leader SAT 尋找反例
[Barrier] Learner 0 到達/重返, 等待人數: 1/18
[Barrier] Learner 13 到達/重返, 等待人數: 2/18
[Barrier] Learner 17 到達/重返, 等待人數: 3/18
[Barrier] Learner 14 到達/重返, 等待人數: 4/18
[Barrier] Learner 1 到達/重返, 等待人數: 5/18
[Barrier] Learner 4 到達/重返, 等待人數: 6/18
[Barrier] Learner 3 到達/重返, 等待人數: 7/18
[Barrier] Learner 7 到達/重返, 等待人數: 8/18
[Barrier] Learner 11 到達/重返, 等待人數: 9/18
[Barrier] Learner 8 到達/重返, 等待人數: 10/18
[Barrier] Learner 6 到達/重返, 等待人數: 11/18
[Barrier] Learner 15 到達/重返, 等待人數: 12/18
[Barrier] Learner 16 到達/重返, 等待人數: 13/18
[Barrier] Learner 5 到達/重返, 等待人數: 14/18
[Barrier] Learner 12 到達/重返, 等待人數: 15/18
[Barrier] Learner 10 到達/重返, 等待人數: 16/18
[Barrier] Learner 2 到達/重返, 等待人數: 17/18
[Table] MQ/CE SAT 填 hash=0xc84329b441f928e1
[Barrier] Learner 9 到達/重返, 等待人數: 18/18
[Global EQ] 啟動 Leader SAT 尋找反例
[Table] MQ/CE SAT 填 hash=0x3a9cba7ff9c041c5
[Barrier] Learner 9 到達/重返, 等待人數: 1/18
[Barrier] Learner 0 到達/重返, 等待人數: 2/18
[Barrier] Learner 8 到達/重返, 等待人數: 3/18
[Barrier] Learner 17 到達/重返, 等待人數: 4/18
[Barrier] Learner 16 到達/重返, 等待人數: 5/18
[Barrier] Learner 3 到達/重返, 等待人數: 6/18
[Barrier] Learner 14 到達/重返, 等待人數: 7/18
[Barrier] Learner 10 到達/重返, 等待人數: 8/18
[Barrier] Learner 12 到達/重返, 等待人數: 9/18
[Barrier] Learner 6 到達/重返, 等待人數: 10/18
[Barrier] Learner 15 到達/重返, 等待人數: 11/18
[Barrier] Learner 11 到達/重返, 等待人數: 12/18
[Barrier] Learner 5 到達/重返, 等待人數: 13/18
[Barrier] Learner 4 到達/重返, 等待人數: 14/18
[Barrier] Learner 2 到達/重返, 等待人數: 15/18
[Barrier] Learner 1 到達/重返, 等待人數: 16/18
[Barrier] Learner 13 到達/重返, 等待人數: 17/18
[Barrier] Learner 7 到達/重返, 等待人數: 18/18
[Global EQ] 啟動 Leader SAT 尋找反例
[Barrier] Learner 7 到達/重返, 等待人數: 1/18
[Barrier] Learner 10 到達/重返, 等待人數: 2/18
[Barrier] Learner 16 到達/重返, 等待人數: 3/18
[Barrier] Learner 17 到達/重返, 等待人數: 4/18
[Barrier] Learner 0 到達/重返, 等待人數: 5/18
[Barrier] Learner 2 到達/重返, 等待人數: 6/18
[Barrier] Learner 14 到達/重返, 等待人數: 7/18
[Barrier] Learner 11 到達/重返, 等待人數: 8/18
[Barrier] Learner 13 到達/重返, 等待人數: 9/18
[Barrier] Learner 12 到達/重返, 等待人數: 10/18
[Barrier] Learner 15 到達/重返, 等待人數: 11/18
[Barrier] Learner 8 到達/重返, 等待人數: 12/18
[Barrier] Learner 5 到達/重返, 等待人數: 13/18
[Barrier] Learner 9 到達/重返, 等待人數: 14/18
[Barrier] Learner 1 到達/重返, 等待人數: 15/18
[Barrier] Learner 4 到達/重返, 等待人數: 16/18
[Barrier] Learner 6 到達/重返, 等待人數: 17/18
[Barrier] Learner 3 到達/重返, 等待人數: 18/18
[Global EQ] 啟動 Leader SAT 尋找反例
[Barrier] Learner 3 到達/重返, 等待人數: 1/18
[Barrier] Learner 10 到達/重返, 等待人數: 2/18
[Barrier] Learner 9 到達/重返, 等待人數: 3/18
[Barrier] Learner 0 到達/重返, 等待人數: 4/18
[Barrier] Learner 6 到達/重返, 等待人數: 5/18
[Barrier] Learner 1 到達/重返, 等待人數: 6/18
[Barrier] Learner 13 到達/重返, 等待人數: 7/18
[Barrier] Learner 12 到達/重返, 等待人數: 8/18
[Barrier] Learner 16 到達/重返, 等待人數: 9/18
[Barrier] Learner 11 到達/重返, 等待人數: 10/18
[Barrier] Learner 7 到達/重返, 等待人數: 11/18
[Barrier] Learner 15 到達/重返, 等待人數: 12/18
[Barrier] Learner 4 到達/重返, 等待人數: 13/18
[Barrier] Learner 2 到達/重返, 等待人數: 14/18
[Barrier] Learner 8 到達/重返, 等待人數: 15/18
[Barrier] Learner 17 到達/重返, 等待人數: 16/18
[Barrier] Learner 5 到達/重返, 等待人數: 17/18
[Table] MQ/CE SAT 填 hash=0x2cba9efbec778329
[Table] MQ/CE SAT 填 hash=0xb6ad05412e33225
[Barrier] Learner 14 到達/重返, 等待人數: 18/18
[Global EQ] 啟動 Leader SAT 尋找反例
[Table] MQ/CE SAT 填 hash=0x55cca30761d33287
[Barrier] Learner 4 到達/重返, 等待人數: 1/18
[Barrier] Learner 9 到達/重返, 等待人數: 2/18
[Barrier] Learner 13 到達/重返, 等待人數: 3/18
[Barrier] Learner 6 到達/重返, 等待人數: 4/18
[Barrier] Learner 2 到達/重返, 等待人數: 5/18
[Barrier] Learner 1 到達/重返, 等待人數: 6/18
[Barrier] Learner 12 到達/重返, 等待人數: 7/18
[Barrier] Learner 8 到達/重返, 等待人數: 8/18
[Barrier] Learner 15 到達/重返, 等待人數: 9/18
[Barrier] Learner 16 到達/重返, 等待人數: 10/18
[Barrier] Learner 11 到達/重返, 等待人數: 11/18
[Barrier] Learner 5 到達/重返, 等待人數: 12/18
[Barrier] Learner 0 到達/重返, 等待人數: 13/18
[Barrier] Learner 10 到達/重返, 等待人數: 14/18
[Barrier] Learner 3 到達/重返, 等待人數: 15/18
[Barrier] Learner 7 到達/重返, 等待人數: 16/18
[Barrier] Learner 17 到達/重返, 等待人數: 17/18
[Table] MQ/CE SAT 填 hash=0x9c9fdaa185efa615
[Table] MQ/CE SAT 填 hash=0x4800f80d10faef55
[Table] MQ/CE SAT 填 hash=0x9db186c2d68093f5
[Table] MQ/CE SAT 填 hash=0xa9b7674168c5998d
[Table] MQ/CE SAT 填 hash=0x5dd3bc470092b1b1
[Barrier] Learner 14 到達/重返, 等待人數: 18/18
[Global EQ] 啟動 Leader SAT 尋找反例
[Table] MQ/CE SAT 填 hash=0xb75b00251f82217
[Barrier] Learner 4 到達/重返, 等待人數: 1/18
[Barrier] Learner 8 到達/重返, 等待人數: 2/18
[Barrier] Learner 15 到達/重返, 等待人數: 3/18
[Barrier] Learner 9 到達/重返, 等待人數: 4/18
[Barrier] Learner 7 到達/重返, 等待人數: 5/18
[Barrier] Learner 2 到達/重返, 等待人數: 6/18
[Barrier] Learner 5 到達/重返, 等待人數: 7/18
[Barrier] Learner 0 到達/重返, 等待人數: 8/18
[Barrier] Learner 11 到達/重返, 等待人數: 9/18
[Barrier] Learner 10 到達/重返, 等待人數: 10/18
[Barrier] Learner 16 到達/重返, 等待人數: 11/18
[Barrier] Learner 6 到達/重返, 等待人數: 12/18
[Barrier] Learner 17 到達/重返, 等待人數: 13/18
[Table] MQ/CE SAT 填 hash=0x26c28e6ae269f04f
[Table] MQ/CE SAT 填 hash=0x4a2c2a37f4782a16
[Table] MQ/CE SAT 填 hash=0xb468fd9f2aa2d76b
[Table] MQ/CE SAT 填 hash=0x74c0068a8316c0ee
[Table] MQ/CE SAT 填 hash=0x907e0339f978e2b
[Table] MQ/CE SAT 填 hash=0x689a53660d267a85
[Barrier] Learner 3 到達/重返, 等待人數: 14/18
[Barrier] Learner 14 到達/重返, 等待人數: 15/18
[Barrier] Learner 12 到達/重返, 等待人數: 16/18
[Table] MQ/CE SAT 填 hash=0x991c1f369a310933
[Table] MQ/CE SAT 填 hash=0xdfef56d0be4d7cc1
[Table] MQ/CE SAT 填 hash=0x411ceff46dcfb009
[Table] MQ/CE SAT 填 hash=0x1fcd214c943b5f05
[Barrier] Learner 13 到達/重返, 等待人數: 17/18
[Barrier] Learner 1 到達/重返, 等待人數: 18/18
[Global EQ] 啟動 Leader SAT 尋找反例
[Barrier] Learner 8 到達/重返, 等待人數: 1/18
[Barrier] Learner 14 到達/重返, 等待人數: 2/18
[Barrier] Learner 15 到達/重返, 等待人數: 3/18
[Barrier] Learner 1 到達/重返, 等待人數: 4/18
[Barrier] Learner 17 到達/重返, 等待人數: 5/18
[Barrier] Learner 6 到達/重返, 等待人數: 6/18
[Barrier] Learner 5 到達/重返, 等待人數: 7/18
[Barrier] Learner 7 到達/重返, 等待人數: 8/18
[Barrier] Learner 11 到達/重返, 等待人數: 9/18
[Barrier] Learner 3 到達/重返, 等待人數: 10/18
[Barrier] Learner 16 到達/重返, 等待人數: 11/18
[Barrier] Learner 0 到達/重返, 等待人數: 12/18
[Barrier] Learner 12 到達/重返, 等待人數: 13/18
[Barrier] Learner 2 到達/重返, 等待人數: 14/18
[Barrier] Learner 10 到達/重返, 等待人數: 15/18
[Barrier] Learner 4 到達/重返, 等待人數: 16/18
[Barrier] Learner 13 到達/重返, 等待人數: 17/18
[Table] MQ/CE SAT 填 hash=0x9ce6c43b9d9b5f60
[Table] MQ/CE SAT 填 hash=0xf40550755627844
[Table] MQ/CE SAT 填 hash=0xae12bbe3a5e044fc
[Table] MQ/CE SAT 填 hash=0x7365376df7b417d7
[Table] MQ/CE SAT 填 hash=0xf601b2e8800f0757
[Barrier] Learner 9 到達/重返, 等待人數: 18/18
[Global EQ] 啟動 Leader SAT 尋找反例
[Barrier] Learner 9 到達/重返, 等待人數: 1/18
[Barrier] Learner 1 到達/重返, 等待人數: 2/18
[Barrier] Learner 2 到達/重返, 等待人數: 3/18
[Barrier] Learner 7 到達/重返, 等待人數: 4/18
[Barrier] Learner 6 到達/重返, 等待人數: 5/18
[Barrier] Learner 5 到達/重返, 等待人數: 6/18
[Barrier] Learner 11 到達/重返, 等待人數: 7/18
[Barrier] Learner 16 到達/重返, 等待人數: 8/18
[Barrier] Learner 12 到達/重返, 等待人數: 9/18
[Barrier] Learner 13 到達/重返, 等待人數: 10/18
[Barrier] Learner 0 到達/重返, 等待人數: 11/18
[Barrier] Learner 15 到達/重返, 等待人數: 12/18
[Barrier] Learner 8 到達/重返, 等待人數: 13/18
[Barrier] Learner 10 到達/重返, 等待人數: 14/18
[Barrier] Learner 4 到達/重返, 等待人數: 15/18
[Barrier] Learner 17 到達/重返, 等待人數: 16/18
[Barrier] Learner 3 到達/重返, 等待人數: 17/18
[Barrier] Learner 14 到達/重返, 等待人數: 18/18
[Global EQ] 啟動 Leader SAT 尋找反例
[Table] MQ/CE SAT 填 hash=0x61263eb8177dc6b7
[Barrier] Learner 14 到達/重返, 等待人數: 1/18
[Barrier] Learner 17 到達/重返, 等待人數: 2/18
[Barrier] Learner 9 到達/重返, 等待人數: 3/18
[Barrier] Learner 0 到達/重返, 等待人數: 4/18
[Barrier] Learner 12 到達/重返, 等待人數: 5/18
[Barrier] Learner 10 到達/重返, 等待人數: 6/18
[Barrier] Learner 16 到達/重返, 等待人數: 7/18
[Barrier] Learner 8 到達/重返, 等待人數: 8/18
[Barrier] Learner 6 到達/重返, 等待人數: 9/18
[Barrier] Learner 5 到達/重返, 等待人數: 10/18
[Barrier] Learner 15 到達/重返, 等待人數: 11/18
[Barrier] Learner 1 到達/重返, 等待人數: 12/18
[Barrier] Learner 13 到達/重返, 等待人數: 13/18
[Barrier] Learner 7 到達/重返, 等待人數: 14/18
[Barrier] Learner 11 到達/重返, 等待人數: 15/18
[Barrier] Learner 2 到達/重返, 等待人數: 16/18
[Barrier] Learner 4 到達/重返, 等待人數: 17/18
[Barrier] Learner 3 到達/重返, 等待人數: 18/18
[Global EQ] 啟動 Leader SAT 尋找反例
[Barrier] Learner 3 到達/重返, 等待人數: 1/18
[Barrier] Learner 11 到達/重返, 等待人數: 2/18
[Barrier] Learner 0 到達/重返, 等待人數: 3/18
[Barrier] Learner 6 到達/重返, 等待人數: 4/18
[Barrier] Learner 7 到達/重返, 等待人數: 5/18
[Barrier] Learner 12 到達/重返, 等待人數: 6/18
[Barrier] Learner 2 到達/重返, 等待人數: 7/18
[Barrier] Learner 10 到達/重返, 等待人數: 8/18
[Barrier] Learner 17 到達/重返, 等待人數: 9/18
[Barrier] Learner 1 到達/重返, 等待人數: 10/18
[Barrier] Learner 13 到達/重返, 等待人數: 11/18
[Barrier] Learner 16 到達/重返, 等待人數: 12/18
[Barrier] Learner 4 到達/重返, 等待人數: 13/18
[Barrier] Learner 15 到達/重返, 等待人數: 14/18
[Barrier] Learner 8 到達/重返, 等待人數: 15/18
[Barrier] Learner 5 到達/重返, 等待人數: 16/18
[Barrier] Learner 14 到達/重返, 等待人數: 17/18
[Table] MQ/CE SAT 填 hash=0xc386b8fd77c95fbc
[Table] MQ/CE SAT 填 hash=0x88d93487c99d3297
[Barrier] Learner 9 到達/重返, 等待人數: 18/18
[Global EQ] 啟動 Leader SAT 尋找反例
[Barrier] Learner 9 到達/重返, 等待人數: 1/18
[Barrier] Learner 8 到達/重返, 等待人數: 2/18
[Barrier] Learner 14 到達/重返, 等待人數: 3/18
[Barrier] Learner 13 到達/重返, 等待人數: 4/18
[Barrier] Learner 4 到達/重返, 等待人數: 5/18
[Barrier] Learner 5 到達/重返, 等待人數: 6/18
[Barrier] Learner 12 到達/重返, 等待人數: 7/18
[Barrier] Learner 11 到達/重返, 等待人數: 8/18
[Barrier] Learner 1 到達/重返, 等待人數: 9/18
[Barrier] Learner 0 到達/重返, 等待人數: 10/18
[Barrier] Learner 16 到達/重返, 等待人數: 11/18
[Barrier] Learner 2 到達/重返, 等待人數: 12/18
[Barrier] Learner 10 到達/重返, 等待人數: 13/18
[Barrier] Learner 15 到達/重返, 等待人數: 14/18
[Barrier] Learner 17 到達/重返, 等待人數: 15/18
[Barrier] Learner 6 到達/重返, 等待人數: 16/18
[Barrier] Learner 7 到達/重返, 等待人數: 17/18
[Table] MQ/CE SAT 填 hash=0xbb2a488388b63874
[Table] MQ/CE SAT 填 hash=0xfc92b17fdaaef34
[Table] MQ/CE SAT 填 hash=0x64f0e3bd1ae81ce4
[Table] MQ/CE SAT 填 hash=0x3c34a996b65e99c
[Table] MQ/CE SAT 填 hash=0xc915c623bd39bc77
[Table] MQ/CE SAT 填 hash=0x4bb2419e4594abf7
[Barrier] Learner 3 到達/重返, 等待人數: 18/18
[Global EQ] 啟動 Leader SAT 尋找反例
[Barrier] Learner 8 到達/重返, 等待人數: 1/18
[Barrier] Learner 15 到達/重返, 等待人數: 2/18
[Barrier] Learner 3 到達/重返, 等待人數: 3/18
[Barrier] Learner 2 到達/重返, 等待人數: 4/18
[Barrier] Learner 7 到達/重返, 等待人數: 5/18
[Barrier] Learner 12 到達/重返, 等待人數: 6/18
[Barrier] Learner 10 到達/重返, 等待人數: 7/18
[Barrier] Learner 11 到達/重返, 等待人數: 8/18
[Barrier] Learner 16 到達/重返, 等待人數: 9/18
[Barrier] Learner 6 到達/重返, 等待人數: 10/18
[Barrier] Learner 9 到達/重返, 等待人數: 11/18
[Barrier] Learner 17 到達/重返, 等待人數: 12/18
[Barrier] Learner 5 到達/重返, 等待人數: 13/18
[Barrier] Learner 0 到達/重返, 等待人數: 14/18
[Barrier] Learner 14 到達/重返, 等待人數: 15/18
[Barrier] Learner 13 到達/重返, 等待人數: 16/18
[Barrier] Learner 4 到達/重返, 等待人數: 17/18
[Barrier] Learner 1 到達/重返, 等待人數: 18/18
[Global EQ] 啟動 Leader SAT 尋找反例
[Barrier] Learner 9 到達/重返, 等待人數: 1/18
[Barrier] Learner 7 到達/重返, 等待人數: 2/18
[Barrier] Learner 17 到達/重返, 等待人數: 3/18
[Barrier] Learner 14 到達/重返, 等待人數: 4/18
[Barrier] Learner 5 到達/重返, 等待人數: 5/18
[Barrier] Learner 8 到達/重返, 等待人數: 6/18
[Barrier] Learner 6 到達/重返, 等待人數: 7/18
[Barrier] Learner 10 到達/重返, 等待人數: 8/18
[Barrier] Learner 1 到達/重返, 等待人數: 9/18
[Barrier] Learner 12 到達/重返, 等待人數: 10/18
[Barrier] Learner 4 到達/重返, 等待人數: 11/18
[Barrier] Learner 3 到達/重返, 等待人數: 12/18
[Barrier] Learner 0 到達/重返, 等待人數: 13/18
[Barrier] Learner 16 到達/重返, 等待人數: 14/18
[Barrier] Learner 2 到達/重返, 等待人數: 15/18
[Barrier] Learner 11 到達/重返, 等待人數: 16/18
[Barrier] Learner 13 到達/重返, 等待人數: 17/18
[Barrier] Learner 15 到達/重返, 等待人數: 18/18
[Global EQ] 啟動 Leader SAT 尋找反例
[Barrier] Learner 15 到達/重返, 等待人數: 1/18
[Barrier] Learner 0 到達/重返, 等待人數: 2/18
[Barrier] Learner 16 到達/重返, 等待人數: 3/18
[Barrier] Learner 5 到達/重返, 等待人數: 4/18
[Barrier] Learner 4 到達/重返, 等待人數: 5/18
[Barrier] Learner 7 到達/重返, 等待人數: 6/18
[Barrier] Learner 11 到達/重返, 等待人數: 7/18
[Barrier] Learner 10 到達/重返, 等待人數: 8/18
[Barrier] Learner 6 到達/重返, 等待人數: 9/18
[Barrier] Learner 13 到達/重返, 等待人數: 10/18
[Barrier] Learner 1 到達/重返, 等待人數: 11/18
[Barrier] Learner 12 到達/重返, 等待人數: 12/18
[Barrier] Learner 9 到達/重返, 等待人數: 13/18
[Barrier] Learner 17 到達/重返, 等待人數: 14/18
[Barrier] Learner 2 到達/重返, 等待人數: 15/18
[Barrier] Learner 8 到達/重返, 等待人數: 16/18
[Barrier] Learner 14 到達/重返, 等待人數: 17/18
[Table] MQ/CE SAT 填 hash=0x9fdd6a1af8446a3c
[Barrier] Learner 3 到達/重返, 等待人數: 18/18
[Global EQ] 啟動 Leader SAT 尋找反例
[Table] MQ/CE SAT 填 hash=0x4c7445c8a058fd43
[Barrier] Learner 7 到達/重返, 等待人數: 1/18
[Barrier] Learner 10 到達/重返, 等待人數: 2/18
[Barrier] Learner 5 到達/重返, 等待人數: 3/18
[Barrier] Learner 11 到達/重返, 等待人數: 4/18
[Barrier] Learner 2 到達/重返, 等待人數: 5/18
[Barrier] Learner 9 到達/重返, 等待人數: 6/18
[Barrier] Learner 17 到達/重返, 等待人數: 7/18
[Barrier] Learner 0 到達/重返, 等待人數: 8/18
[Barrier] Learner 8 到達/重返, 等待人數: 9/18
[Barrier] Learner 16 到達/重返, 等待人數: 10/18
[Barrier] Learner 15 到達/重返, 等待人數: 11/18
[Barrier] Learner 4 到達/重返, 等待人數: 12/18
[Barrier] Learner 12 到達/重返, 等待人數: 13/18
[Barrier] Learner 6 到達/重返, 等待人數: 14/18
[Barrier] Learner 14 到達/重返, 等待人數: 15/18
[Table] MQ/CE SAT 填 hash=0xbecdd69458201627
[Table] MQ/CE SAT 填 hash=0x5a10e2e7c3c89b5
[Table] MQ/CE SAT 填 hash=0x11a6eead0e818f4d
[Table] MQ/CE SAT 填 hash=0xc5c343b2a64ea771
[Barrier] Learner 13 到達/重返, 等待人數: 16/18
[Table] MQ/CE SAT 填 hash=0x67c1243130cacb7b
[Table] MQ/CE SAT 填 hash=0x8b2abffe42d90542
[Table] MQ/CE SAT 填 hash=0x6096e3abb43a6e6a
[Table] MQ/CE SAT 填 hash=0x547130873e4a2801
[Table] MQ/CE SAT 填 hash=0xd1d4b50cb5ef3881
[Barrier] Learner 3 到達/重返, 等待人數: 17/18
[Barrier] Learner 1 到達/重返, 等待人數: 18/18
[Global EQ] 啟動 Leader SAT 尋找反例
[Barrier] Learner 2 到達/重返, 等待人數: 1/18
[Barrier] Learner 16 到達/重返, 等待人數: 2/18
[Barrier] Learner 14 到達/重返, 等待人數: 3/18
[Barrier] Learner 17 到達/重返, 等待人數: 4/18
[Barrier] Learner 6 到達/重返, 等待人數: 5/18
[Barrier] Learner 9 到達/重返, 等待人數: 6/18
[Barrier] Learner 10 到達/重返, 等待人數: 7/18
[Barrier] Learner 15 到達/重返, 等待人數: 8/18
[Barrier] Learner 8 到達/重返, 等待人數: 9/18
[Barrier] Learner 3 到達/重返, 等待人數: 10/18
[Barrier] Learner 12 到達/重返, 等待人數: 11/18
[Barrier] Learner 7 到達/重返, 等待人數: 12/18
[Barrier] Learner 11 到達/重返, 等待人數: 13/18
[Barrier] Learner 4 到達/重返, 等待人數: 14/18
[Barrier] Learner 5 到達/重返, 等待人數: 15/18
[Barrier] Learner 1 到達/重返, 等待人數: 16/18
[Barrier] Learner 0 到達/重返, 等待人數: 17/18
[Barrier] Learner 13 到達/重返, 等待人數: 18/18
[Global EQ] 啟動 Leader SAT 尋找反例
[Table] MQ/CE SAT 填 hash=0xee7d05f569ea113f
[Barrier] Learner 13 到達/重返, 等待人數: 1/18
[Barrier] Learner 8 到達/重返, 等待人數: 2/18
[Barrier] Learner 15 到達/重返, 等待人數: 3/18
[Barrier] Learner 6 到達/重返, 等待人數: 4/18
[Barrier] Learner 5 到達/重返, 等待人數: 5/18
[Barrier] Learner 14 到達/重返, 等待人數: 6/18
[Barrier] Learner 16 到達/重返, 等待人數: 7/18
[Barrier] Learner 4 到達/重返, 等待人數: 8/18
[Barrier] Learner 11 到達/重返, 等待人數: 9/18
[Barrier] Learner 2 到達/重返, 等待人數: 10/18
[Barrier] Learner 0 到達/重返, 等待人數: 11/18
[Barrier] Learner 10 到達/重返, 等待人數: 12/18
[Barrier] Learner 17 到達/重返, 等待人數: 13/18
[Barrier] Learner 9 到達/重返, 等待人數: 14/18
[Barrier] Learner 1 到達/重返, 等待人數: 15/18
[Barrier] Learner 7 到達/重返, 等待人數: 16/18
[Barrier] Learner 12 到達/重返, 等待人數: 17/18
[Barrier] Learner 3 到達/重返, 等待人數: 18/18
[Global EQ] 啟動 Leader SAT 尋找反例
[Barrier] Learner 4 到達/重返, 等待人數: 1/18
[Barrier] Learner 13 到達/重返, 等待人數: 2/18
[Barrier] Learner 9 到達/重返, 等待人數: 3/18
[Barrier] Learner 14 到達/重返, 等待人數: 4/18
[Barrier] Learner 15 到達/重返, 等待人數: 5/18
[Barrier] Learner 16 到達/重返, 等待人數: 6/18
[Barrier] Learner 11 到達/重返, 等待人數: 7/18
[Barrier] Learner 0 到達/重返, 等待人數: 8/18
[Barrier] Learner 5 到達/重返, 等待人數: 9/18
[Barrier] Learner 2 到達/重返, 等待人數: 10/18
[Barrier] Learner 7 到達/重返, 等待人數: 11/18
[Barrier] Learner 8 到達/重返, 等待人數: 12/18
[Barrier] Learner 12 到達/重返, 等待人數: 13/18
[Barrier] Learner 17 到達/重返, 等待人數: 14/18
[Barrier] Learner 1 到達/重返, 等待人數: 15/18
[Barrier] Learner 6 到達/重返, 等待人數: 16/18
[Barrier] Learner 10 到達/重返, 等待人數: 17/18
[Table] MQ/CE SAT 填 hash=0x2effcfcb1deba80
[Table] MQ/CE SAT 填 hash=0x5817b5a1cf1be830
[Table] MQ/CE SAT 填 hash=0x292a8a6b18163e64
[Barrier] Learner 3 到達/重返, 等待人數: 18/18
[Global EQ] 啟動 Leader SAT 尋找反例
[Table] MQ/CE SAT 填 hash=0x553f800ddb90e719
[Barrier] Learner 2 到達/重返, 等待人數: 1/18
[Barrier] Learner 14 到達/重返, 等待人數: 2/18
[Barrier] Learner 13 到達/重返, 等待人數: 3/18
[Barrier] Learner 16 到達/重返, 等待人數: 4/18
[Barrier] Learner 11 到達/重返, 等待人數: 5/18
[Barrier] Learner 0 到達/重返, 等待人數: 6/18
[Barrier] Learner 10 到達/重返, 等待人數: 7/18
[Barrier] Learner 8 到達/重返, 等待人數: 8/18
[Barrier] Learner 9 到達/重返, 等待人數: 9/18
[Barrier] Learner 17 到達/重返, 等待人數: 10/18
[Barrier] Learner 5 到達/重返, 等待人數: 11/18
[Barrier] Learner 12 到達/重返, 等待人數: 12/18
[Barrier] Learner 4 到達/重返, 等待人數: 13/18
[Barrier] Learner 15 到達/重返, 等待人數: 14/18
[Barrier] Learner 3 到達/重返, 等待人數: 15/18
[Barrier] Learner 7 到達/重返, 等待人數: 16/18
[Barrier] Learner 1 到達/重返, 等待人數: 17/18
[Barrier] Learner 6 到達/重返, 等待人數: 18/18
[Global EQ] 啟動 Leader SAT 尋找反例
[Barrier] Learner 6 到達/重返, 等待人數: 1/18
[Barrier] Learner 12 到達/重返, 等待人數: 2/18
[Barrier] Learner 9 到達/重返, 等待人數: 3/18
[Barrier] Learner 7 到達/重返, 等待人數: 4/18
[Barrier] Learner 13 到達/重返, 等待人數: 5/18
[Barrier] Learner 17 到達/重返, 等待人數: 6/18
[Barrier] Learner 16 到達/重返, 等待人數: 7/18
[Barrier] Learner 4 到達/重返, 等待人數: 8/18
[Barrier] Learner 0 到達/重返, 等待人數: 9/18
[Barrier] Learner 1 到達/重返, 等待人數: 10/18
[Barrier] Learner 15 到達/重返, 等待人數: 11/18
[Barrier] Learner 5 到達/重返, 等待人數: 12/18
[Barrier] Learner 8 到達/重返, 等待人數: 13/18
[Barrier] Learner 11 到達/重返, 等待人數: 14/18
[Barrier] Learner 10 到達/重返, 等待人數: 15/18
[Barrier] Learner 2 到達/重返, 等待人數: 16/18
[Table] MQ/CE SAT 填 hash=0xdc1bf36edcc2434b
[Table] MQ/CE SAT 填 hash=0x13f1425097636f59
[Barrier] Learner 14 到達/重返, 等待人數: 17/18
[Table] MQ/CE SAT 填 hash=0xad2ec83825bc997f
[Barrier] Learner 3 到達/重返, 等待人數: 18/18
[Global EQ] 啟動 Leader SAT 尋找反例
[Barrier] Learner 3 到達/重返, 等待人數: 1/18
[Barrier] Learner 11 到達/重返, 等待人數: 2/18
[Barrier] Learner 9 到達/重返, 等待人數: 3/18
[Barrier] Learner 17 到達/重返, 等待人數: 4/18
[Barrier] Learner 7 到達/重返, 等待人數: 5/18
[Barrier] Learner 10 到達/重返, 等待人數: 6/18
[Barrier] Learner 1 到達/重返, 等待人數: 7/18
[Barrier] Learner 8 到達/重返, 等待人數: 8/18
[Barrier] Learner 6 到達/重返, 等待人數: 9/18
[Barrier] Learner 0 到達/重返, 等待人數: 10/18
[Barrier] Learner 12 到達/重返, 等待人數: 11/18
[Barrier] Learner 2 到達/重返, 等待人數: 12/18
[Barrier] Learner 14 到達/重返, 等待人數: 13/18
[Barrier] Learner 4 到達/重返, 等待人數: 14/18
[Barrier] Learner 15 到達/重返, 等待人數: 15/18
[Barrier] Learner 5 到達/重返, 等待人數: 16/18
[Barrier] Learner 16 到達/重返, 等待人數: 17/18
[Barrier] Learner 13 到達/重返, 等待人數: 18/18
[Global EQ] 啟動 Leader SAT 尋找反例
[Barrier] Learner 14 到達/重返, 等待人數: 1/18
[Barrier] Learner 16 到達/重返, 等待人數: 2/18
[Barrier] Learner 15 到達/重返, 等待人數: 3/18
[Barrier] Learner 7 到達/重返, 等待人數: 4/18
[Barrier] Learner 6 到達/重返, 等待人數: 5/18
[Barrier] Learner 5 到達/重返, 等待人數: 6/18
[Barrier] Learner 1 到達/重返, 等待人數: 7/18
[Barrier] Learner 8 到達/重返, 等待人數: 8/18
[Barrier] Learner 13 到達/重返, 等待人數: 9/18
[Barrier] Learner 2 到達/重返, 等待人數: 10/18
[Barrier] Learner 12 到達/重返, 等待人數: 11/18
[Barrier] Learner 3 到達/重返, 等待人數: 12/18
[Barrier] Learner 17 到達/重返, 等待人數: 13/18
[Barrier] Learner 4 到達/重返, 等待人數: 14/18
[Barrier] Learner 11 到達/重返, 等待人數: 15/18
[Barrier] Learner 10 到達/重返, 等待人數: 16/18
[Barrier] Learner 0 到達/重返, 等待人數: 17/18
[Barrier] Learner 9 到達/重返, 等待人數: 18/18
[Global EQ] 啟動 Leader SAT 尋找反例
[Barrier] Learner 9 到達/重返, 等待人數: 1/18
[Barrier] Learner 11 到達/重返, 等待人數: 2/18
[Barrier] Learner 13 到達/重返, 等待人數: 3/18
[Barrier] Learner 3 到達/重返, 等待人數: 4/18
[Barrier] Learner 16 到達/重返, 等待人數: 5/18
[Barrier] Learner 0 到達/重返, 等待人數: 6/18
[Barrier] Learner 15 到達/重返, 等待人數: 7/18
[Barrier] Learner 2 到達/重返, 等待人數: 8/18
[Barrier] Learner 7 到達/重返, 等待人數: 9/18
[Barrier] Learner 14 到達/重返, 等待人數: 10/18
[Barrier] Learner 10 到達/重返, 等待人數: 11/18
[Barrier] Learner 12 到達/重返, 等待人數: 12/18
[Barrier] Learner 6 到達/重返, 等待人數: 13/18
[Barrier] Learner 1 到達/重返, 等待人數: 14/18
[Barrier] Learner 17 到達/重返, 等待人數: 15/18
[Barrier] Learner 4 到達/重返, 等待人數: 16/18
[Barrier] Learner 8 到達/重返, 等待人數: 17/18
[Barrier] Learner 5 到達/重返, 等待人數: 18/18
[Global EQ] 啟動 Leader SAT 尋找反例
[Table] MQ/CE SAT 填 hash=0xd958b0d28dcd9313
[Barrier] Learner 5 到達/重返, 等待人數: 1/18
[Barrier] Learner 10 到達/重返, 等待人數: 2/18
[Barrier] Learner 3 到達/重返, 等待人數: 3/18
[Barrier] Learner 8 到達/重返, 等待人數: 4/18
[Barrier] Learner 0 到達/重返, 等待人數: 5/18
[Barrier] Learner 17 到達/重返, 等待人數: 6/18
[Barrier] Learner 6 到達/重返, 等待人數: 7/18
[Barrier] Learner 16 到達/重返, 等待人數: 8/18
[Barrier] Learner 4 到達/重返, 等待人數: 9/18
[Barrier] Learner 15 到達/重返, 等待人數: 10/18
[Barrier] Learner 12 到達/重返, 等待人數: 11/18
[Barrier] Learner 11 到達/重返, 等待人數: 12/18
[Barrier] Learner 7 到達/重返, 等待人數: 13/18
[Barrier] Learner 2 到達/重返, 等待人數: 14/18
[Barrier] Learner 1 到達/重返, 等待人數: 15/18
[Barrier] Learner 14 到達/重返, 等待人數: 16/18
[Barrier] Learner 9 到達/重返, 等待人數: 17/18
[Table] MQ/CE SAT 填 hash=0xf4a58f3b1e3f614b
[Table] MQ/CE SAT 填 hash=0xf7135f09d09ff537
[Barrier] Learner 13 到達/重返, 等待人數: 18/18
[Global EQ] 啟動 Leader SAT 尋找反例
[Barrier] Learner 16 到達/重返, 等待人數: 1/18
[Barrier] Learner 13 到達/重返, 等待人數: 2/18
[Barrier] Learner 14 到達/重返, 等待人數: 3/18
[Barrier] Learner 3 到達/重返, 等待人數: 4/18
[Barrier] Learner 9 到達/重返, 等待人數: 5/18
[Barrier] Learner 4 到達/重返, 等待人數: 6/18
[Barrier] Learner 15 到達/重返, 等待人數: 7/18
[Barrier] Learner 10 到達/重返, 等待人數: 8/18
[Barrier] Learner 0 到達/重返, 等待人數: 9/18
[Barrier] Learner 11 到達/重返, 等待人數: 10/18
[Barrier] Learner 8 到達/重返, 等待人數: 11/18
[Barrier] Learner 12 到達/重返, 等待人數: 12/18
[Barrier] Learner 6 到達/重返, 等待人數: 13/18
[Barrier] Learner 2 到達/重返, 等待人數: 14/18
[Barrier] Learner 1 到達/重返, 等待人數: 15/18
[Barrier] Learner 17 到達/重返, 等待人數: 16/18
[Barrier] Learner 5 到達/重返, 等待人數: 17/18
[Barrier] Learner 7 到達/重返, 等待人數: 18/18
[Global EQ] 啟動 Leader SAT 尋找反例
[Barrier] Learner 7 到達/重返, 等待人數: 1/18
[Barrier] Learner 0 到達/重返, 等待人數: 2/18
[Barrier] Learner 14 到達/重返, 等待人數: 3/18
[Barrier] Learner 4 到達/重返, 等待人數: 4/18
[Barrier] Learner 2 到達/重返, 等待人數: 5/18
[Barrier] Learner 11 到達/重返, 等待人數: 6/18
[Barrier] Learner 6 到達/重返, 等待人數: 7/18
[Barrier] Learner 5 到達/重返, 等待人數: 8/18
[Barrier] Learner 1 到達/重返, 等待人數: 9/18
[Barrier] Learner 17 到達/重返, 等待人數: 10/18
[Barrier] Learner 9 到達/重返, 等待人數: 11/18
[Barrier] Learner 13 到達/重返, 等待人數: 12/18
[Barrier] Learner 16 到達/重返, 等待人數: 13/18
[Barrier] Learner 12 到達/重返, 等待人數: 14/18
[Barrier] Learner 15 到達/重返, 等待人數: 15/18
[Barrier] Learner 8 到達/重返, 等待人數: 16/18
[Barrier] Learner 10 到達/重返, 等待人數: 17/18
[Barrier] Learner 3 到達/重返, 等待人數: 18/18
[Global EQ] 啟動 Leader SAT 尋找反例
[Table] MQ/CE SAT 填 hash=0x2741e727c82aae59
[Barrier] Learner 3 到達/重返, 等待人數: 1/18
[Barrier] Learner 2 到達/重返, 等待人數: 2/18
[Barrier] Learner 5 到達/重返, 等待人數: 3/18
[Barrier] Learner 9 到達/重返, 等待人數: 4/18
[Barrier] Learner 16 到達/重返, 等待人數: 5/18
[Barrier] Learner 0 到達/重返, 等待人數: 6/18
[Barrier] Learner 11 到達/重返, 等待人數: 7/18
[Barrier] Learner 7 到達/重返, 等待人數: 8/18
[Barrier] Learner 14 到達/重返, 等待人數: 9/18
[Barrier] Learner 6 到達/重返, 等待人數: 10/18
[Barrier] Learner 12 到達/重返, 等待人數: 11/18
[Barrier] Learner 10 到達/重返, 等待人數: 12/18
[Barrier] Learner 1 到達/重返, 等待人數: 13/18
[Barrier] Learner 4 到達/重返, 等待人數: 14/18
[Barrier] Learner 17 到達/重返, 等待人數: 15/18
[Barrier] Learner 13 到達/重返, 等待人數: 16/18
[Barrier] Learner 8 到達/重返, 等待人數: 17/18
[Table] MQ/CE SAT 填 hash=0x9c9cf013248308a3
[Barrier] Learner 15 到達/重返, 等待人數: 18/18
[Global EQ] 啟動 Leader SAT 尋找反例
[Barrier] Learner 7 到達/重返, 等待人數: 1/18
[Barrier] Learner 1 到達/重返, 等待人數: 2/18
[Barrier] Learner 14 到達/重返, 等待人數: 3/18
[Barrier] Learner 15 到達/重返, 等待人數: 4/18
[Barrier] Learner 11 到達/重返, 等待人數: 5/18
[Barrier] Learner 8 到達/重返, 等待人數: 6/18
[Barrier] Learner 17 到達/重返, 等待人數: 7/18
[Barrier] Learner 4 到達/重返, 等待人數: 8/18
[Barrier] Learner 0 到達/重返, 等待人數: 9/18
[Barrier] Learner 10 到達/重返, 等待人數: 10/18
[Barrier] Learner 16 到達/重返, 等待人數: 11/18
[Barrier] Learner 13 到達/重返, 等待人數: 12/18
[Barrier] Learner 3 到達/重返, 等待人數: 13/18
[Barrier] Learner 12 到達/重返, 等待人數: 14/18
[Barrier] Learner 5 到達/重返, 等待人數: 15/18
[Barrier] Learner 2 到達/重返, 等待人數: 16/18
[Barrier] Learner 9 到達/重返, 等待人數: 17/18
[Barrier] Learner 6 到達/重返, 等待人數: 18/18
[Global EQ] 啟動 Leader SAT 尋找反例
[Barrier] Learner 6 到達/重返, 等待人數: 1/18
[Barrier] Learner 10 到達/重返, 等待人數: 2/18
[Barrier] Learner 0 到達/重返, 等待人數: 3/18
[Barrier] Learner 4 到達/重返, 等待人數: 4/18
[Barrier] Learner 14 到達/重返, 等待人數: 5/18
[Barrier] Learner 17 到達/重返, 等待人數: 6/18
[Barrier] Learner 15 到達/重返, 等待人數: 7/18
[Barrier] Learner 2 到達/重返, 等待人數: 8/18
[Barrier] Learner 5 到達/重返, 等待人數: 9/18
[Barrier] Learner 1 到達/重返, 等待人數: 10/18
[Barrier] Learner 16 到達/重返, 等待人數: 11/18
[Barrier] Learner 13 到達/重返, 等待人數: 12/18
[Barrier] Learner 7 到達/重返, 等待人數: 13/18
[Barrier] Learner 3 到達/重返, 等待人數: 14/18
[Barrier] Learner 9 到達/重返, 等待人數: 15/18
[Barrier] Learner 11 到達/重返, 等待人數: 16/18
[Barrier] Learner 8 到達/重返, 等待人數: 17/18
[Barrier] Learner 12 到達/重返, 等待人數: 18/18
[Global EQ] 啟動 Leader SAT 尋找反例
[Table] MQ/CE SAT 填 hash=0x4deb43ca2ef85c72
[Barrier] Learner 15 到達/重返, 等待人數: 1/18
[Barrier] Learner 17 到達/重返, 等待人數: 2/18
[Barrier] Learner 9 到達/重返, 等待人數: 3/18
[Barrier] Learner 5 到達/重返, 等待人數: 4/18
[Barrier] Learner 2 到達/重返, 等待人數: 5/18
[Barrier] Learner 1 到達/重返, 等待人數: 6/18
[Barrier] Learner 10 到達/重返, 等待人數: 7/18
[Barrier] Learner 0 到達/重返, 等待人數: 8/18
[Barrier] Learner 11 到達/重返, 等待人數: 9/18
[Barrier] Learner 12 到達/重返, 等待人數: 10/18
[Barrier] Learner 6 到達/重返, 等待人數: 11/18
[Barrier] Learner 16 到達/重返, 等待人數: 12/18
[Barrier] Learner 14 到達/重返, 等待人數: 13/18
[Barrier] Learner 8 到達/重返, 等待人數: 14/18
[Barrier] Learner 7 到達/重返, 等待人數: 15/18
[Barrier] Learner 13 到達/重返, 等待人數: 16/18
[Barrier] Learner 4 到達/重返, 等待人數: 17/18
[Barrier] Learner 3 到達/重返, 等待人數: 18/18
[Global EQ] 啟動 Leader SAT 尋找反例
[Table] MQ/CE SAT 填 hash=0xe186101d8dabbe1
[Barrier] Learner 3 到達/重返, 等待人數: 1/18
[Barrier] Learner 8 到達/重返, 等待人數: 2/18
[Barrier] Learner 5 到達/重返, 等待人數: 3/18
[Barrier] Learner 9 到達/重返, 等待人數: 4/18
[Barrier] Learner 2 到達/重返, 等待人數: 5/18
[Barrier] Learner 1 到達/重返, 等待人數: 6/18
[Barrier] Learner 11 到達/重返, 等待人數: 7/18
[Barrier] Learner 12 到達/重返, 等待人數: 8/18
[Barrier] Learner 10 到達/重返, 等待人數: 9/18
[Barrier] Learner 15 到達/重返, 等待人數: 10/18
[Barrier] Learner 0 到達/重返, 等待人數: 11/18
[Barrier] Learner 16 到達/重返, 等待人數: 12/18
[Barrier] Learner 13 到達/重返, 等待人數: 13/18
[Barrier] Learner 4 到達/重返, 等待人數: 14/18
[Barrier] Learner 17 到達/重返, 等待人數: 15/18
[Barrier] Learner 7 到達/重返, 等待人數: 16/18
[Barrier] Learner 6 到達/重返, 等待人數: 17/18
[Table] MQ/CE SAT 填 hash=0xb756262ac2c42961
[Table] MQ/CE SAT 填 hash=0x634aebe74000201b
[Table] MQ/CE SAT 填 hash=0x39f2a1a54b1f18e1
[Barrier] Learner 14 到達/重返, 等待人數: 18/18
[Global EQ] 啟動 Leader SAT 尋找反例
[Table] MQ/CE SAT 填 hash=0x5d47fba7f6dd9d4f
[Barrier] Learner 2 到達/重返, 等待人數: 1/18
[Barrier] Learner 1 到達/重返, 等待人數: 2/18
[Barrier] Learner 12 到達/重返, 等待人數: 3/18
[Barrier] Learner 15 到達/重返, 等待人數: 4/18
[Barrier] Learner 7 到達/重返, 等待人數: 5/18
[Barrier] Learner 4 到達/重返, 等待人數: 6/18
[Barrier] Learner 13 到達/重返, 等待人數: 7/18
[Barrier] Learner 8 到達/重返, 等待人數: 8/18
[Barrier] Learner 0 到達/重返, 等待人數: 9/18
[Barrier] Learner 10 到達/重返, 等待人數: 10/18
[Barrier] Learner 14 到達/重返, 等待人數: 11/18
[Barrier] Learner 9 到達/重返, 等待人數: 12/18
[Barrier] Learner 6 到達/重返, 等待人數: 13/18
[Barrier] Learner 5 到達/重返, 等待人數: 14/18
[Barrier] Learner 17 到達/重返, 等待人數: 15/18
[Barrier] Learner 16 到達/重返, 等待人數: 16/18
[Barrier] Learner 11 到達/重返, 等待人數: 17/18
[Barrier] Learner 3 到達/重返, 等待人數: 18/18
[Global EQ] 啟動 Leader SAT 尋找反例
[Barrier] Learner 3 到達/重返, 等待人數: 1/18
[Barrier] Learner 13 到達/重返, 等待人數: 2/18
[Barrier] Learner 0 到達/重返, 等待人數: 3/18
[Barrier] Learner 15 到達/重返, 等待人數: 4/18
[Barrier] Learner 11 到達/重返, 等待人數: 5/18
[Barrier] Learner 17 到達/重返, 等待人數: 6/18
[Barrier] Learner 10 到達/重返, 等待人數: 7/18
[Barrier] Learner 7 到達/重返, 等待人數: 8/18
[Barrier] Learner 8 到達/重返, 等待人數: 9/18
[Barrier] Learner 2 到達/重返, 等待人數: 10/18
[Barrier] Learner 6 到達/重返, 等待人數: 11/18
[Barrier] Learner 1 到達/重返, 等待人數: 12/18
[Barrier] Learner 4 到達/重返, 等待人數: 13/18
[Barrier] Learner 5 到達/重返, 等待人數: 14/18
[Barrier] Learner 16 到達/重返, 等待人數: 15/18
[Barrier] Learner 12 到達/重返, 等待人數: 16/18
[Barrier] Learner 9 到達/重返, 等待人數: 17/18
[Table] MQ/CE SAT 填 hash=0xdfe477227f388ccf
[Barrier] Learner 14 到達/重返, 等待人數: 18/18
[Global EQ] 啟動 Leader SAT 尋找反例
[Table] MQ/CE SAT 填 hash=0x2a492b10a8b4e3d5
[Barrier] Learner 14 到達/重返, 等待人數: 1/18
[Barrier] Learner 15 到達/重返, 等待人數: 2/18
[Barrier] Learner 8 到達/重返, 等待人數: 3/18
[Barrier] Learner 3 到達/重返, 等待人數: 4/18
[Barrier] Learner 5 到達/重返, 等待人數: 5/18
[Barrier] Learner 4 到達/重返, 等待人數: 6/18
[Barrier] Learner 6 到達/重返, 等待人數: 7/18
[Barrier] Learner 2 到達/重返, 等待人數: 8/18
[Barrier] Learner 0 到達/重返, 等待人數: 9/18
[Barrier] Learner 16 到達/重返, 等待人數: 10/18
[Barrier] Learner 17 到達/重返, 等待人數: 11/18
[Barrier] Learner 13 到達/重返, 等待人數: 12/18
[Barrier] Learner 10 到達/重返, 等待人數: 13/18
[Barrier] Learner 11 到達/重返, 等待人數: 14/18
[Barrier] Learner 1 到達/重返, 等待人數: 15/18
[Barrier] Learner 12 到達/重返, 等待人數: 16/18
[Table] MQ/CE SAT 填 hash=0xb7ef9a44f0edcaf1
[Barrier] Learner 9 到達/重返, 等待人數: 17/18
[Barrier] Learner 7 到達/重返, 等待人數: 18/18
[Global EQ] 啟動 Leader SAT 尋找反例
[Barrier] Learner 7 到達/重返, 等待人數: 1/18
[Barrier] Learner 10 到達/重返, 等待人數: 2/18
[Barrier] Learner 14 到達/重返, 等待人數: 3/18
[Barrier] Learner 2 到達/重返, 等待人數: 4/18
[Barrier] Learner 1 到達/重返, 等待人數: 5/18
[Barrier] Learner 0 到達/重返, 等待人數: 6/18
[Barrier] Learner 3 到達/重返, 等待人數: 7/18
[Barrier] Learner 16 到達/重返, 等待人數: 8/18
[Barrier] Learner 12 到達/重返, 等待人數: 9/18
[Barrier] Learner 5 到達/重返, 等待人數: 10/18
[Barrier] Learner 6 到達/重返, 等待人數: 11/18
[Barrier] Learner 4 到達/重返, 等待人數: 12/18
[Barrier] Learner 8 到達/重返, 等待人數: 13/18
[Barrier] Learner 9 到達/重返, 等待人數: 14/18
[Table] MQ/CE SAT 填 hash=0xa74c6ae3ead1222e
[Table] MQ/CE SAT 填 hash=0x8f01049afef0955c
[Table] MQ/CE SAT 填 hash=0x37f45237d79b4ab0
[Table] MQ/CE SAT 填 hash=0xfcfcf999b056c6ce
[Table] MQ/CE SAT 填 hash=0x6b9768cdece25b95
[Table] MQ/CE SAT 填 hash=0xaa4de3038f626394
[Barrier] Learner 11 到達/重返, 等待人數: 15/18
[Table] MQ/CE SAT 填 hash=0xc24f7524022a99a9
[Table] MQ/CE SAT 填 hash=0xfffe71b954e80834
[Table] MQ/CE SAT 填 hash=0x16f8863977eda4d5
[Barrier] Learner 17 到達/重返, 等待人數: 16/18
[Table] MQ/CE SAT 填 hash=0x9ed0d895a565d4ec
[Table] MQ/CE SAT 填 hash=0x7ee80da51da99a95
[Table] MQ/CE SAT 填 hash=0x6423541ff739a7c7
[Table] MQ/CE SAT 填 hash=0x8da4e0ed9d20ef50
[Table] MQ/CE SAT 填 hash=0xe6bfcf9a7f949747
[Table] MQ/CE SAT 填 hash=0x2c7747c9ed9ebc08
[Table] MQ/CE SAT 填 hash=0xa57191dd3b671f87
[Barrier] Learner 15 到達/重返, 等待人數: 17/18
[Table] MQ/CE SAT 填 hash=0xf1c9c3543f728ee3
[Table] MQ/CE SAT 填 hash=0x74663ecec7cd7e63
[Barrier] Learner 13 到達/重返, 等待人數: 18/18
[Global EQ] 啟動 Leader SAT 尋找反例
[Barrier] Learner 10 到達/重返, 等待人數: 1/18
[Barrier] Learner 3 到達/重返, 等待人數: 2/18
[Barrier] Learner 16 到達/重返, 等待人數: 3/18
[Barrier] Learner 2 到達/重返, 等待人數: 4/18
[Barrier] Learner 14 到達/重返, 等待人數: 5/18
[Barrier] Learner 7 到達/重返, 等待人數: 6/18
[Barrier] Learner 12 到達/重返, 等待人數: 7/18
[Barrier] Learner 5 到達/重返, 等待人數: 8/18
[Barrier] Learner 8 到達/重返, 等待人數: 9/18
[Barrier] Learner 15 到達/重返, 等待人數: 10/18
[Barrier] Learner 13 到達/重返, 等待人數: 11/18
[Barrier] Learner 6 到達/重返, 等待人數: 12/18
[Barrier] Learner 4 到達/重返, 等待人數: 13/18
[Barrier] Learner 1 到達/重返, 等待人數: 14/18
[Barrier] Learner 0 到達/重返, 等待人數: 15/18
[Barrier] Learner 11 到達/重返, 等待人數: 16/18
[Barrier] Learner 17 到達/重返, 等待人數: 17/18
[Table] MQ/CE SAT 填 hash=0xa49ef56dc0268bf1
[Barrier] Learner 9 到達/重返, 等待人數: 18/18
[Global EQ] 啟動 Leader SAT 尋找反例
[Barrier] Learner 9 到達/重返, 等待人數: 1/18
[Barrier] Learner 6 到達/重返, 等待人數: 2/18
[Barrier] Learner 3 到達/重返, 等待人數: 3/18
[Barrier] Learner 2 到達/重返, 等待人數: 4/18
[Barrier] Learner 7 到達/重返, 等待人數: 5/18
[Barrier] Learner 0 到達/重返, 等待人數: 6/18
[Barrier] Learner 5 到達/重返, 等待人數: 7/18
[Barrier] Learner 1 到達/重返, 等待人數: 8/18
[Barrier] Learner 4 到達/重返, 等待人數: 9/18
[Barrier] Learner 12 到達/重返, 等待人數: 10/18
[Barrier] Learner 11 到達/重返, 等待人數: 11/18
[Barrier] Learner 8 到達/重返, 等待人數: 12/18
[Barrier] Learner 10 到達/重返, 等待人數: 13/18
[Barrier] Learner 14 到達/重返, 等待人數: 14/18
[Barrier] Learner 16 到達/重返, 等待人數: 15/18
[Barrier] Learner 13 到達/重返, 等待人數: 16/18
[Barrier] Learner 15 到達/重返, 等待人數: 17/18
[Table] MQ/CE SAT 填 hash=0x7e0421fede4140d9
[Table] MQ/CE SAT 填 hash=0xd191587202a509b9
[Table] MQ/CE SAT 填 hash=0x46ec615d5efd6403
[Table] MQ/CE SAT 填 hash=0x8d5b0cc524089893
[Barrier] Learner 17 到達/重返, 等待人數: 18/18
[Global EQ] 啟動 Leader SAT 尋找反例
[Barrier] Learner 8 到達/重返, 等待人數: 1/18
[Barrier] Learner 3 到達/重返, 等待人數: 2/18
[Barrier] Learner 15 到達/重返, 等待人數: 3/18
[Barrier] Learner 11 到達/重返, 等待人數: 4/18
[Barrier] Learner 7 到達/重返, 等待人數: 5/18
[Barrier] Learner 13 到達/重返, 等待人數: 6/18
[Barrier] Learner 2 到達/重返, 等待人數: 7/18
[Barrier] Learner 9 到達/重返, 等待人數: 8/18
[Barrier] Learner 1 到達/重返, 等待人數: 9/18
[Barrier] Learner 16 到達/重返, 等待人數: 10/18
[Barrier] Learner 0 到達/重返, 等待人數: 11/18
[Barrier] Learner 12 到達/重返, 等待人數: 12/18
[Barrier] Learner 6 到達/重返, 等待人數: 13/18
[Barrier] Learner 5 到達/重返, 等待人數: 14/18
[Barrier] Learner 10 到達/重返, 等待人數: 15/18
[Barrier] Learner 14 到達/重返, 等待人數: 16/18
[Barrier] Learner 17 到達/重返, 等待人數: 17/18
[Barrier] Learner 4 到達/重返, 等待人數: 18/18
[Global EQ] 啟動 Leader SAT 尋找反例
[Barrier] Learner 4 到達/重返, 等待人數: 1/18
[Barrier] Learner 10 到達/重返, 等待人數: 2/18
[Barrier] Learner 7 到達/重返, 等待人數: 3/18
[Barrier] Learner 5 到達/重返, 等待人數: 4/18
[Barrier] Learner 16 到達/重返, 等待人數: 5/18
[Barrier] Learner 0 到達/重返, 等待人數: 6/18
[Barrier] Learner 6 到達/重返, 等待人數: 7/18
[Barrier] Learner 14 到達/重返, 等待人數: 8/18
[Barrier] Learner 3 到達/重返, 等待人數: 9/18
[Barrier] Learner 1 到達/重返, 等待人數: 10/18
[Barrier] Learner 15 到達/重返, 等待人數: 11/18
[Barrier] Learner 8 到達/重返, 等待人數: 12/18
[Barrier] Learner 12 到達/重返, 等待人數: 13/18
[Barrier] Learner 2 到達/重返, 等待人數: 14/18
[Barrier] Learner 9 到達/重返, 等待人數: 15/18
[Barrier] Learner 11 到達/重返, 等待人數: 16/18
[Barrier] Learner 17 到達/重返, 等待人數: 17/18
[Table] MQ/CE SAT 填 hash=0x7c731d20a7ef94ef
[Table] MQ/CE SAT 填 hash=0xa198c54f0287c0b
[Table] MQ/CE SAT 填 hash=0xdefcd9f1b9416e43
[Table] MQ/CE SAT 填 hash=0x19aa5e67676d9b68
[Table] MQ/CE SAT 填 hash=0x2ff818a677f0bb78
[Barrier] Learner 13 到達/重返, 等待人數: 18/18
[Global EQ] 啟動 Leader SAT 尋找反例
[Barrier] Learner 16 到達/重返, 等待人數: 1/18
[Barrier] Learner 17 到達/重返, 等待人數: 2/18
[Barrier] Learner 7 到達/重返, 等待人數: 3/18
[Barrier] Learner 15 到達/重返, 等待人數: 4/18
[Barrier] Learner 11 到達/重返, 等待人數: 5/18
[Barrier] Learner 6 到達/重返, 等待人數: 6/18
[Barrier] Learner 12 到達/重返, 等待人數: 7/18
[Barrier] Learner 5 到達/重返, 等待人數: 8/18
[Barrier] Learner 2 到達/重返, 等待人數: 9/18
[Barrier] Learner 10 到達/重返, 等待人數: 10/18
[Barrier] Learner 4 到達/重返, 等待人數: 11/18
[Barrier] Learner 14 到達/重返, 等待人數: 12/18
[Barrier] Learner 3 到達/重返, 等待人數: 13/18
[Barrier] Learner 9 到達/重返, 等待人數: 14/18
[Barrier] Learner 1 到達/重返, 等待人數: 15/18
[Barrier] Learner 0 到達/重返, 等待人數: 16/18
[Barrier] Learner 8 到達/重返, 等待人數: 17/18
[Table] MQ/CE SAT 填 hash=0x9ef5008558b9bcab
[Table] MQ/CE SAT 填 hash=0xc988dcd7e7585383
[Table] MQ/CE SAT 填 hash=0x436614d958480a8
[Table] MQ/CE SAT 填 hash=0x4aa50cb55a8fb538
[Barrier] Learner 13 到達/重返, 等待人數: 18/18
[Global EQ] 啟動 Leader SAT 尋找反例
[Barrier] Learner 13 到達/重返, 等待人數: 1/18
[Barrier] Learner 10 到達/重返, 等待人數: 2/18
[Barrier] Learner 0 到達/重返, 等待人數: 3/18
[Barrier] Learner 5 到達/重返, 等待人數: 4/18
[Barrier] Learner 7 到達/重返, 等待人數: 5/18
[Barrier] Learner 4 到達/重返, 等待人數: 6/18
[Barrier] Learner 16 到達/重返, 等待人數: 7/18
[Barrier] Learner 3 到達/重返, 等待人數: 8/18
[Barrier] Learner 1 到達/重返, 等待人數: 9/18
[Barrier] Learner 12 到達/重返, 等待人數: 10/18
[Barrier] Learner 6 到達/重返, 等待人數: 11/18
[Barrier] Learner 17 到達/重返, 等待人數: 12/18
[Barrier] Learner 11 到達/重返, 等待人數: 13/18
[Barrier] Learner 2 到達/重返, 等待人數: 14/18
[Barrier] Learner 14 到達/重返, 等待人數: 15/18
[Barrier] Learner 8 到達/重返, 等待人數: 16/18
[Barrier] Learner 9 到達/重返, 等待人數: 17/18
[Table] MQ/CE SAT 填 hash=0xbf508bf37b8e021
[Table] MQ/CE SAT 填 hash=0x7e4e998aef7ff905
[Table] MQ/CE SAT 填 hash=0x29afb6f67a8b4245
[Table] MQ/CE SAT 填 hash=0x35b597750cd047dd
[Table] MQ/CE SAT 填 hash=0x7476e38f484505b7
[Barrier] Learner 15 到達/重返, 等待人數: 18/18
[Global EQ] 啟動 Leader SAT 尋找反例
[Barrier] Learner 13 到達/重返, 等待人數: 1/18
[Barrier] Learner 12 到達/重返, 等待人數: 2/18
[Barrier] Learner 5 到達/重返, 等待人數: 3/18
[Barrier] Learner 11 到達/重返, 等待人數: 4/18
[Barrier] Learner 8 到達/重返, 等待人數: 5/18
[Barrier] Learner 7 到達/重返, 等待人數: 6/18
[Barrier] Learner 15 到達/重返, 等待人數: 7/18
[Barrier] Learner 3 到達/重返, 等待人數: 8/18
[Barrier] Learner 16 到達/重返, 等待人數: 9/18
[Barrier] Learner 9 到達/重返, 等待人數: 10/18
[Barrier] Learner 2 到達/重返, 等待人數: 11/18
[Barrier] Learner 14 到達/重返, 等待人數: 12/18
[Barrier] Learner 17 到達/重返, 等待人數: 13/18
[Barrier] Learner 10 到達/重返, 等待人數: 14/18
[Barrier] Learner 1 到達/重返, 等待人數: 15/18
[Barrier] Learner 4 到達/重返, 等待人數: 16/18
[Barrier] Learner 6 到達/重返, 等待人數: 17/18
[Barrier] Learner 0 到達/重返, 等待人數: 18/18
[Global EQ] 啟動 Leader SAT 尋找反例
[Table] MQ/CE SAT 填 hash=0x542dd3ec8afff939
[Barrier] Learner 0 到達/重返, 等待人數: 1/18
[Barrier] Learner 1 到達/重返, 等待人數: 2/18
[Barrier] Learner 3 到達/重返, 等待人數: 3/18
[Barrier] Learner 2 到達/重返, 等待人數: 4/18
[Barrier] Learner 17 到達/重返, 等待人數: 5/18
[Barrier] Learner 14 到達/重返, 等待人數: 6/18
[Barrier] Learner 4 到達/重返, 等待人數: 7/18
[Barrier] Learner 8 到達/重返, 等待人數: 8/18
[Barrier] Learner 7 到達/重返, 等待人數: 9/18
[Barrier] Learner 11 到達/重返, 等待人數: 10/18
[Barrier] Learner 6 到達/重返, 等待人數: 11/18
[Barrier] Learner 9 到達/重返, 等待人數: 12/18
[Barrier] Learner 10 到達/重返, 等待人數: 13/18
[Barrier] Learner 15 到達/重返, 等待人數: 14/18
[Barrier] Learner 13 到達/重返, 等待人數: 15/18
[Barrier] Learner 16 到達/重返, 等待人數: 16/18
[Barrier] Learner 12 到達/重返, 等待人數: 17/18
[Table] MQ/CE SAT 填 hash=0xff8ef158160b4279
[Table] MQ/CE SAT 填 hash=0x74e9fa4372639cc3
[Barrier] Learner 5 到達/重返, 等待人數: 18/18
[Global EQ] 啟動 Leader SAT 尋找反例
[Barrier] Learner 5 到達/重返, 等待人數: 1/18
[Barrier] Learner 3 到達/重返, 等待人數: 2/18
[Barrier] Learner 10 到達/重返, 等待人數: 3/18
[Barrier] Learner 4 到達/重返, 等待人數: 4/18
[Barrier] Learner 16 到達/重返, 等待人數: 5/18
[Barrier] Learner 17 到達/重返, 等待人數: 6/18
[Barrier] Learner 1 到達/重返, 等待人數: 7/18
[Barrier] Learner 7 到達/重返, 等待人數: 8/18
[Barrier] Learner 12 到達/重返, 等待人數: 9/18
[Barrier] Learner 2 到達/重返, 等待人數: 10/18
[Barrier] Learner 8 到達/重返, 等待人數: 11/18
[Barrier] Learner 13 到達/重返, 等待人數: 12/18
[Barrier] Learner 0 到達/重返, 等待人數: 13/18
[Barrier] Learner 15 到達/重返, 等待人數: 14/18
[Barrier] Learner 14 到達/重返, 等待人數: 15/18
[Barrier] Learner 6 到達/重返, 等待人數: 16/18
[Barrier] Learner 11 到達/重返, 等待人數: 17/18
[Table] MQ/CE SAT 填 hash=0x21b2da0182ba519e
[Table] MQ/CE SAT 填 hash=0xe705558bd48e2479
[Table] MQ/CE SAT 填 hash=0x69a1d1065ce913f9
[Barrier] Learner 9 到達/重返, 等待人數: 18/18
[Global EQ] 啟動 Leader SAT 尋找反例
[Barrier] Learner 2 到達/重返, 等待人數: 1/18
[Barrier] Learner 3 到達/重返, 等待人數: 2/18
[Barrier] Learner 1 到達/重返, 等待人數: 3/18
[Barrier] Learner 13 到達/重返, 等待人數: 4/18
[Barrier] Learner 11 到達/重返, 等待人數: 5/18
[Barrier] Learner 7 到達/重返, 等待人數: 6/18
[Barrier] Learner 14 到達/重返, 等待人數: 7/18
[Barrier] Learner 0 到達/重返, 等待人數: 8/18
[Barrier] Learner 10 到達/重返, 等待人數: 9/18
[Barrier] Learner 16 到達/重返, 等待人數: 10/18
[Barrier] Learner 6 到達/重返, 等待人數: 11/18
[Barrier] Learner 17 到達/重返, 等待人數: 12/18
[Barrier] Learner 15 到達/重返, 等待人數: 13/18
[Barrier] Learner 5 到達/重返, 等待人數: 14/18
[Barrier] Learner 4 到達/重返, 等待人數: 15/18
[Barrier] Learner 12 到達/重返, 等待人數: 16/18
[Barrier] Learner 8 到達/重返, 等待人數: 17/18
[Table] MQ/CE SAT 填 hash=0xc3edce7b0d136de
[Barrier] Learner 9 到達/重返, 等待人數: 18/18
[Global EQ] 啟動 Leader SAT 尋找反例
[Barrier] Learner 9 到達/重返, 等待人數: 1/18
[Barrier] Learner 5 到達/重返, 等待人數: 2/18
[Barrier] Learner 0 到達/重返, 等待人數: 3/18
[Barrier] Learner 17 到達/重返, 等待人數: 4/18
[Barrier] Learner 8 到達/重返, 等待人數: 5/18
[Barrier] Learner 3 到達/重返, 等待人數: 6/18
[Barrier] Learner 15 到達/重返, 等待人數: 7/18
[Barrier] Learner 16 到達/重返, 等待人數: 8/18
[Barrier] Learner 13 到達/重返, 等待人數: 9/18
[Barrier] Learner 10 到達/重返, 等待人數: 10/18
[Barrier] Learner 2 到達/重返, 等待人數: 11/18
[Barrier] Learner 6 到達/重返, 等待人數: 12/18
[Barrier] Learner 14 到達/重返, 等待人數: 13/18
[Barrier] Learner 7 到達/重返, 等待人數: 14/18
[Barrier] Learner 4 到達/重返, 等待人數: 15/18
[Barrier] Learner 12 到達/重返, 等待人數: 16/18
[Barrier] Learner 11 到達/重返, 等待人數: 17/18
[Barrier] Learner 1 到達/重返, 等待人數: 18/18
[Global EQ] 啟動 Leader SAT 尋找反例
[Table] MQ/CE SAT 填 hash=0x6f71426f4e16c7f3
[Barrier] Learner 1 到達/重返, 等待人數: 1/18
[Barrier] Learner 12 到達/重返, 等待人數: 2/18
[Barrier] Learner 13 到達/重返, 等待人數: 3/18
[Barrier] Learner 3 到達/重返, 等待人數: 4/18
[Barrier] Learner 0 到達/重返, 等待人數: 5/18
[Barrier] Learner 14 到達/重返, 等待人數: 6/18
[Barrier] Learner 4 到達/重返, 等待人數: 7/18
[Barrier] Learner 7 到達/重返, 等待人數: 8/18
[Barrier] Learner 8 到達/重返, 等待人數: 9/18
[Barrier] Learner 2 到達/重返, 等待人數: 10/18
[Barrier] Learner 16 到達/重返, 等待人數: 11/18
[Barrier] Learner 9 到達/重返, 等待人數: 12/18
[Barrier] Learner 6 到達/重返, 等待人數: 13/18
[Barrier] Learner 5 到達/重返, 等待人數: 14/18
[Table] MQ/CE SAT 填 hash=0x8abe20d7de88962b
[Barrier] Learner 17 到達/重返, 等待人數: 15/18
[Barrier] Learner 15 到達/重返, 等待人數: 16/18
[Table] MQ/CE SAT 填 hash=0x361f3e436993df6b
[Table] MQ/CE SAT 填 hash=0x7cf275dd8db052f9
[Table] MQ/CE SAT 填 hash=0xf24d7ec8ea08ad43
[Barrier] Learner 10 到達/重返, 等待人數: 17/18
[Table] MQ/CE SAT 填 hash=0x8dbf98f78319d791
[Barrier] Learner 11 到達/重返, 等待人數: 18/18
[Global EQ] 啟動 Leader SAT 尋找反例
[Barrier] Learner 11 到達/重返, 等待人數: 1/18
[Barrier] Learner 10 到達/重返, 等待人數: 2/18
[Barrier] Learner 13 到達/重返, 等待人數: 3/18
[Barrier] Learner 15 到達/重返, 等待人數: 4/18
[Barrier] Learner 4 到達/重返, 等待人數: 5/18
[Barrier] Learner 3 到達/重返, 等待人數: 6/18
[Barrier] Learner 5 到達/重返, 等待人數: 7/18
[Barrier] Learner 7 到達/重返, 等待人數: 8/18
[Barrier] Learner 6 到達/重返, 等待人數: 9/18
[Barrier] Learner 14 到達/重返, 等待人數: 10/18
[Barrier] Learner 16 到達/重返, 等待人數: 11/18
[Barrier] Learner 8 到達/重返, 等待人數: 12/18
[Barrier] Learner 0 到達/重返, 等待人數: 13/18
[Barrier] Learner 17 到達/重返, 等待人數: 14/18
[Barrier] Learner 12 到達/重返, 等待人數: 15/18
[Barrier] Learner 1 到達/重返, 等待人數: 16/18
[Barrier] Learner 2 到達/重返, 等待人數: 17/18
[Table] MQ/CE SAT 填 hash=0x8ef125885d764059
[Table] MQ/CE SAT 填 hash=0x481dedee3959cccb
[Table] MQ/CE SAT 填 hash=0x6b8789bb4b680692
[Table] MQ/CE SAT 填 hash=0x83d2f00437489364
[Table] MQ/CE SAT 填 hash=0x84e53f891fffe2b3
[Barrier] Learner 9 到達/重返, 等待人數: 18/18
[Global EQ] 啟動 Leader SAT 尋找反例
[Barrier] Learner 8 到達/重返, 等待人數: 1/18
[Barrier] Learner 5 到達/重返, 等待人數: 2/18
[Barrier] Learner 3 到達/重返, 等待人數: 3/18
[Barrier] Learner 11 到達/重返, 等待人數: 4/18
[Barrier] Learner 14 到達/重返, 等待人數: 5/18
[Barrier] Learner 13 到達/重返, 等待人數: 6/18
[Barrier] Learner 1 到達/重返, 等待人數: 7/18
[Barrier] Learner 15 到達/重返, 等待人數: 8/18
[Barrier] Learner 17 到達/重返, 等待人數: 9/18
[Barrier] Learner 16 到達/重返, 等待人數: 10/18
[Barrier] Learner 6 到達/重返, 等待人數: 11/18
[Barrier] Learner 4 到達/重返, 等待人數: 12/18
[Barrier] Learner 0 到達/重返, 等待人數: 13/18
[Barrier] Learner 12 到達/重返, 等待人數: 14/18
[Barrier] Learner 2 到達/重返, 等待人數: 15/18
[Barrier] Learner 10 到達/重返, 等待人數: 16/18
[Barrier] Learner 7 到達/重返, 等待人數: 17/18
[Table] MQ/CE SAT 填 hash=0x6e5ef2ea655f78a4
[Barrier] Learner 9 到達/重返, 等待人數: 18/18
[Global EQ] 啟動 Leader SAT 尋找反例
[Barrier] Learner 3 到達/重返, 等待人數: 1/18
[Barrier] Learner 13 到達/重返, 等待人數: 2/18
[Barrier] Learner 6 到達/重返, 等待人數: 3/18
[Barrier] Learner 1 到達/重返, 等待人數: 4/18
[Barrier] Learner 12 到達/重返, 等待人數: 5/18
[Barrier] Learner 14 到達/重返, 等待人數: 6/18
[Barrier] Learner 15 到達/重返, 等待人數: 7/18
[Barrier] Learner 11 到達/重返, 等待人數: 8/18
[Barrier] Learner 2 到達/重返, 等待人數: 9/18
[Barrier] Learner 10 到達/重返, 等待人數: 10/18
[Barrier] Learner 16 到達/重返, 等待人數: 11/18
[Barrier] Learner 0 到達/重返, 等待人數: 12/18
[Barrier] Learner 7 到達/重返, 等待人數: 13/18
[Barrier] Learner 4 到達/重返, 等待人數: 14/18
[Barrier] Learner 17 到達/重返, 等待人數: 15/18
[Barrier] Learner 5 到達/重返, 等待人數: 16/18
[Barrier] Learner 8 到達/重返, 等待人數: 17/18
[Table] MQ/CE SAT 填 hash=0xb6447a0972333b81
[Barrier] Learner 9 到達/重返, 等待人數: 18/18
[Global EQ] 啟動 Leader SAT 尋找反例
[Table] MQ/CE SAT 填 hash=0xa39bd27ff47e0112
[Barrier] Learner 15 到達/重返, 等待人數: 1/18
[Barrier] Learner 6 到達/重返, 等待人數: 2/18
[Barrier] Learner 17 到達/重返, 等待人數: 3/18
[Barrier] Learner 11 到達/重返, 等待人數: 4/18
[Barrier] Learner 0 到達/重返, 等待人數: 5/18
[Barrier] Learner 7 到達/重返, 等待人數: 6/18
[Barrier] Learner 10 到達/重返, 等待人數: 7/18
[Barrier] Learner 5 到達/重返, 等待人數: 8/18
[Barrier] Learner 16 到達/重返, 等待人數: 9/18
[Barrier] Learner 13 到達/重返, 等待人數: 10/18
[Barrier] Learner 3 到達/重返, 等待人數: 11/18
[Barrier] Learner 1 到達/重返, 等待人數: 12/18
[Barrier] Learner 4 到達/重返, 等待人數: 13/18
[Barrier] Learner 2 到達/重返, 等待人數: 14/18
[Table] MQ/CE SAT 填 hash=0x7907f62d65df6a3a
[Table] MQ/CE SAT 填 hash=0x15f5634bac4519f6
[Table] MQ/CE SAT 填 hash=0x6ce24308efef23d1
[Table] MQ/CE SAT 填 hash=0xf28bc77e9a36e02f
[Table] MQ/CE SAT 填 hash=0x5cc89ae5d0618d84
[Barrier] Learner 12 到達/重返, 等待人數: 15/18
[Table] MQ/CE SAT 填 hash=0x3234be9341c2f6ac
[Table] MQ/CE SAT 填 hash=0x1cead069fa73ab40
[Table] MQ/CE SAT 填 hash=0x472aaa130f2b96ef
[Table] MQ/CE SAT 填 hash=0x776d350288a9080
[Barrier] Learner 9 到達/重返, 等待人數: 16/18
[Table] MQ/CE SAT 填 hash=0x9cdb38c8d4b13b8f
[Table] MQ/CE SAT 填 hash=0x72475c764612a4b7
[Table] MQ/CE SAT 填 hash=0xacf4e0ebf43ed1dc
[Table] MQ/CE SAT 填 hash=0x5cfd6e4cfec3594b
[Barrier] Learner 8 到達/重返, 等待人數: 17/18
[Table] MQ/CE SAT 填 hash=0x9e4bac0a42f0d10b
[Table] MQ/CE SAT 填 hash=0xae9f3b7993fc2efb
[Barrier] Learner 14 到達/重返, 等待人數: 18/18
[Global EQ] 啟動 Leader SAT 尋找反例
[Barrier] Learner 14 到達/重返, 等待人數: 1/18
[Barrier] Learner 2 到達/重返, 等待人數: 2/18
[Barrier] Learner 8 到達/重返, 等待人數: 3/18
[Barrier] Learner 9 到達/重返, 等待人數: 4/18
[Barrier] Learner 5 到達/重返, 等待人數: 5/18
[Barrier] Learner 7 到達/重返, 等待人數: 6/18
[Barrier] Learner 4 到達/重返, 等待人數: 7/18
[Barrier] Learner 3 到達/重返, 等待人數: 8/18
[Barrier] Learner 10 到達/重返, 等待人數: 9/18
[Barrier] Learner 1 到達/重返, 等待人數: 10/18
[Barrier] Learner 11 到達/重返, 等待人數: 11/18
[Barrier] Learner 0 到達/重返, 等待人數: 12/18
[Barrier] Learner 16 到達/重返, 等待人數: 13/18
[Barrier] Learner 13 到達/重返, 等待人數: 14/18
[Barrier] Learner 12 到達/重返, 等待人數: 15/18
[Barrier] Learner 15 到達/重返, 等待人數: 16/18
[Barrier] Learner 17 到達/重返, 等待人數: 17/18
[Table] MQ/CE SAT 填 hash=0xbb69fb98f62cf42d
[Table] MQ/CE SAT 填 hash=0xc78faebd6c1d3a96
[Table] MQ/CE SAT 填 hash=0x6079e47704fb4a26
[Table] MQ/CE SAT 填 hash=0x88e4483ba7e15c2
[Barrier] Learner 6 到達/重返, 等待人數: 18/18
[Global EQ] 啟動 Leader SAT 尋找反例
[Barrier] Learner 4 到達/重返, 等待人數: 1/18
[Barrier] Learner 13 到達/重返, 等待人數: 2/18
[Barrier] Learner 7 到達/重返, 等待人數: 3/18
[Barrier] Learner 9 到達/重返, 等待人數: 4/18
[Barrier] Learner 8 到達/重返, 等待人數: 5/18
[Barrier] Learner 2 到達/重返, 等待人數: 6/18
[Barrier] Learner 12 到達/重返, 等待人數: 7/18
[Barrier] Learner 17 到達/重返, 等待人數: 8/18
[Barrier] Learner 15 到達/重返, 等待人數: 9/18
[Barrier] Learner 10 到達/重返, 等待人數: 10/18
[Barrier] Learner 1 到達/重返, 等待人數: 11/18
[Barrier] Learner 5 到達/重返, 等待人數: 12/18
[Barrier] Learner 14 到達/重返, 等待人數: 13/18
[Barrier] Learner 16 到達/重返, 等待人數: 14/18
[Barrier] Learner 11 到達/重返, 等待人數: 15/18
[Barrier] Learner 3 到達/重返, 等待人數: 16/18
[Barrier] Learner 0 到達/重返, 等待人數: 17/18
[Table] MQ/CE SAT 填 hash=0x545431528f0b03bd
[Table] MQ/CE SAT 填 hash=0x97761f5b7e8dbaa9
[Barrier] Learner 6 到達/重返, 等待人數: 18/18
[Global EQ] 啟動 Leader SAT 尋找反例
[Barrier] Learner 9 到達/重返, 等待人數: 1/18
[Barrier] Learner 10 到達/重返, 等待人數: 2/18
[Barrier] Learner 0 到達/重返, 等待人數: 3/18
[Barrier] Learner 7 到達/重返, 等待人數: 4/18
[Barrier] Learner 5 到達/重返, 等待人數: 5/18
[Barrier] Learner 3 到達/重返, 等待人數: 6/18
[Barrier] Learner 13 到達/重返, 等待人數: 7/18
[Barrier] Learner 15 到達/重返, 等待人數: 8/18
[Barrier] Learner 4 到達/重返, 等待人數: 9/18
[Barrier] Learner 1 到達/重返, 等待人數: 10/18
[Barrier] Learner 16 到達/重返, 等待人數: 11/18
[Barrier] Learner 17 到達/重返, 等待人數: 12/18
[Barrier] Learner 11 到達/重返, 等待人數: 13/18
[Barrier] Learner 6 到達/重返, 等待人數: 14/18
[Barrier] Learner 2 到達/重返, 等待人數: 15/18
[Table] MQ/CE SAT 填 hash=0xee2053ab4d343142
[Table] MQ/CE SAT 填 hash=0x8b0dc0c99399e0fe
[Table] MQ/CE SAT 填 hash=0xf2238b0ffabbd16e
[Table] MQ/CE SAT 填 hash=0xcab6b7de3b25f77b
[Barrier] Learner 12 到達/重返, 等待人數: 16/18
[Table] MQ/CE SAT 填 hash=0x7617d549c63140bb
[Table] MQ/CE SAT 填 hash=0xcbc863ff8bb6e55b
[Table] MQ/CE SAT 填 hash=0xf65c40521a557c33
[Table] MQ/CE SAT 填 hash=0x3109c4c7c881a958
[Table] MQ/CE SAT 填 hash=0xba62e7b61a4c79f
[Barrier] Learner 8 到達/重返, 等待人數: 17/18
[Table] MQ/CE SAT 填 hash=0x4cf46c38a5d23f5f
[Barrier] Learner 14 到達/重返, 等待人數: 18/18
[Global EQ] 啟動 Leader SAT 尋找反例
[Barrier] Learner 14 到達/重返, 等待人數: 1/18
[Barrier] Learner 3 到達/重返, 等待人數: 2/18
[Barrier] Learner 9 到達/重返, 等待人數: 3/18
[Barrier] Learner 17 到達/重返, 等待人數: 4/18
[Barrier] Learner 6 到達/重返, 等待人數: 5/18
[Barrier] Learner 12 到達/重返, 等待人數: 6/18
[Barrier] Learner 13 到達/重返, 等待人數: 7/18
[Barrier] Learner 7 到達/重返, 等待人數: 8/18
[Barrier] Learner 0 到達/重返, 等待人數: 9/18
[Barrier] Learner 4 到達/重返, 等待人數: 10/18
[Barrier] Learner 1 到達/重返, 等待人數: 11/18
[Barrier] Learner 8 到達/重返, 等待人數: 12/18
[Barrier] Learner 16 到達/重返, 等待人數: 13/18
[Barrier] Learner 5 到達/重返, 等待人數: 14/18
[Barrier] Learner 15 到達/重返, 等待人數: 15/18
[Barrier] Learner 11 到達/重返, 等待人數: 16/18
[Barrier] Learner 10 到達/重返, 等待人數: 17/18
[Barrier] Learner 2 到達/重返, 等待人數: 18/18
[Global EQ] 啟動 Leader SAT 尋找反例
[Barrier] Learner 2 到達/重返, 等待人數: 1/18
[Barrier] Learner 12 到達/重返, 等待人數: 2/18
[Barrier] Learner 16 到達/重返, 等待人數: 3/18
[Barrier] Learner 14 到達/重返, 等待人數: 4/18
[Barrier] Learner 7 到達/重返, 等待人數: 5/18
[Barrier] Learner 4 到達/重返, 等待人數: 6/18
[Barrier] Learner 8 到達/重返, 等待人數: 7/18
[Barrier] Learner 13 到達/重返, 等待人數: 8/18
[Barrier] Learner 9 到達/重返, 等待人數: 9/18
[Barrier] Learner 0 到達/重返, 等待人數: 10/18
[Barrier] Learner 15 到達/重返, 等待人數: 11/18
[Barrier] Learner 10 到達/重返, 等待人數: 12/18
[Barrier] Learner 17 到達/重返, 等待人數: 13/18
[Barrier] Learner 3 到達/重返, 等待人數: 14/18
[Barrier] Learner 1 到達/重返, 等待人數: 15/18
[Barrier] Learner 6 到達/重返, 等待人數: 16/18
[Barrier] Learner 11 到達/重返, 等待人數: 17/18
[Barrier] Learner 5 到達/重返, 等待人數: 18/18
[Global EQ] 啟動 Leader SAT 尋找反例
[Barrier] Learner 5 到達/重返, 等待人數: 1/18
[Barrier] Learner 7 到達/重返, 等待人數: 2/18
[Barrier] Learner 2 到達/重返, 等待人數: 3/18
[Barrier] Learner 4 到達/重返, 等待人數: 4/18
[Barrier] Learner 6 到達/重返, 等待人數: 5/18
[Barrier] Learner 14 到達/重返, 等待人數: 6/18
[Barrier] Learner 8 到達/重返, 等待人數: 7/18
[Barrier] Learner 10 到達/重返, 等待人數: 8/18
[Barrier] Learner 16 到達/重返, 等待人數: 9/18
[Barrier] Learner 12 到達/重返, 等待人數: 10/18
[Barrier] Learner 3 到達/重返, 等待人數: 11/18
[Barrier] Learner 0 到達/重返, 等待人數: 12/18
[Barrier] Learner 1 到達/重返, 等待人數: 13/18
[Barrier] Learner 9 到達/重返, 等待人數: 14/18
[Table] MQ/CE SAT 填 hash=0x52ad884f75dc6b6e
[Table] MQ/CE SAT 填 hash=0x180003d9c7b03e49
[Barrier] Learner 15 到達/重返, 等待人數: 15/18
[Barrier] Learner 17 到達/重返, 等待人數: 16/18
[Barrier] Learner 11 到達/重返, 等待人數: 17/18
[Table] MQ/CE SAT 填 hash=0x9a9c7f54500b2dc9
[Barrier] Learner 13 到達/重返, 等待人數: 18/18
[Global EQ] 啟動 Leader SAT 尋找反例
[Barrier] Learner 13 到達/重返, 等待人數: 1/18
[Barrier] Learner 1 到達/重返, 等待人數: 2/18
[Barrier] Learner 6 到達/重返, 等待人數: 3/18
[Barrier] Learner 0 到達/重返, 等待人數: 4/18
[Barrier] Learner 12 到達/重返, 等待人數: 5/18
[Barrier] Learner 8 到達/重返, 等待人數: 6/18
[Barrier] Learner 4 到達/重返, 等待人數: 7/18
[Barrier] Learner 3 到達/重返, 等待人數: 8/18
[Barrier] Learner 14 到達/重返, 等待人數: 9/18
[Barrier] Learner 15 到達/重返, 等待人數: 10/18
[Barrier] Learner 11 到達/重返, 等待人數: 11/18
[Barrier] Learner 17 到達/重返, 等待人數: 12/18
[Barrier] Learner 16 到達/重返, 等待人數: 13/18
[Barrier] Learner 10 到達/重返, 等待人數: 14/18
[Barrier] Learner 7 到達/重返, 等待人數: 15/18
[Barrier] Learner 9 到達/重返, 等待人數: 16/18
[Barrier] Learner 2 到達/重返, 等待人數: 17/18
[Barrier] Learner 5 到達/重返, 等待人數: 18/18
[Global EQ] 啟動 Leader SAT 尋找反例
[Barrier] Learner 12 到達/重返, 等待人數: 1/18
[Barrier] Learner 2 到達/重返, 等待人數: 2/18
[Barrier] Learner 6 到達/重返, 等待人數: 3/18
[Barrier] Learner 3 到達/重返, 等待人數: 4/18
[Barrier] Learner 4 到達/重返, 等待人數: 5/18
[Barrier] Learner 11 到達/重返, 等待人數: 6/18
[Barrier] Learner 17 到達/重返, 等待人數: 7/18
[Barrier] Learner 5 到達/重返, 等待人數: 8/18
[Barrier] Learner 0 到達/重返, 等待人數: 9/18
[Barrier] Learner 15 到達/重返, 等待人數: 10/18
[Barrier] Learner 10 到達/重返, 等待人數: 11/18
[Barrier] Learner 16 到達/重返, 等待人數: 12/18
[Barrier] Learner 14 到達/重返, 等待人數: 13/18
[Barrier] Learner 13 到達/重返, 等待人數: 14/18
[Barrier] Learner 1 到達/重返, 等待人數: 15/18
[Barrier] Learner 7 到達/重返, 等待人數: 16/18
[Barrier] Learner 8 到達/重返, 等待人數: 17/18
[Barrier] Learner 9 到達/重返, 等待人數: 18/18
[Global EQ] 啟動 Leader SAT 尋找反例
[Barrier] Learner 9 到達/重返, 等待人數: 1/18
[Barrier] Learner 5 到達/重返, 等待人數: 2/18
[Barrier] Learner 16 到達/重返, 等待人數: 3/18
[Barrier] Learner 12 到達/重返, 等待人數: 4/18
[Barrier] Learner 10 到達/重返, 等待人數: 5/18
[Barrier] Learner 8 到達/重返, 等待人數: 6/18
[Barrier] Learner 11 到達/重返, 等待人數: 7/18
[Barrier] Learner 7 到達/重返, 等待人數: 8/18
[Barrier] Learner 2 到達/重返, 等待人數: 9/18
[Barrier] Learner 13 到達/重返, 等待人數: 10/18
[Barrier] Learner 3 到達/重返, 等待人數: 11/18
[Barrier] Learner 15 到達/重返, 等待人數: 12/18
[Barrier] Learner 0 到達/重返, 等待人數: 13/18
[Barrier] Learner 14 到達/重返, 等待人數: 14/18
[Barrier] Learner 17 到達/重返, 等待人數: 15/18
[Barrier] Learner 6 到達/重返, 等待人數: 16/18
[Barrier] Learner 1 到達/重返, 等待人數: 17/18
[Barrier] Learner 4 到達/重返, 等待人數: 18/18
[Global EQ] 啟動 Leader SAT 尋找反例
[Barrier] Learner 4 到達/重返, 等待人數: 1/18
[Barrier] Learner 1 到達/重返, 等待人數: 2/18
[Barrier] Learner 16 到達/重返, 等待人數: 3/18
[Barrier] Learner 17 到達/重返, 等待人數: 4/18
[Barrier] Learner 8 到達/重返, 等待人數: 5/18
[Barrier] Learner 3 到達/重返, 等待人數: 6/18
[Barrier] Learner 15 到達/重返, 等待人數: 7/18
[Barrier] Learner 12 到達/重返, 等待人數: 8/18
[Barrier] Learner 5 到達/重返, 等待人數: 9/18
[Barrier] Learner 0 到達/重返, 等待人數: 10/18
[Barrier] Learner 10 到達/重返, 等待人數: 11/18
[Barrier] Learner 11 到達/重返, 等待人數: 12/18
[Barrier] Learner 6 到達/重返, 等待人數: 13/18
[Barrier] Learner 13 到達/重返, 等待人數: 14/18
[Barrier] Learner 2 到達/重返, 等待人數: 15/18
[Barrier] Learner 7 到達/重返, 等待人數: 16/18
[Barrier] Learner 9 到達/重返, 等待人數: 17/18
[Barrier] Learner 14 到達/重返, 等待人數: 18/18
[Global EQ] 啟動 Leader SAT 尋找反例
[Barrier] Learner 4 到達/重返, 等待人數: 1/18
[Barrier] Learner 11 到達/重返, 等待人數: 2/18
[Barrier] Learner 17 到達/重返, 等待人數: 3/18
[Barrier] Learner 12 到達/重返, 等待人數: 4/18
[Barrier] Learner 9 到達/重返, 等待人數: 5/18
[Barrier] Learner 6 到達/重返, 等待人數: 6/18
[Barrier] Learner 13 到達/重返, 等待人數: 7/18
[Barrier] Learner 15 到達/重返, 等待人數: 8/18
[Barrier] Learner 14 到達/重返, 等待人數: 9/18
[Barrier] Learner 2 到達/重返, 等待人數: 10/18
[Barrier] Learner 1 到達/重返, 等待人數: 11/18
[Barrier] Learner 7 到達/重返, 等待人數: 12/18
[Barrier] Learner 8 到達/重返, 等待人數: 13/18
[Barrier] Learner 16 到達/重返, 等待人數: 14/18
[Barrier] Learner 0 到達/重返, 等待人數: 15/18
[Barrier] Learner 5 到達/重返, 等待人數: 16/18
[Barrier] Learner 10 到達/重返, 等待人數: 17/18
[Barrier] Learner 3 到達/重返, 等待人數: 18/18
[Global EQ] 啟動 Leader SAT 尋找反例
[Barrier] Learner 3 到達/重返, 等待人數: 1/18
[Barrier] Learner 2 到達/重返, 等待人數: 2/18
[Barrier] Learner 4 到達/重返, 等待人數: 3/18
[Barrier] Learner 11 到達/重返, 等待人數: 4/18
[Barrier] Learner 14 到達/重返, 等待人數: 5/18
[Barrier] Learner 1 到達/重返, 等待人數: 6/18
[Barrier] Learner 17 到達/重返, 等待人數: 7/18
[Barrier] Learner 10 到達/重返, 等待人數: 8/18
[Barrier] Learner 13 到達/重返, 等待人數: 9/18
[Barrier] Learner 15 到達/重返, 等待人數: 10/18
[Barrier] Learner 16 到達/重返, 等待人數: 11/18
[Barrier] Learner 12 到達/重返, 等待人數: 12/18
[Barrier] Learner 6 到達/重返, 等待人數: 13/18
[Barrier] Learner 0 到達/重返, 等待人數: 14/18
[Barrier] Learner 8 到達/重返, 等待人數: 15/18
[Barrier] Learner 7 到達/重返, 等待人數: 16/18
[Barrier] Learner 5 到達/重返, 等待人數: 17/18
[Barrier] Learner 9 到達/重返, 等待人數: 18/18
[Global EQ] 啟動 Leader SAT 尋找反例
[Barrier] Learner 13 到達/重返, 等待人數: 1/18
[Barrier] Learner 15 到達/重返, 等待人數: 2/18
[Barrier] Learner 1 到達/重返, 等待人數: 3/18
[Barrier] Learner 14 到達/重返, 等待人數: 4/18
[Barrier] Learner 4 到達/重返, 等待人數: 5/18
[Barrier] Learner 11 到達/重返, 等待人數: 6/18
[Barrier] Learner 17 到達/重返, 等待人數: 7/18
[Barrier] Learner 12 到達/重返, 等待人數: 8/18
[Barrier] Learner 2 到達/重返, 等待人數: 9/18
[Barrier] Learner 16 到達/重返, 等待人數: 10/18
[Barrier] Learner 10 到達/重返, 等待人數: 11/18
[Barrier] Learner 0 到達/重返, 等待人數: 12/18
[Barrier] Learner 5 到達/重返, 等待人數: 13/18
[Barrier] Learner 8 到達/重返, 等待人數: 14/18
[Barrier] Learner 6 到達/重返, 等待人數: 15/18
[Table] MQ/CE SAT 填 hash=0xa4161f5d17de1501
[Table] MQ/CE SAT 填 hash=0x39d94bf5e1b367ac
[Table] MQ/CE SAT 填 hash=0x4e6590a752587061
[Barrier] Learner 9 到達/重返, 等待人數: 16/18
[Barrier] Learner 7 到達/重返, 等待人數: 17/18
[Table] MQ/CE SAT 填 hash=0x166fb028cfa52de5
[Table] MQ/CE SAT 填 hash=0xc1d0cd945ab07725
[Table] MQ/CE SAT 填 hash=0x6c203ede952ad285
[Table] MQ/CE SAT 填 hash=0xec64a9e6e94f0dfd
[Table] MQ/CE SAT 填 hash=0xf88a5d0b5f3f5466
[Table] MQ/CE SAT 填 hash=0x8e27d5662294e652
[Barrier] Learner 3 到達/重返, 等待人數: 18/18
[Global EQ] 啟動 Leader SAT 尋找反例
[Barrier] Learner 3 到達/重返, 等待人數: 1/18
[Barrier] Learner 12 到達/重返, 等待人數: 2/18
[Barrier] Learner 14 到達/重返, 等待人數: 3/18
[Barrier] Learner 17 到達/重返, 等待人數: 4/18
[Barrier] Learner 1 到達/重返, 等待人數: 5/18
[Barrier] Learner 13 到達/重返, 等待人數: 6/18
[Barrier] Learner 6 到達/重返, 等待人數: 7/18
[Barrier] Learner 16 到達/重返, 等待人數: 8/18
[Barrier] Learner 0 到達/重返, 等待人數: 9/18
[Barrier] Learner 8 到達/重返, 等待人數: 10/18
[Barrier] Learner 5 到達/重返, 等待人數: 11/18
[Barrier] Learner 2 到達/重返, 等待人數: 12/18
[Barrier] Learner 7 到達/重返, 等待人數: 13/18
[Barrier] Learner 4 到達/重返, 等待人數: 14/18
[Barrier] Learner 11 到達/重返, 等待人數: 15/18
[Barrier] Learner 15 到達/重返, 等待人數: 16/18
[Table] MQ/CE SAT 填 hash=0x664526cb3fc6073b
[Table] MQ/CE SAT 填 hash=0x7b8f14f4871552a7
[Table] MQ/CE SAT 填 hash=0x6340c092abcf85d
[Table] MQ/CE SAT 填 hash=0x8397908ea26208dd
[Table] MQ/CE SAT 填 hash=0xd23c485357defd7d
[Table] MQ/CE SAT 填 hash=0xddaf2af73ba3946d
[Table] MQ/CE SAT 填 hash=0x4f9fccd8cf840dfd
[Table] MQ/CE SAT 填 hash=0xa413f606762eb697
[Barrier] Learner 10 到達/重返, 等待人數: 17/18
[Table] MQ/CE SAT 填 hash=0x21777a8bedd3c717
[Table] MQ/CE SAT 填 hash=0xed7fb6d61af5cc37
[Barrier] Learner 9 到達/重返, 等待人數: 18/18
[Global EQ] 啟動 Leader SAT 尋找反例
[Table] MQ/CE SAT 填 hash=0xf6c3b712dad358a3
[Barrier] Learner 9 到達/重返, 等待人數: 1/18
[Barrier] Learner 13 到達/重返, 等待人數: 2/18
[Barrier] Learner 17 到達/重返, 等待人數: 3/18
[Barrier] Learner 12 到達/重返, 等待人數: 4/18
[Barrier] Learner 4 到達/重返, 等待人數: 5/18
[Barrier] Learner 7 到達/重返, 等待人數: 6/18
[Barrier] Learner 15 到達/重返, 等待人數: 7/18
[Barrier] Learner 6 到達/重返, 等待人數: 8/18
[Barrier] Learner 16 到達/重返, 等待人數: 9/18
[Barrier] Learner 0 到達/重返, 等待人數: 10/18
[Barrier] Learner 8 到達/重返, 等待人數: 11/18
[Barrier] Learner 14 到達/重返, 等待人數: 12/18
[Barrier] Learner 10 到達/重返, 等待人數: 13/18
[Barrier] Learner 2 到達/重返, 等待人數: 14/18
[Barrier] Learner 5 到達/重返, 等待人數: 15/18
[Barrier] Learner 3 到達/重返, 等待人數: 16/18
[Barrier] Learner 1 到達/重返, 等待人數: 17/18
[Barrier] Learner 11 到達/重返, 等待人數: 18/18
[Global EQ] 啟動 Leader SAT 尋找反例
[Barrier] Learner 7 到達/重返, 等待人數: 1/18
[Barrier] Learner 11 到達/重返, 等待人數: 2/18
[Barrier] Learner 0 到達/重返, 等待人數: 3/18
[Barrier] Learner 2 到達/重返, 等待人數: 4/18
[Barrier] Learner 5 到達/重返, 等待人數: 5/18
[Barrier] Learner 6 到達/重返, 等待人數: 6/18
[Barrier] Learner 12 到達/重返, 等待人數: 7/18
[Barrier] Learner 3 到達/重返, 等待人數: 8/18
[Barrier] Learner 13 到達/重返, 等待人數: 9/18
[Barrier] Learner 8 到達/重返, 等待人數: 10/18
[Barrier] Learner 4 到達/重返, 等待人數: 11/18
[Barrier] Learner 16 到達/重返, 等待人數: 12/18
[Barrier] Learner 9 到達/重返, 等待人數: 13/18
[Barrier] Learner 1 到達/重返, 等待人數: 14/18
[Barrier] Learner 17 到達/重返, 等待人數: 15/18
[Barrier] Learner 14 到達/重返, 等待人數: 16/18
[Barrier] Learner 10 到達/重返, 等待人數: 17/18
[Table] MQ/CE SAT 填 hash=0xf1211a9db37ed722
[Table] MQ/CE SAT 填 hash=0x9c8238093e8a2062
[Table] MQ/CE SAT 填 hash=0x7b32696164f5cf5e
[Table] MQ/CE SAT 填 hash=0xce2b541fff028955
[Table] MQ/CE SAT 填 hash=0x50c7cf9a875d78d5
[Table] MQ/CE SAT 填 hash=0x84bf93505a3b73b5
[Barrier] Learner 15 到達/重返, 等待人數: 18/18
[Global EQ] 啟動 Leader SAT 尋找反例
[Barrier] Learner 5 到達/重返, 等待人數: 1/18
[Barrier] Learner 15 到達/重返, 等待人數: 2/18
[Barrier] Learner 1 到達/重返, 等待人數: 3/18
[Barrier] Learner 10 到達/重返, 等待人數: 4/18
[Barrier] Learner 12 到達/重返, 等待人數: 5/18
[Barrier] Learner 13 到達/重返, 等待人數: 6/18
[Barrier] Learner 9 到達/重返, 等待人數: 7/18
[Barrier] Learner 14 到達/重返, 等待人數: 8/18
[Barrier] Learner 0 到達/重返, 等待人數: 9/18
[Barrier] Learner 11 到達/重返, 等待人數: 10/18
[Barrier] Learner 7 到達/重返, 等待人數: 11/18
[Barrier] Learner 16 到達/重返, 等待人數: 12/18
[Barrier] Learner 2 到達/重返, 等待人數: 13/18
[Barrier] Learner 3 到達/重返, 等待人數: 14/18
[Barrier] Learner 6 到達/重返, 等待人數: 15/18
[Barrier] Learner 17 到達/重返, 等待人數: 16/18
[Barrier] Learner 4 到達/重返, 等待人數: 17/18
[Barrier] Learner 8 到達/重返, 等待人數: 18/18
[Global EQ] 啟動 Leader SAT 尋找反例
[Barrier] Learner 8 到達/重返, 等待人數: 1/18
[Barrier] Learner 11 到達/重返, 等待人數: 2/18
[Barrier] Learner 13 到達/重返, 等待人數: 3/18
[Barrier] Learner 5 到達/重返, 等待人數: 4/18
[Barrier] Learner 4 到達/重返, 等待人數: 5/18
[Barrier] Learner 6 到達/重返, 等待人數: 6/18
[Barrier] Learner 10 到達/重返, 等待人數: 7/18
[Barrier] Learner 17 到達/重返, 等待人數: 8/18
[Barrier] Learner 2 到達/重返, 等待人數: 9/18
[Barrier] Learner 9 到達/重返, 等待人數: 10/18
[Barrier] Learner 7 到達/重返, 等待人數: 11/18
[Barrier] Learner 14 到達/重返, 等待人數: 12/18
[Barrier] Learner 16 到達/重返, 等待人數: 13/18
[Barrier] Learner 12 到達/重返, 等待人數: 14/18
[Barrier] Learner 3 到達/重返, 等待人數: 15/18
[Barrier] Learner 0 到達/重返, 等待人數: 16/18
[Barrier] Learner 1 到達/重返, 等待人數: 17/18
[Table] MQ/CE SAT 填 hash=0x31f161f88e78c7e4
[Table] MQ/CE SAT 填 hash=0x87a1f0ae53fe6c84
[Barrier] Learner 15 到達/重返, 等待人數: 18/18
[Global EQ] 啟動 Leader SAT 尋找反例
[Barrier] Learner 5 到達/重返, 等待人數: 1/18
[Barrier] Learner 15 到達/重返, 等待人數: 2/18
[Barrier] Learner 8 到達/重返, 等待人數: 3/18
[Barrier] Learner 2 到達/重返, 等待人數: 4/18
[Barrier] Learner 11 到達/重返, 等待人數: 5/18
[Barrier] Learner 7 到達/重返, 等待人數: 6/18
[Barrier] Learner 16 到達/重返, 等待人數: 7/18
[Barrier] Learner 17 到達/重返, 等待人數: 8/18
[Barrier] Learner 12 到達/重返, 等待人數: 9/18
[Barrier] Learner 13 到達/重返, 等待人數: 10/18
[Barrier] Learner 6 到達/重返, 等待人數: 11/18
[Barrier] Learner 1 到達/重返, 等待人數: 12/18
[Barrier] Learner 14 到達/重返, 等待人數: 13/18
[Barrier] Learner 9 到達/重返, 等待人數: 14/18
[Barrier] Learner 4 到達/重返, 等待人數: 15/18
[Barrier] Learner 3 到達/重返, 等待人數: 16/18
[Barrier] Learner 0 到達/重返, 等待人數: 17/18
[Table] MQ/CE SAT 填 hash=0x42510c88b37c575
[Table] MQ/CE SAT 填 hash=0xbd51d92e671b51e7
[Table] MQ/CE SAT 填 hash=0x130267e42ca0f687
[Table] MQ/CE SAT 填 hash=0x74300107dc2329cf
[Table] MQ/CE SAT 填 hash=0x6e2d10c89300a703
[Table] MQ/CE SAT 填 hash=0xd61c983438bc9cc3
[Barrier] Learner 10 到達/重返, 等待人數: 18/18
[Global EQ] 啟動 Leader SAT 尋找反例
[Barrier] Learner 10 到達/重返, 等待人數: 1/18
[Barrier] Learner 9 到達/重返, 等待人數: 2/18
[Barrier] Learner 13 到達/重返, 等待人數: 3/18
[Barrier] Learner 16 到達/重返, 等待人數: 4/18
[Barrier] Learner 12 到達/重返, 等待人數: 5/18
[Barrier] Learner 4 到達/重返, 等待人數: 6/18
[Barrier] Learner 1 到達/重返, 等待人數: 7/18
[Barrier] Learner 15 到達/重返, 等待人數: 8/18
[Barrier] Learner 8 到達/重返, 等待人數: 9/18
[Barrier] Learner 11 到達/重返, 等待人數: 10/18
[Barrier] Learner 0 到達/重返, 等待人數: 11/18
[Barrier] Learner 14 到達/重返, 等待人數: 12/18
[Barrier] Learner 17 到達/重返, 等待人數: 13/18
[Barrier] Learner 5 到達/重返, 等待人數: 14/18
[Barrier] Learner 2 到達/重返, 等待人數: 15/18
[Barrier] Learner 7 到達/重返, 等待人數: 16/18
[Barrier] Learner 3 到達/重返, 等待人數: 17/18
[Barrier] Learner 6 到達/重返, 等待人數: 18/18
[Global EQ] 啟動 Leader SAT 尋找反例
[Barrier] Learner 6 到達/重返, 等待人數: 1/18
[Barrier] Learner 0 到達/重返, 等待人數: 2/18
[Barrier] Learner 1 到達/重返, 等待人數: 3/18
[Barrier] Learner 10 到達/重返, 等待人數: 4/18
[Barrier] Learner 15 到達/重返, 等待人數: 5/18
[Barrier] Learner 11 到達/重返, 等待人數: 6/18
[Barrier] Learner 13 到達/重返, 等待人數: 7/18
[Barrier] Learner 7 到達/重返, 等待人數: 8/18
[Barrier] Learner 9 到達/重返, 等待人數: 9/18
[Barrier] Learner 17 到達/重返, 等待人數: 10/18
[Barrier] Learner 16 到達/重返, 等待人數: 11/18
[Barrier] Learner 12 到達/重返, 等待人數: 12/18
[Barrier] Learner 5 到達/重返, 等待人數: 13/18
[Barrier] Learner 4 到達/重返, 等待人數: 14/18
[Barrier] Learner 2 到達/重返, 等待人數: 15/18
[Barrier] Learner 3 到達/重返, 等待人數: 16/18
[Barrier] Learner 8 到達/重返, 等待人數: 17/18
[Barrier] Learner 14 到達/重返, 等待人數: 18/18
[Global EQ] 啟動 Leader SAT 尋找反例
[Barrier] Learner 7 到達/重返, 等待人數: 1/18
[Barrier] Learner 4 到達/重返, 等待人數: 2/18
[Barrier] Learner 16 到達/重返, 等待人數: 3/18
[Barrier] Learner 5 到達/重返, 等待人數: 4/18
[Barrier] Learner 8 到達/重返, 等待人數: 5/18
[Barrier] Learner 3 到達/重返, 等待人數: 6/18
[Barrier] Learner 6 到達/重返, 等待人數: 7/18
[Barrier] Learner 14 到達/重返, 等待人數: 8/18
[Barrier] Learner 12 到達/重返, 等待人數: 9/18
[Barrier] Learner 17 到達/重返, 等待人數: 10/18
[Barrier] Learner 13 到達/重返, 等待人數: 11/18
[Barrier] Learner 10 到達/重返, 等待人數: 12/18
[Barrier] Learner 1 到達/重返, 等待人數: 13/18
[Barrier] Learner 11 到達/重返, 等待人數: 14/18
[Barrier] Learner 0 到達/重返, 等待人數: 15/18
[Barrier] Learner 2 到達/重返, 等待人數: 16/18
[Barrier] Learner 9 到達/重返, 等待人數: 17/18
[Table] MQ/CE SAT 填 hash=0x3c8bd5510f79f9c5
[Table] MQ/CE SAT 填 hash=0xe7ecf2bc9a854305
[Barrier] Learner 15 到達/重返, 等待人數: 18/18
[Global EQ] 啟動 Leader SAT 尋找反例
[Barrier] Learner 15 到達/重返, 等待人數: 1/18
[Barrier] Learner 6 到達/重返, 等待人數: 2/18
[Barrier] Learner 3 到達/重返, 等待人數: 3/18
[Barrier] Learner 1 到達/重返, 等待人數: 4/18
[Barrier] Learner 8 到達/重返, 等待人數: 5/18
[Barrier] Learner 17 到達/重返, 等待人數: 6/18
[Barrier] Learner 2 到達/重返, 等待人數: 7/18
[Barrier] Learner 13 到達/重返, 等待人數: 8/18
[Barrier] Learner 16 到達/重返, 等待人數: 9/18
[Barrier] Learner 10 到達/重返, 等待人數: 10/18
[Barrier] Learner 0 到達/重返, 等待人數: 11/18
[Barrier] Learner 12 到達/重返, 等待人數: 12/18
[Barrier] Learner 9 到達/重返, 等待人數: 13/18
[Barrier] Learner 11 到達/重返, 等待人數: 14/18
[Barrier] Learner 7 到達/重返, 等待人數: 15/18
[Barrier] Learner 5 到達/重返, 等待人數: 16/18
[Barrier] Learner 4 到達/重返, 等待人數: 17/18
[Table] MQ/CE SAT 填 hash=0x7119816ff24500bf
[Barrier] Learner 14 到達/重返, 等待人數: 18/18
[Global EQ] 啟動 Leader SAT 尋找反例
[Barrier] Learner 14 到達/重返, 等待人數: 1/18
[Barrier] Learner 6 到達/重返, 等待人數: 2/18
[Barrier] Learner 15 到達/重返, 等待人數: 3/18
[Barrier] Learner 3 到達/重返, 等待人數: 4/18
[Barrier] Learner 8 到達/重返, 等待人數: 5/18
[Barrier] Learner 13 到達/重返, 等待人數: 6/18
[Barrier] Learner 16 到達/重返, 等待人數: 7/18
[Barrier] Learner 5 到達/重返, 等待人數: 8/18
[Barrier] Learner 17 到達/重返, 等待人數: 9/18
[Barrier] Learner 11 到達/重返, 等待人數: 10/18
[Barrier] Learner 12 到達/重返, 等待人數: 11/18
[Barrier] Learner 0 到達/重返, 等待人數: 12/18
[Barrier] Learner 2 到達/重返, 等待人數: 13/18
[Barrier] Learner 1 到達/重返, 等待人數: 14/18
[Barrier] Learner 9 到達/重返, 等待人數: 15/18
[Barrier] Learner 4 到達/重返, 等待人數: 16/18
[Barrier] Learner 7 到達/重返, 等待人數: 17/18
[Table] MQ/CE SAT 填 hash=0x6a9e75af682d1a2f
[Table] MQ/CE SAT 填 hash=0xc04f04652db2becf
[Table] MQ/CE SAT 填 hash=0xab05163be6637363
[Table] MQ/CE SAT 填 hash=0x35aa0d508a0b1919
[Table] MQ/CE SAT 填 hash=0xb30d91d601b02999
[Barrier] Learner 10 到達/重返, 等待人數: 18/18
[Global EQ] 啟動 Leader SAT 尋找反例
[Barrier] Learner 10 到達/重返, 等待人數: 1/18
[Barrier] Learner 0 到達/重返, 等待人數: 2/18
[Barrier] Learner 15 到達/重返, 等待人數: 3/18
[Barrier] Learner 17 到達/重返, 等待人數: 4/18
[Barrier] Learner 1 到達/重返, 等待人數: 5/18
[Barrier] Learner 13 到達/重返, 等待人數: 6/18
[Barrier] Learner 4 到達/重返, 等待人數: 7/18
[Barrier] Learner 14 到達/重返, 等待人數: 8/18
[Barrier] Learner 16 到達/重返, 等待人數: 9/18
[Barrier] Learner 12 到達/重返, 等待人數: 10/18
[Barrier] Learner 3 到達/重返, 等待人數: 11/18
[Barrier] Learner 9 到達/重返, 等待人數: 12/18
[Barrier] Learner 6 到達/重返, 等待人數: 13/18
[Barrier] Learner 7 到達/重返, 等待人數: 14/18
[Barrier] Learner 2 到達/重返, 等待人數: 15/18
[Barrier] Learner 8 到達/重返, 等待人數: 16/18
[Barrier] Learner 11 到達/重返, 等待人數: 17/18
[Table] MQ/CE SAT 填 hash=0x38e0f583fa8e2b01
[Table] MQ/CE SAT 填 hash=0xab3a864fb25543e5
[Table] MQ/CE SAT 填 hash=0x569ba3bb3d608d25
[Table] MQ/CE SAT 填 hash=0xac4c327102e631c5
[Table] MQ/CE SAT 填 hash=0xb85212ef952b375d
[Barrier] Learner 5 到達/重返, 等待人數: 18/18
[Global EQ] 啟動 Leader SAT 尋找反例
[Barrier] Learner 14 到達/重返, 等待人數: 1/18
[Barrier] Learner 15 到達/重返, 等待人數: 2/18
[Barrier] Learner 1 到達/重返, 等待人數: 3/18
[Barrier] Learner 0 到達/重返, 等待人數: 4/18
[Barrier] Learner 13 到達/重返, 等待人數: 5/18
[Barrier] Learner 11 到達/重返, 等待人數: 6/18
[Barrier] Learner 7 到達/重返, 等待人數: 7/18
[Barrier] Learner 6 到達/重返, 等待人數: 8/18
[Barrier] Learner 12 到達/重返, 等待人數: 9/18
[Barrier] Learner 10 到達/重返, 等待人數: 10/18
[Barrier] Learner 9 到達/重返, 等待人數: 11/18
[Barrier] Learner 8 到達/重返, 等待人數: 12/18
[Barrier] Learner 17 到達/重返, 等待人數: 13/18
[Barrier] Learner 16 到達/重返, 等待人數: 14/18
[Barrier] Learner 3 到達/重返, 等待人數: 15/18
[Barrier] Learner 5 到達/重返, 等待人數: 16/18
[Barrier] Learner 4 到達/重返, 等待人數: 17/18
[Barrier] Learner 2 到達/重返, 等待人數: 18/18
[Global EQ] 啟動 Leader SAT 尋找反例
[Barrier] Learner 2 到達/重返, 等待人數: 1/18
[Barrier] Learner 12 到達/重返, 等待人數: 2/18
[Barrier] Learner 10 到達/重返, 等待人數: 3/18
[Barrier] Learner 0 到達/重返, 等待人數: 4/18
[Barrier] Learner 8 到達/重返, 等待人數: 5/18
[Barrier] Learner 13 到達/重返, 等待人數: 6/18
[Barrier] Learner 1 到達/重返, 等待人數: 7/18
[Barrier] Learner 16 到達/重返, 等待人數: 8/18
[Barrier] Learner 3 到達/重返, 等待人數: 9/18
[Barrier] Learner 6 到達/重返, 等待人數: 10/18
[Barrier] Learner 9 到達/重返, 等待人數: 11/18
[Barrier] Learner 15 到達/重返, 等待人數: 12/18
[Barrier] Learner 7 到達/重返, 等待人數: 13/18
[Barrier] Learner 14 到達/重返, 等待人數: 14/18
[Barrier] Learner 4 到達/重返, 等待人數: 15/18
[Barrier] Learner 17 到達/重返, 等待人數: 16/18
[Barrier] Learner 5 到達/重返, 等待人數: 17/18
[Barrier] Learner 11 到達/重返, 等待人數: 18/18
[Global EQ] 啟動 Leader SAT 尋找反例
[Barrier] Learner 9 到達/重返, 等待人數: 1/18
[Barrier] Learner 8 到達/重返, 等待人數: 2/18
[Barrier] Learner 16 到達/重返, 等待人數: 3/18
[Barrier] Learner 14 到達/重返, 等待人數: 4/18
[Barrier] Learner 6 到達/重返, 等待人數: 5/18
[Barrier] Learner 12 到達/重返, 等待人數: 6/18
[Barrier] Learner 10 到達/重返, 等待人數: 7/18
[Barrier] Learner 5 到達/重返, 等待人數: 8/18
[Barrier] Learner 2 到達/重返, 等待人數: 9/18
[Barrier] Learner 7 到達/重返, 等待人數: 10/18
[Barrier] Learner 17 到達/重返, 等待人數: 11/18
[Barrier] Learner 15 到達/重返, 等待人數: 12/18
[Barrier] Learner 11 到達/重返, 等待人數: 13/18
[Table] MQ/CE SAT 填 hash=0x5b4c9d7fdf5cc944
[Table] MQ/CE SAT 填 hash=0xa838697e2f78ac03
[Table] MQ/CE SAT 填 hash=0x3d91ef489c8a6720
[Table] MQ/CE SAT 填 hash=0x9400277638ba4e77
[Table] MQ/CE SAT 填 hash=0x147965e5bb4055b6
[Table] MQ/CE SAT 填 hash=0xbd8257a776c7f76f
[Table] MQ/CE SAT 填 hash=0xe7e16092d704c280
[Table] MQ/CE SAT 填 hash=0xceadabebe6e67b9c
[Barrier] Learner 0 到達/重返, 等待人數: 14/18
[Table] MQ/CE SAT 填 hash=0xde29768618deb34f
[Table] MQ/CE SAT 填 hash=0x3f0d423849deec8e
[Table] MQ/CE SAT 填 hash=0x6918487a30350c76
[Barrier] Learner 3 到達/重返, 等待人數: 15/18
[Table] MQ/CE SAT 填 hash=0xed317287e7db5bbc
[Table] MQ/CE SAT 填 hash=0x6fa40eca21a00632
[Table] MQ/CE SAT 填 hash=0x1367b9c46aaf67d6
[Barrier] Learner 13 到達/重返, 等待人數: 16/18
[Table] MQ/CE SAT 填 hash=0xd7939635c75bfbf2
[Table] MQ/CE SAT 填 hash=0x3dfb9616f94dfeae
[Barrier] Learner 1 到達/重返, 等待人數: 17/18
[Table] MQ/CE SAT 填 hash=0x6e9262a8d10f1852
[Table] MQ/CE SAT 填 hash=0x2d4424eb8ce1a092
[Barrier] Learner 4 到達/重返, 等待人數: 18/18
[Global EQ] 啟動 Leader SAT 尋找反例
[Table] MQ/CE SAT 填 hash=0x618b9098558c3806
[Barrier] Learner 4 到達/重返, 等待人數: 1/18
[Barrier] Learner 13 到達/重返, 等待人數: 2/18
[Barrier] Learner 8 到達/重返, 等待人數: 3/18
[Barrier] Learner 17 到達/重返, 等待人數: 4/18
[Barrier] Learner 1 到達/重返, 等待人數: 5/18
[Barrier] Learner 11 到達/重返, 等待人數: 6/18
[Barrier] Learner 7 到達/重返, 等待人數: 7/18
[Barrier] Learner 2 到達/重返, 等待人數: 8/18
[Barrier] Learner 10 到達/重返, 等待人數: 9/18
[Barrier] Learner 15 到達/重返, 等待人數: 10/18
[Barrier] Learner 0 到達/重返, 等待人數: 11/18
[Barrier] Learner 14 到達/重返, 等待人數: 12/18
[Barrier] Learner 9 到達/重返, 等待人數: 13/18
[Barrier] Learner 12 到達/重返, 等待人數: 14/18
[Barrier] Learner 5 到達/重返, 等待人數: 15/18
[Barrier] Learner 16 到達/重返, 等待人數: 16/18
[Barrier] Learner 3 到達/重返, 等待人數: 17/18
[Table] MQ/CE SAT 填 hash=0xb62a732cca80eec6
[Table] MQ/CE SAT 填 hash=0xf94c6135ba03a5b2
[Barrier] Learner 6 到達/重返, 等待人數: 18/18
[Global EQ] 啟動 Leader SAT 尋找反例
[Barrier] Learner 6 到達/重返, 等待人數: 1/18
[Barrier] Learner 4 到達/重返, 等待人數: 2/18
[Barrier] Learner 8 到達/重返, 等待人數: 3/18
[Barrier] Learner 5 到達/重返, 等待人數: 4/18
[Barrier] Learner 2 到達/重返, 等待人數: 5/18
[Barrier] Learner 3 到達/重返, 等待人數: 6/18
[Barrier] Learner 0 到達/重返, 等待人數: 7/18
[Barrier] Learner 16 到達/重返, 等待人數: 8/18
[Barrier] Learner 1 到達/重返, 等待人數: 9/18
[Barrier] Learner 13 到達/重返, 等待人數: 10/18
[Barrier] Learner 17 到達/重返, 等待人數: 11/18
[Barrier] Learner 10 到達/重返, 等待人數: 12/18
[Barrier] Learner 11 到達/重返, 等待人數: 13/18
[Barrier] Learner 15 到達/重返, 等待人數: 14/18
[Barrier] Learner 7 到達/重返, 等待人數: 15/18
[Barrier] Learner 9 到達/重返, 等待人數: 16/18
[Table] MQ/CE SAT 填 hash=0x9fdcb8edb9fdceb6
[Table] MQ/CE SAT 填 hash=0xf47b9b822ef28576
[Table] MQ/CE SAT 填 hash=0x71df2007a69795f6
[Barrier] Learner 12 到達/重返, 等待人數: 17/18
[Barrier] Learner 14 到達/重返, 等待人數: 18/18
[Global EQ] 啟動 Leader SAT 尋找反例
[Barrier] Learner 2 到達/重返, 等待人數: 1/18
[Barrier] Learner 17 到達/重返, 等待人數: 2/18
[Barrier] Learner 10 到達/重返, 等待人數: 3/18
[Barrier] Learner 15 到達/重返, 等待人數: 4/18
[Barrier] Learner 5 到達/重返, 等待人數: 5/18
[Barrier] Learner 13 到達/重返, 等待人數: 6/18
[Barrier] Learner 1 到達/重返, 等待人數: 7/18
[Barrier] Learner 0 到達/重返, 等待人數: 8/18
[Barrier] Learner 16 到達/重返, 等待人數: 9/18
[Barrier] Learner 6 到達/重返, 等待人數: 10/18
[Barrier] Learner 11 到達/重返, 等待人數: 11/18
[Barrier] Learner 3 到達/重返, 等待人數: 12/18
[Barrier] Learner 9 到達/重返, 等待人數: 13/18
[Barrier] Learner 4 到達/重返, 等待人數: 14/18
[Barrier] Learner 7 到達/重返, 等待人數: 15/18
[Table] MQ/CE SAT 填 hash=0xbdb01e290069366
[Barrier] Learner 12 到達/重返, 等待人數: 16/18
[Barrier] Learner 14 到達/重返, 等待人數: 17/18
[Table] MQ/CE SAT 填 hash=0x34f38b457150a4d0
[Table] MQ/CE SAT 填 hash=0x5f876797ffef3ba8
[Table] MQ/CE SAT 填 hash=0x74d155c1473e8714
[Table] MQ/CE SAT 填 hash=0xce1ce55a1829154
[Barrier] Learner 8 到達/重返, 等待人數: 18/18
[Global EQ] 啟動 Leader SAT 尋找反例
[Barrier] Learner 5 到達/重返, 等待人數: 1/18
[Barrier] Learner 0 到達/重返, 等待人數: 2/18
[Barrier] Learner 16 到達/重返, 等待人數: 3/18
[Barrier] Learner 7 到達/重返, 等待人數: 4/18
[Barrier] Learner 9 到達/重返, 等待人數: 5/18
[Barrier] Learner 13 到達/重返, 等待人數: 6/18
[Barrier] Learner 17 到達/重返, 等待人數: 7/18
[Barrier] Learner 12 到達/重返, 等待人數: 8/18
[Barrier] Learner 3 到達/重返, 等待人數: 9/18
[Barrier] Learner 1 到達/重返, 等待人數: 10/18
[Barrier] Learner 15 到達/重返, 等待人數: 11/18
[Barrier] Learner 4 到達/重返, 等待人數: 12/18
[Barrier] Learner 6 到達/重返, 等待人數: 13/18
[Barrier] Learner 10 到達/重返, 等待人數: 14/18
[Barrier] Learner 11 到達/重返, 等待人數: 15/18
[Barrier] Learner 14 到達/重返, 等待人數: 16/18
[Barrier] Learner 8 到達/重返, 等待人數: 17/18
[Barrier] Learner 2 到達/重返, 等待人數: 18/18
[Global EQ] 啟動 Leader SAT 尋找反例
[Barrier] Learner 13 到達/重返, 等待人數: 1/18
[Barrier] Learner 17 到達/重返, 等待人數: 2/18
[Barrier] Learner 9 到達/重返, 等待人數: 3/18
[Barrier] Learner 5 到達/重返, 等待人數: 4/18
[Barrier] Learner 8 到達/重返, 等待人數: 5/18
[Barrier] Learner 10 到達/重返, 等待人數: 6/18
[Barrier] Learner 14 到達/重返, 等待人數: 7/18
[Barrier] Learner 7 到達/重返, 等待人數: 8/18
[Barrier] Learner 2 到達/重返, 等待人數: 9/18
[Barrier] Learner 15 到達/重返, 等待人數: 10/18
[Barrier] Learner 0 到達/重返, 等待人數: 11/18
[Barrier] Learner 6 到達/重返, 等待人數: 12/18
[Barrier] Learner 16 到達/重返, 等待人數: 13/18
[Barrier] Learner 3 到達/重返, 等待人數: 14/18
[Barrier] Learner 12 到達/重返, 等待人數: 15/18
[Barrier] Learner 11 到達/重返, 等待人數: 16/18
[Barrier] Learner 1 到達/重返, 等待人數: 17/18
[Barrier] Learner 4 到達/重返, 等待人數: 18/18
[Global EQ] 啟動 Leader SAT 尋找反例
[Barrier] Learner 4 到達/重返, 等待人數: 1/18
[Barrier] Learner 12 到達/重返, 等待人數: 2/18
[Barrier] Learner 5 到達/重返, 等待人數: 3/18
[Barrier] Learner 15 到達/重返, 等待人數: 4/18
[Barrier] Learner 14 到達/重返, 等待人數: 5/18
[Barrier] Learner 8 到達/重返, 等待人數: 6/18
[Barrier] Learner 1 到達/重返, 等待人數: 7/18
[Barrier] Learner 3 到達/重返, 等待人數: 8/18
[Barrier] Learner 6 到達/重返, 等待人數: 9/18
[Barrier] Learner 2 到達/重返, 等待人數: 10/18
[Barrier] Learner 13 到達/重返, 等待人數: 11/18
[Barrier] Learner 16 到達/重返, 等待人數: 12/18
[Barrier] Learner 11 到達/重返, 等待人數: 13/18
[Barrier] Learner 0 到達/重返, 等待人數: 14/18
[Barrier] Learner 7 到達/重返, 等待人數: 15/18
[Barrier] Learner 9 到達/重返, 等待人數: 16/18
[Barrier] Learner 17 到達/重返, 等待人數: 17/18
[Barrier] Learner 10 到達/重返, 等待人數: 18/18
[Global EQ] 啟動 Leader SAT 尋找反例
[Barrier] Learner 10 到達/重返, 等待人數: 1/18
[Barrier] Learner 8 到達/重返, 等待人數: 2/18
[Barrier] Learner 2 到達/重返, 等待人數: 3/18
[Barrier] Learner 16 到達/重返, 等待人數: 4/18
[Barrier] Learner 9 到達/重返, 等待人數: 5/18
[Barrier] Learner 6 到達/重返, 等待人數: 6/18
[Barrier] Learner 14 到達/重返, 等待人數: 7/18
[Barrier] Learner 3 到達/重返, 等待人數: 8/18
[Barrier] Learner 1 到達/重返, 等待人數: 9/18
[Barrier] Learner 12 到達/重返, 等待人數: 10/18
[Barrier] Learner 0 到達/重返, 等待人數: 11/18
[Barrier] Learner 15 到達/重返, 等待人數: 12/18
[Barrier] Learner 13 到達/重返, 等待人數: 13/18
[Barrier] Learner 4 到達/重返, 等待人數: 14/18
[Barrier] Learner 7 到達/重返, 等待人數: 15/18
[Barrier] Learner 5 到達/重返, 等待人數: 16/18
[Table] MQ/CE SAT 填 hash=0xd5d43c35230d08ea
[Table] MQ/CE SAT 填 hash=0x5dcbbdd39c0a1863
[Table] MQ/CE SAT 填 hash=0x7315abfce35963cf
[Barrier] Learner 11 到達/重返, 等待人數: 17/18
[Barrier] Learner 17 到達/重返, 等待人數: 18/18
[Global EQ] 啟動 Leader SAT 尋找反例
[Barrier] Learner 17 到達/重返, 等待人數: 1/18
[Barrier] Learner 10 到達/重返, 等待人數: 2/18
[Barrier] Learner 9 到達/重返, 等待人數: 3/18
[Barrier] Learner 12 到達/重返, 等待人數: 4/18
[Barrier] Learner 16 到達/重返, 等待人數: 5/18
[Barrier] Learner 1 到達/重返, 等待人數: 6/18
[Barrier] Learner 3 到達/重返, 等待人數: 7/18
[Barrier] Learner 6 到達/重返, 等待人數: 8/18
[Barrier] Learner 14 到達/重返, 等待人數: 9/18
[Barrier] Learner 7 到達/重返, 等待人數: 10/18
[Barrier] Learner 5 到達/重返, 等待人數: 11/18
[Barrier] Learner 0 到達/重返, 等待人數: 12/18
[Barrier] Learner 13 到達/重返, 等待人數: 13/18
[Barrier] Learner 8 到達/重返, 等待人數: 14/18
[Barrier] Learner 4 到達/重返, 等待人數: 15/18
[Barrier] Learner 11 到達/重返, 等待人數: 16/18
[Barrier] Learner 2 到達/重返, 等待人數: 17/18
[Barrier] Learner 15 到達/重返, 等待人數: 18/18
[Global EQ] 啟動 Leader SAT 尋找反例
[Barrier] Learner 15 到達/重返, 等待人數: 1/18
[Barrier] Learner 8 到達/重返, 等待人數: 2/18
[Barrier] Learner 3 到達/重返, 等待人數: 3/18
[Barrier] Learner 2 到達/重返, 等待人數: 4/18
[Barrier] Learner 10 到達/重返, 等待人數: 5/18
[Barrier] Learner 9 到達/重返, 等待人數: 6/18
[Barrier] Learner 5 到達/重返, 等待人數: 7/18
[Barrier] Learner 16 到達/重返, 等待人數: 8/18
[Barrier] Learner 0 到達/重返, 等待人數: 9/18
[Barrier] Learner 13 到達/重返, 等待人數: 10/18
[Barrier] Learner 11 到達/重返, 等待人數: 11/18
[Barrier] Learner 4 到達/重返, 等待人數: 12/18
[Barrier] Learner 6 到達/重返, 等待人數: 13/18
[Barrier] Learner 12 到達/重返, 等待人數: 14/18
[Barrier] Learner 17 到達/重返, 等待人數: 15/18
[Barrier] Learner 7 到達/重返, 等待人數: 16/18
[Barrier] Learner 1 到達/重返, 等待人數: 17/18
[Table] MQ/CE SAT 填 hash=0x339d1252af7113d
[Table] MQ/CE SAT 填 hash=0xc35c06a955092ef9
[Table] MQ/CE SAT 填 hash=0x7921fd0a0d91b6f5
[Barrier] Learner 14 到達/重返, 等待人數: 18/18
[Global EQ] 啟動 Leader SAT 尋找反例
[Table] MQ/CE SAT 填 hash=0xa9de62a250859dd9
[Barrier] Learner 14 到達/重返, 等待人數: 1/18
[Barrier] Learner 7 到達/重返, 等待人數: 2/18
[Barrier] Learner 8 到達/重返, 等待人數: 3/18
[Barrier] Learner 6 到達/重返, 等待人數: 4/18
[Barrier] Learner 2 到達/重返, 等待人數: 5/18
[Barrier] Learner 17 到達/重返, 等待人數: 6/18
[Barrier] Learner 4 到達/重返, 等待人數: 7/18
[Barrier] Learner 9 到達/重返, 等待人數: 8/18
[Barrier] Learner 1 到達/重返, 等待人數: 9/18
[Barrier] Learner 0 到達/重返, 等待人數: 10/18
[Barrier] Learner 3 到達/重返, 等待人數: 11/18
[Barrier] Learner 11 到達/重返, 等待人數: 12/18
[Barrier] Learner 15 到達/重返, 等待人數: 13/18
[Barrier] Learner 10 到達/重返, 等待人數: 14/18
[Barrier] Learner 16 到達/重返, 等待人數: 15/18
[Barrier] Learner 13 到達/重返, 等待人數: 16/18
[Barrier] Learner 5 到達/重返, 等待人數: 17/18
[Barrier] Learner 12 到達/重返, 等待人數: 18/18
[Global EQ] 啟動 Leader SAT 尋找反例
[Barrier] Learner 12 到達/重返, 等待人數: 1/18
[Barrier] Learner 16 到達/重返, 等待人數: 2/18
[Barrier] Learner 6 到達/重返, 等待人數: 3/18
[Barrier] Learner 2 到達/重返, 等待人數: 4/18
[Barrier] Learner 7 到達/重返, 等待人數: 5/18
[Barrier] Learner 3 到達/重返, 等待人數: 6/18
[Barrier] Learner 5 到達/重返, 等待人數: 7/18
[Barrier] Learner 11 到達/重返, 等待人數: 8/18
[Barrier] Learner 8 到達/重返, 等待人數: 9/18
[Barrier] Learner 10 到達/重返, 等待人數: 10/18
[Barrier] Learner 13 到達/重返, 等待人數: 11/18
[Barrier] Learner 1 到達/重返, 等待人數: 12/18
[Barrier] Learner 9 到達/重返, 等待人數: 13/18
[Barrier] Learner 14 到達/重返, 等待人數: 14/18
[Barrier] Learner 0 到達/重返, 等待人數: 15/18
[Barrier] Learner 17 到達/重返, 等待人數: 16/18
[Barrier] Learner 4 到達/重返, 等待人數: 17/18
[Table] MQ/CE SAT 填 hash=0x44ebf09e8a858929
[Barrier] Learner 15 到達/重返, 等待人數: 18/18
[Global EQ] 啟動 Leader SAT 尋找反例
[Barrier] Learner 15 到達/重返, 等待人數: 1/18
[Barrier] Learner 16 到達/重返, 等待人數: 2/18
[Barrier] Learner 4 到達/重返, 等待人數: 3/18
[Barrier] Learner 14 到達/重返, 等待人數: 4/18
[Barrier] Learner 7 到達/重返, 等待人數: 5/18
[Barrier] Learner 13 到達/重返, 等待人數: 6/18
[Barrier] Learner 10 到達/重返, 等待人數: 7/18
[Barrier] Learner 12 到達/重返, 等待人數: 8/18
[Barrier] Learner 11 到達/重返, 等待人數: 9/18
[Barrier] Learner 3 到達/重返, 等待人數: 10/18
[Barrier] Learner 8 到達/重返, 等待人數: 11/18
[Barrier] Learner 2 到達/重返, 等待人數: 12/18
[Barrier] Learner 17 到達/重返, 等待人數: 13/18
[Barrier] Learner 6 到達/重返, 等待人數: 14/18
[Barrier] Learner 1 到達/重返, 等待人數: 15/18
[Barrier] Learner 9 到達/重返, 等待人數: 16/18
[Barrier] Learner 0 到達/重返, 等待人數: 17/18
[Table] MQ/CE SAT 填 hash=0xf20dbde9d671b773
[Table] MQ/CE SAT 填 hash=0x84c4a07e62c112dd
[Table] MQ/CE SAT 填 hash=0x3df168e43ea49f4f
[Barrier] Learner 5 到達/重返, 等待人數: 18/18
[Global EQ] 啟動 Leader SAT 尋找反例
[Barrier] Learner 15 到達/重返, 等待人數: 1/18
[Barrier] Learner 9 到達/重返, 等待人數: 2/18
[Barrier] Learner 4 到達/重返, 等待人數: 3/18
[Barrier] Learner 5 到達/重返, 等待人數: 4/18
[Barrier] Learner 1 到達/重返, 等待人數: 5/18
[Barrier] Learner 14 到達/重返, 等待人數: 6/18
[Barrier] Learner 3 到達/重返, 等待人數: 7/18
[Barrier] Learner 10 到達/重返, 等待人數: 8/18
[Barrier] Learner 12 到達/重返, 等待人數: 9/18
[Barrier] Learner 0 到達/重返, 等待人數: 10/18
[Barrier] Learner 2 到達/重返, 等待人數: 11/18
[Barrier] Learner 11 到達/重返, 等待人數: 12/18
[Barrier] Learner 7 到達/重返, 等待人數: 13/18
[Barrier] Learner 17 到達/重返, 等待人數: 14/18
[Barrier] Learner 16 到達/重返, 等待人數: 15/18
[Barrier] Learner 13 到達/重返, 等待人數: 16/18
[Barrier] Learner 8 到達/重返, 等待人數: 17/18
[Barrier] Learner 6 到達/重返, 等待人數: 18/18
[Global EQ] 啟動 Leader SAT 尋找反例
[Barrier] Learner 1 到達/重返, 等待人數: 1/18
[Barrier] Learner 5 到達/重返, 等待人數: 2/18
[Barrier] Learner 2 到達/重返, 等待人數: 3/18
[Barrier] Learner 4 到達/重返, 等待人數: 4/18
[Barrier] Learner 9 到達/重返, 等待人數: 5/18
[Barrier] Learner 0 到達/重返, 等待人數: 6/18
[Barrier] Learner 8 到達/重返, 等待人數: 7/18
[Barrier] Learner 16 到達/重返, 等待人數: 8/18
[Barrier] Learner 13 到達/重返, 等待人數: 9/18
[Barrier] Learner 7 到達/重返, 等待人數: 10/18
[Barrier] Learner 3 到達/重返, 等待人數: 11/18
[Barrier] Learner 17 到達/重返, 等待人數: 12/18
[Barrier] Learner 15 到達/重返, 等待人數: 13/18
[Barrier] Learner 6 到達/重返, 等待人數: 14/18
[Barrier] Learner 10 到達/重返, 等待人數: 15/18
[Barrier] Learner 14 到達/重返, 等待人數: 16/18
[Barrier] Learner 11 到達/重返, 等待人數: 17/18
[Barrier] Learner 12 到達/重返, 等待人數: 18/18
[Global EQ] 啟動 Leader SAT 尋找反例
[Barrier] Learner 12 到達/重返, 等待人數: 1/18
[Barrier] Learner 1 到達/重返, 等待人數: 2/18
[Barrier] Learner 9 到達/重返, 等待人數: 3/18
[Barrier] Learner 11 到達/重返, 等待人數: 4/18
[Barrier] Learner 13 到達/重返, 等待人數: 5/18
[Barrier] Learner 0 到達/重返, 等待人數: 6/18
[Barrier] Learner 16 到達/重返, 等待人數: 7/18
[Barrier] Learner 4 到達/重返, 等待人數: 8/18
[Barrier] Learner 7 到達/重返, 等待人數: 9/18
[Barrier] Learner 10 到達/重返, 等待人數: 10/18
[Barrier] Learner 3 到達/重返, 等待人數: 11/18
[Barrier] Learner 6 到達/重返, 等待人數: 12/18
[Barrier] Learner 15 到達/重返, 等待人數: 13/18
[Barrier] Learner 14 到達/重返, 等待人數: 14/18
[Barrier] Learner 5 到達/重返, 等待人數: 15/18
[Barrier] Learner 17 到達/重返, 等待人數: 16/18
[Barrier] Learner 2 到達/重返, 等待人數: 17/18
[Table] MQ/CE SAT 填 hash=0x24308ff5821f17f0
[Table] MQ/CE SAT 填 hash=0xdd5d585b5e02a462
[Table] MQ/CE SAT 填 hash=0xb2c97c08cf640d8a
[Table] MQ/CE SAT 填 hash=0x8232af76f7a2f3e6
[Table] MQ/CE SAT 填 hash=0x40e471b9b3757c26
[Barrier] Learner 8 到達/重返, 等待人數: 18/18
[Global EQ] 啟動 Leader SAT 尋找反例
[Barrier] Learner 8 到達/重返, 等待人數: 1/18
[Barrier] Learner 14 到達/重返, 等待人數: 2/18
[Barrier] Learner 6 到達/重返, 等待人數: 3/18
[Barrier] Learner 3 到達/重返, 等待人數: 4/18
[Barrier] Learner 7 到達/重返, 等待人數: 5/18
[Barrier] Learner 2 到達/重返, 等待人數: 6/18
[Barrier] Learner 17 到達/重返, 等待人數: 7/18
[Barrier] Learner 4 到達/重返, 等待人數: 8/18
[Barrier] Learner 16 到達/重返, 等待人數: 9/18
[Barrier] Learner 13 到達/重返, 等待人數: 10/18
[Barrier] Learner 0 到達/重返, 等待人數: 11/18
[Barrier] Learner 1 到達/重返, 等待人數: 12/18
[Barrier] Learner 10 到達/重返, 等待人數: 13/18
[Barrier] Learner 12 到達/重返, 等待人數: 14/18
[Barrier] Learner 9 到達/重返, 等待人數: 15/18
[Barrier] Learner 5 到達/重返, 等待人數: 16/18
[Barrier] Learner 15 到達/重返, 等待人數: 17/18
[Barrier] Learner 11 到達/重返, 等待人數: 18/18
[Global EQ] 啟動 Leader SAT 尋找反例
[Table] MQ/CE SAT 填 hash=0xec3aaf76ff6bd574
[Barrier] Learner 11 到達/重返, 等待人數: 1/18
[Barrier] Learner 2 到達/重返, 等待人數: 2/18
[Barrier] Learner 16 到達/重返, 等待人數: 3/18
[Barrier] Learner 13 到達/重返, 等待人數: 4/18
[Barrier] Learner 7 到達/重返, 等待人數: 5/18
[Barrier] Learner 9 到達/重返, 等待人數: 6/18
[Barrier] Learner 14 到達/重返, 等待人數: 7/18
[Barrier] Learner 8 到達/重返, 等待人數: 8/18
[Barrier] Learner 5 到達/重返, 等待人數: 9/18
[Barrier] Learner 6 到達/重返, 等待人數: 10/18
[Barrier] Learner 0 到達/重返, 等待人數: 11/18
[Barrier] Learner 15 到達/重返, 等待人數: 12/18
[Barrier] Learner 12 到達/重返, 等待人數: 13/18
[Barrier] Learner 10 到達/重返, 等待人數: 14/18
[Barrier] Learner 17 到達/重返, 等待人數: 15/18
[Table] MQ/CE SAT 填 hash=0xa56777dcdb4f61e6
[Table] MQ/CE SAT 填 hash=0x81fddc0fc941281f
[Barrier] Learner 3 到達/重返, 等待人數: 16/18
[Barrier] Learner 4 到達/重返, 等待人數: 17/18
[Table] MQ/CE SAT 填 hash=0x79e11eab47a4bc90
[Table] MQ/CE SAT 填 hash=0x330de71123884902
[Table] MQ/CE SAT 填 hash=0x87acc9a5987cffc2
[Table] MQ/CE SAT 填 hash=0x5715fd13c0bbe61e
[Table] MQ/CE SAT 填 hash=0x4af049ef4acb9fb5
[Table] MQ/CE SAT 填 hash=0x606447091cb4ba75
[Table] MQ/CE SAT 填 hash=0x19f59ba157a985e5
[Barrier] Learner 1 到達/重返, 等待人數: 18/18
[Global EQ] 啟動 Leader SAT 尋找反例
[Barrier] Learner 1 到達/重返, 等待人數: 1/18
[Barrier] Learner 3 到達/重返, 等待人數: 2/18
[Barrier] Learner 5 到達/重返, 等待人數: 3/18
[Barrier] Learner 16 到達/重返, 等待人數: 4/18
[Barrier] Learner 14 到達/重返, 等待人數: 5/18
[Barrier] Learner 12 到達/重返, 等待人數: 6/18
[Barrier] Learner 6 到達/重返, 等待人數: 7/18
[Barrier] Learner 17 到達/重返, 等待人數: 8/18
[Barrier] Learner 13 到達/重返, 等待人數: 9/18
[Barrier] Learner 4 到達/重返, 等待人數: 10/18
[Barrier] Learner 2 到達/重返, 等待人數: 11/18
[Barrier] Learner 0 到達/重返, 等待人數: 12/18
[Barrier] Learner 8 到達/重返, 等待人數: 13/18
[Barrier] Learner 15 到達/重返, 等待人數: 14/18
[Barrier] Learner 9 到達/重返, 等待人數: 15/18
[Barrier] Learner 7 到達/重返, 等待人數: 16/18
[Barrier] Learner 11 到達/重返, 等待人數: 17/18
[Table] MQ/CE SAT 填 hash=0x7f2aba60d8d222e4
[Table] MQ/CE SAT 填 hash=0xfc8e3ee650773364
[Barrier] Learner 10 到達/重返, 等待人數: 18/18
[Global EQ] 啟動 Leader SAT 尋找反例
[Barrier] Learner 16 到達/重返, 等待人數: 1/18
[Barrier] Learner 6 到達/重返, 等待人數: 2/18
[Barrier] Learner 0 到達/重返, 等待人數: 3/18
[Barrier] Learner 15 到達/重返, 等待人數: 4/18
[Barrier] Learner 12 到達/重返, 等待人數: 5/18
[Barrier] Learner 4 到達/重返, 等待人數: 6/18
[Barrier] Learner 2 到達/重返, 等待人數: 7/18
[Barrier] Learner 5 到達/重返, 等待人數: 8/18
[Barrier] Learner 7 到達/重返, 等待人數: 9/18
[Barrier] Learner 13 到達/重返, 等待人數: 10/18
[Barrier] Learner 17 到達/重返, 等待人數: 11/18
[Barrier] Learner 9 到達/重返, 等待人數: 12/18
[Barrier] Learner 11 到達/重返, 等待人數: 13/18
[Barrier] Learner 1 到達/重返, 等待人數: 14/18
[Barrier] Learner 14 到達/重返, 等待人數: 15/18
[Barrier] Learner 10 到達/重返, 等待人數: 16/18
[Barrier] Learner 3 到達/重返, 等待人數: 17/18
[Barrier] Learner 8 到達/重返, 等待人數: 18/18
[Global EQ] 啟動 Leader SAT 尋找反例
[Barrier] Learner 8 到達/重返, 等待人數: 1/18
[Barrier] Learner 6 到達/重返, 等待人數: 2/18
[Barrier] Learner 5 到達/重返, 等待人數: 3/18
[Barrier] Learner 7 到達/重返, 等待人數: 4/18
[Barrier] Learner 17 到達/重返, 等待人數: 5/18
[Barrier] Learner 13 到達/重返, 等待人數: 6/18
[Barrier] Learner 10 到達/重返, 等待人數: 7/18
[Barrier] Learner 2 到達/重返, 等待人數: 8/18
[Barrier] Learner 12 到達/重返, 等待人數: 9/18
[Barrier] Learner 4 到達/重返, 等待人數: 10/18
[Barrier] Learner 14 到達/重返, 等待人數: 11/18
[Barrier] Learner 16 到達/重返, 等待人數: 12/18
[Barrier] Learner 1 到達/重返, 等待人數: 13/18
[Barrier] Learner 0 到達/重返, 等待人數: 14/18
[Barrier] Learner 15 到達/重返, 等待人數: 15/18
[Barrier] Learner 9 到達/重返, 等待人數: 16/18
[Barrier] Learner 11 到達/重返, 等待人數: 17/18
[Barrier] Learner 3 到達/重返, 等待人數: 18/18
[Global EQ] 啟動 Leader SAT 尋找反例
[Barrier] Learner 7 到達/重返, 等待人數: 1/18
[Barrier] Learner 1 到達/重返, 等待人數: 2/18
[Barrier] Learner 8 到達/重返, 等待人數: 3/18
[Barrier] Learner 0 到達/重返, 等待人數: 4/18
[Barrier] Learner 15 到達/重返, 等待人數: 5/18
[Barrier] Learner 10 到達/重返, 等待人數: 6/18
[Barrier] Learner 12 到達/重返, 等待人數: 7/18
[Barrier] Learner 9 到達/重返, 等待人數: 8/18
[Barrier] Learner 14 到達/重返, 等待人數: 9/18
[Barrier] Learner 6 到達/重返, 等待人數: 10/18
[Barrier] Learner 13 到達/重返, 等待人數: 11/18
[Barrier] Learner 11 到達/重返, 等待人數: 12/18
[Barrier] Learner 5 到達/重返, 等待人數: 13/18
[Barrier] Learner 16 到達/重返, 等待人數: 14/18
[Barrier] Learner 2 到達/重返, 等待人數: 15/18
[Barrier] Learner 17 到達/重返, 等待人數: 16/18
[Barrier] Learner 4 到達/重返, 等待人數: 17/18
[Table] MQ/CE SAT 填 hash=0x80ac839005cfdb3a
[Table] MQ/CE SAT 填 hash=0x5d42e7c2f3c1a173
[Barrier] Learner 3 到達/重返, 等待人數: 18/18
[Global EQ] 啟動 Leader SAT 尋找反例
[Barrier] Learner 3 到達/重返, 等待人數: 1/18
[Barrier] Learner 2 到達/重返, 等待人數: 2/18
[Barrier] Learner 7 到達/重返, 等待人數: 3/18
[Barrier] Learner 14 到達/重返, 等待人數: 4/18
[Barrier] Learner 6 到達/重返, 等待人數: 5/18
[Barrier] Learner 11 到達/重返, 等待人數: 6/18
[Barrier] Learner 10 到達/重返, 等待人數: 7/18
[Barrier] Learner 17 到達/重返, 等待人數: 8/18
[Barrier] Learner 15 到達/重返, 等待人數: 9/18
[Barrier] Learner 9 到達/重返, 等待人數: 10/18
[Barrier] Learner 5 到達/重返, 等待人數: 11/18
[Barrier] Learner 0 到達/重返, 等待人數: 12/18
[Barrier] Learner 16 到達/重返, 等待人數: 13/18
[Barrier] Learner 13 到達/重返, 等待人數: 14/18
[Barrier] Learner 4 到達/重返, 等待人數: 15/18
[Barrier] Learner 1 到達/重返, 等待人數: 16/18
[Barrier] Learner 12 到達/重返, 等待人數: 17/18
[Table] MQ/CE SAT 填 hash=0xb1677d7a45564444
[Table] MQ/CE SAT 填 hash=0x86d3a127b6b7ad6c
[Table] MQ/CE SAT 填 hash=0x7189b2fe6f686200
[Table] MQ/CE SAT 填 hash=0xb2d7f0bbb395d9c0
[Barrier] Learner 8 到達/重返, 等待人數: 18/18
[Global EQ] 啟動 Leader SAT 尋找反例
[Barrier] Learner 11 到達/重返, 等待人數: 1/18
[Barrier] Learner 0 到達/重返, 等待人數: 2/18
[Barrier] Learner 6 到達/重返, 等待人數: 3/18
[Barrier] Learner 9 到達/重返, 等待人數: 4/18
[Barrier] Learner 10 到達/重返, 等待人數: 5/18
[Barrier] Learner 4 到達/重返, 等待人數: 6/18
[Barrier] Learner 5 到達/重返, 等待人數: 7/18
[Barrier] Learner 1 到達/重返, 等待人數: 8/18
[Barrier] Learner 16 到達/重返, 等待人數: 9/18
[Barrier] Learner 14 到達/重返, 等待人數: 10/18
[Barrier] Learner 2 到達/重返, 等待人數: 11/18
[Barrier] Learner 3 到達/重返, 等待人數: 12/18
[Barrier] Learner 13 到達/重返, 等待人數: 13/18
[Barrier] Learner 17 到達/重返, 等待人數: 14/18
[Barrier] Learner 12 到達/重返, 等待人數: 15/18
[Barrier] Learner 7 到達/重返, 等待人數: 16/18
[Barrier] Learner 15 到達/重返, 等待人數: 17/18
[Table] MQ/CE SAT 填 hash=0xe054a8b0fc5bee10
[Table] MQ/CE SAT 填 hash=0xae885038afa84e8
[Table] MQ/CE SAT 填 hash=0x2032732cd249d054
[Table] MQ/CE SAT 填 hash=0x6180b0ea16774814
[Barrier] Learner 8 到達/重返, 等待人數: 18/18
[Global EQ] 啟動 Leader SAT 尋找反例
[Table] MQ/CE SAT 填 hash=0xc521d125139c6c93
[Barrier] Learner 8 到達/重返, 等待人數: 1/18
[Barrier] Learner 6 到達/重返, 等待人數: 2/18
[Barrier] Learner 2 到達/重返, 等待人數: 3/18
[Barrier] Learner 1 到達/重返, 等待人數: 4/18
[Barrier] Learner 5 到達/重返, 等待人數: 5/18
[Barrier] Learner 15 到達/重返, 等待人數: 6/18
[Barrier] Learner 12 到達/重返, 等待人數: 7/18
[Barrier] Learner 0 到達/重返, 等待人數: 8/18
[Barrier] Learner 11 到達/重返, 等待人數: 9/18
[Barrier] Learner 9 到達/重返, 等待人數: 10/18
[Barrier] Learner 4 到達/重返, 等待人數: 11/18
[Barrier] Learner 16 到達/重返, 等待人數: 12/18
[Barrier] Learner 13 到達/重返, 等待人數: 13/18
[Barrier] Learner 17 到達/重返, 等待人數: 14/18
[Barrier] Learner 7 到達/重返, 等待人數: 15/18
[Barrier] Learner 3 到達/重返, 等待人數: 16/18
[Barrier] Learner 14 到達/重返, 等待人數: 17/18
[Table] MQ/CE SAT 填 hash=0xe06eaf8da40e3acb
[Table] MQ/CE SAT 填 hash=0x377b61f0cb638577
[Table] MQ/CE SAT 填 hash=0x8a547a0981c4fe9d
[Table] MQ/CE SAT 填 hash=0x8ed42fa7351762e3
[Barrier] Learner 10 到達/重返, 等待人數: 18/18
[Global EQ] 啟動 Leader SAT 尋找反例
[Barrier] Learner 10 到達/重返, 等待人數: 1/18
[Barrier] Learner 11 到達/重返, 等待人數: 2/18
[Barrier] Learner 17 到達/重返, 等待人數: 3/18
[Barrier] Learner 5 到達/重返, 等待人數: 4/18
[Barrier] Learner 9 到達/重返, 等待人數: 5/18
[Barrier] Learner 2 到達/重返, 等待人數: 6/18
[Barrier] Learner 0 到達/重返, 等待人數: 7/18
[Barrier] Learner 16 到達/重返, 等待人數: 8/18
[Barrier] Learner 6 到達/重返, 等待人數: 9/18
[Barrier] Learner 8 到達/重返, 等待人數: 10/18
[Barrier] Learner 1 到達/重返, 等待人數: 11/18
[Barrier] Learner 4 到達/重返, 等待人數: 12/18
[Barrier] Learner 12 到達/重返, 等待人數: 13/18
[Barrier] Learner 3 到達/重返, 等待人數: 14/18
[Barrier] Learner 15 到達/重返, 等待人數: 15/18
[Barrier] Learner 7 到達/重返, 等待人數: 16/18
[Barrier] Learner 13 到達/重返, 等待人數: 17/18
[Table] MQ/CE SAT 填 hash=0x81598190616c39e9
[Table] MQ/CE SAT 填 hash=0x47be4c9f9bf75c13
[Table] MQ/CE SAT 填 hash=0xfebd0615d9114a69
[Barrier] Learner 14 到達/重返, 等待人數: 18/18
[Global EQ] 啟動 Leader SAT 尋找反例
[Barrier] Learner 14 到達/重返, 等待人數: 1/18
[Barrier] Learner 0 到達/重返, 等待人數: 2/18
[Barrier] Learner 8 到達/重返, 等待人數: 3/18
[Barrier] Learner 2 到達/重返, 等待人數: 4/18
[Barrier] Learner 3 到達/重返, 等待人數: 5/18
[Barrier] Learner 15 到達/重返, 等待人數: 6/18
[Barrier] Learner 7 到達/重返, 等待人數: 7/18
[Barrier] Learner 11 到達/重返, 等待人數: 8/18
[Barrier] Learner 4 到達/重返, 等待人數: 9/18
[Barrier] Learner 6 到達/重返, 等待人數: 10/18
[Barrier] Learner 16 到達/重返, 等待人數: 11/18
[Barrier] Learner 9 到達/重返, 等待人數: 12/18
[Barrier] Learner 13 到達/重返, 等待人數: 13/18
[Barrier] Learner 12 到達/重返, 等待人數: 14/18
[Barrier] Learner 5 到達/重返, 等待人數: 15/18
[Barrier] Learner 17 到達/重返, 等待人數: 16/18
[Barrier] Learner 1 到達/重返, 等待人數: 17/18
[Barrier] Learner 10 到達/重返, 等待人數: 18/18
[Global EQ] 啟動 Leader SAT 尋找反例
[Barrier] Learner 8 到達/重返, 等待人數: 1/18
[Barrier] Learner 15 到達/重返, 等待人數: 2/18
[Barrier] Learner 3 到達/重返, 等待人數: 3/18
[Barrier] Learner 2 到達/重返, 等待人數: 4/18
[Barrier] Learner 12 到達/重返, 等待人數: 5/18
[Barrier] Learner 0 到達/重返, 等待人數: 6/18
[Barrier] Learner 1 到達/重返, 等待人數: 7/18
[Barrier] Learner 11 到達/重返, 等待人數: 8/18
[Barrier] Learner 9 到達/重返, 等待人數: 9/18
[Barrier] Learner 6 到達/重返, 等待人數: 10/18
[Barrier] Learner 13 到達/重返, 等待人數: 11/18
[Barrier] Learner 17 到達/重返, 等待人數: 12/18
[Barrier] Learner 16 到達/重返, 等待人數: 13/18
[Barrier] Learner 4 到達/重返, 等待人數: 14/18
[Barrier] Learner 7 到達/重返, 等待人數: 15/18
[Barrier] Learner 14 到達/重返, 等待人數: 16/18
[Barrier] Learner 5 到達/重返, 等待人數: 17/18
[Table] MQ/CE SAT 填 hash=0x94a97bf14e833a17
[Table] MQ/CE SAT 填 hash=0x7f5f8dc80733eeab
[Table] MQ/CE SAT 填 hash=0xfcc3124d7ed8ff2b
[Table] MQ/CE SAT 填 hash=0xcdd5e716c7d3555f
[Barrier] Learner 10 到達/重返, 等待人數: 18/18
[Global EQ] 啟動 Leader SAT 尋找反例
[Barrier] Learner 17 到達/重返, 等待人數: 1/18
[Barrier] Learner 7 到達/重返, 等待人數: 2/18
[Barrier] Learner 8 到達/重返, 等待人數: 3/18
[Barrier] Learner 6 到達/重返, 等待人數: 4/18
[Barrier] Learner 13 到達/重返, 等待人數: 5/18
[Barrier] Learner 11 到達/重返, 等待人數: 6/18
[Barrier] Learner 9 到達/重返, 等待人數: 7/18
[Barrier] Learner 3 到達/重返, 等待人數: 8/18
[Barrier] Learner 4 到達/重返, 等待人數: 9/18
[Barrier] Learner 0 到達/重返, 等待人數: 10/18
[Barrier] Learner 16 到達/重返, 等待人數: 11/18
[Barrier] Learner 1 到達/重返, 等待人數: 12/18
[Barrier] Learner 15 到達/重返, 等待人數: 13/18
[Barrier] Learner 5 到達/重返, 等待人數: 14/18
[Barrier] Learner 12 到達/重返, 等待人數: 15/18
[Barrier] Learner 10 到達/重返, 等待人數: 16/18
[Barrier] Learner 2 到達/重返, 等待人數: 17/18
[Table] MQ/CE SAT 填 hash=0xc7452967b4be4853
[Table] MQ/CE SAT 填 hash=0x7082ee909ea7b5d3
[Barrier] Learner 14 到達/重返, 等待人數: 18/18
[Global EQ] 啟動 Leader SAT 尋找反例
[Barrier] Learner 6 到達/重返, 等待人數: 1/18
[Barrier] Learner 17 到達/重返, 等待人數: 2/18
[Barrier] Learner 10 到達/重返, 等待人數: 3/18
[Barrier] Learner 14 到達/重返, 等待人數: 4/18
[Barrier] Learner 7 到達/重返, 等待人數: 5/18
[Barrier] Learner 15 到達/重返, 等待人數: 6/18
[Barrier] Learner 1 到達/重返, 等待人數: 7/18
[Barrier] Learner 12 到達/重返, 等待人數: 8/18
[Barrier] Learner 5 到達/重返, 等待人數: 9/18
[Barrier] Learner 11 到達/重返, 等待人數: 10/18
[Barrier] Learner 0 到達/重返, 等待人數: 11/18
[Barrier] Learner 13 到達/重返, 等待人數: 12/18
[Barrier] Learner 16 到達/重返, 等待人數: 13/18
[Barrier] Learner 3 到達/重返, 等待人數: 14/18
[Barrier] Learner 9 到達/重返, 等待人數: 15/18
[Barrier] Learner 4 到達/重返, 等待人數: 16/18
[Barrier] Learner 2 到達/重返, 等待人數: 17/18
[Barrier] Learner 8 到達/重返, 等待人數: 18/18
[Global EQ] 啟動 Leader SAT 尋找反例
[Barrier] Learner 8 到達/重返, 等待人數: 1/18
[Barrier] Learner 9 到達/重返, 等待人數: 2/18
[Barrier] Learner 14 到達/重返, 等待人數: 3/18
[Barrier] Learner 12 到達/重返, 等待人數: 4/18
[Barrier] Learner 7 到達/重返, 等待人數: 5/18
[Barrier] Learner 11 到達/重返, 等待人數: 6/18
[Barrier] Learner 13 到達/重返, 等待人數: 7/18
[Barrier] Learner 5 到達/重返, 等待人數: 8/18
[Barrier] Learner 1 到達/重返, 等待人數: 9/18
[Barrier] Learner 17 到達/重返, 等待人數: 10/18
[Barrier] Learner 4 到達/重返, 等待人數: 11/18
[Barrier] Learner 10 到達/重返, 等待人數: 12/18
[Barrier] Learner 6 到達/重返, 等待人數: 13/18
[Barrier] Learner 0 到達/重返, 等待人數: 14/18
[Barrier] Learner 16 到達/重返, 等待人數: 15/18
[Barrier] Learner 3 到達/重返, 等待人數: 16/18
[Barrier] Learner 2 到達/重返, 等待人數: 17/18
[Barrier] Learner 15 到達/重返, 等待人數: 18/18
[Global EQ] 啟動 Leader SAT 尋找反例
[Table] MQ/CE SAT 填 hash=0x705e0805b7e07926
[Barrier] Learner 9 到達/重返, 等待人數: 1/18
[Barrier] Learner 15 到達/重返, 等待人數: 2/18
[Barrier] Learner 5 到達/重返, 等待人數: 3/18
[Barrier] Learner 1 到達/重返, 等待人數: 4/18
[Barrier] Learner 11 到達/重返, 等待人數: 5/18
[Barrier] Learner 13 到達/重返, 等待人數: 6/18
[Barrier] Learner 10 到達/重返, 等待人數: 7/18
[Barrier] Learner 7 到達/重返, 等待人數: 8/18
[Barrier] Learner 14 到達/重返, 等待人數: 9/18
[Barrier] Learner 0 到達/重返, 等待人數: 10/18
[Barrier] Learner 16 到達/重返, 等待人數: 11/18
[Barrier] Learner 8 到達/重返, 等待人數: 12/18
[Barrier] Learner 4 到達/重返, 等待人數: 13/18
[Barrier] Learner 2 到達/重返, 等待人數: 14/18
[Barrier] Learner 12 到達/重返, 等待人數: 15/18
[Barrier] Learner 6 到達/重返, 等待人數: 16/18
[Barrier] Learner 3 到達/重返, 等待人數: 17/18
[Barrier] Learner 17 到達/重返, 等待人數: 18/18
[Global EQ] 啟動 Leader SAT 尋找反例
[Barrier] Learner 1 到達/重返, 等待人數: 1/18
[Barrier] Learner 14 到達/重返, 等待人數: 2/18
[Barrier] Learner 12 到達/重返, 等待人數: 3/18
[Barrier] Learner 13 到達/重返, 等待人數: 4/18
[Barrier] Learner 3 到達/重返, 等待人數: 5/18
[Barrier] Learner 0 到達/重返, 等待人數: 6/18
[Barrier] Learner 16 到達/重返, 等待人數: 7/18
[Barrier] Learner 4 到達/重返, 等待人數: 8/18
[Barrier] Learner 10 到達/重返, 等待人數: 9/18
[Barrier] Learner 2 到達/重返, 等待人數: 10/18
[Barrier] Learner 15 到達/重返, 等待人數: 11/18
[Barrier] Learner 11 到達/重返, 等待人數: 12/18
[Barrier] Learner 8 到達/重返, 等待人數: 13/18
[Barrier] Learner 7 到達/重返, 等待人數: 14/18
[Barrier] Learner 6 到達/重返, 等待人數: 15/18
[Barrier] Learner 9 到達/重返, 等待人數: 16/18
[Barrier] Learner 5 到達/重返, 等待人數: 17/18
[Table] MQ/CE SAT 填 hash=0x4ccedb377b5ac3e0
[Table] MQ/CE SAT 填 hash=0xf60ca06065443160
[Table] MQ/CE SAT 填 hash=0xb568e89ac937ccc
[Table] MQ/CE SAT 填 hash=0x80b1977508ebd716
[Barrier] Learner 17 到達/重返, 等待人數: 18/18
[Global EQ] 啟動 Leader SAT 尋找反例
[Barrier] Learner 2 到達/重返, 等待人數: 1/18
[Barrier] Learner 3 到達/重返, 等待人數: 2/18
[Barrier] Learner 12 到達/重返, 等待人數: 3/18
[Barrier] Learner 0 到達/重返, 等待人數: 4/18
[Barrier] Learner 16 到達/重返, 等待人數: 5/18
[Barrier] Learner 13 到達/重返, 等待人數: 6/18
[Barrier] Learner 4 到達/重返, 等待人數: 7/18
[Barrier] Learner 9 到達/重返, 等待人數: 8/18
[Barrier] Learner 14 到達/重返, 等待人數: 9/18
[Barrier] Learner 10 到達/重返, 等待人數: 10/18
[Barrier] Learner 1 到達/重返, 等待人數: 11/18
[Barrier] Learner 5 到達/重返, 等待人數: 12/18
[Barrier] Learner 8 到達/重返, 等待人數: 13/18
[Barrier] Learner 7 到達/重返, 等待人數: 14/18
[Barrier] Learner 6 到達/重返, 等待人數: 15/18
[Table] MQ/CE SAT 填 hash=0x4eee66b7faa0e751
[Table] MQ/CE SAT 填 hash=0x643854e141f032bd
[Barrier] Learner 17 到達/重返, 等待人數: 16/18
[Barrier] Learner 15 到達/重返, 等待人數: 17/18
[Barrier] Learner 11 到達/重返, 等待人數: 18/18
[Global EQ] 啟動 Leader SAT 尋找反例
[Table] MQ/CE SAT 填 hash=0x1aad794ff25ad486
[Barrier] Learner 11 到達/重返, 等待人數: 1/18
[Barrier] Learner 1 到達/重返, 等待人數: 2/18
[Barrier] Learner 8 到達/重返, 等待人數: 3/18
[Barrier] Learner 0 到達/重返, 等待人數: 4/18
[Barrier] Learner 13 到達/重返, 等待人數: 5/18
[Barrier] Learner 16 到達/重返, 等待人數: 6/18
[Barrier] Learner 10 到達/重返, 等待人數: 7/18
[Barrier] Learner 4 到達/重返, 等待人數: 8/18
[Barrier] Learner 7 到達/重返, 等待人數: 9/18
[Barrier] Learner 3 到達/重返, 等待人數: 10/18
[Barrier] Learner 12 到達/重返, 等待人數: 11/18
[Barrier] Learner 9 到達/重返, 等待人數: 12/18
[Barrier] Learner 15 到達/重返, 等待人數: 13/18
[Barrier] Learner 14 到達/重返, 等待人數: 14/18
[Barrier] Learner 2 到達/重返, 等待人數: 15/18
[Barrier] Learner 6 到達/重返, 等待人數: 16/18
[Barrier] Learner 17 到達/重返, 等待人數: 17/18
[Table] MQ/CE SAT 填 hash=0xf743dd82e04c9abf
[Table] MQ/CE SAT 填 hash=0x37aa7e0f5e82f3f3
[Barrier] Learner 5 到達/重返, 等待人數: 18/18
[Global EQ] 啟動 Leader SAT 尋找反例
[Barrier] Learner 5 到達/重返, 等待人數: 1/18
[Barrier] Learner 15 到達/重返, 等待人數: 2/18
[Barrier] Learner 8 到達/重返, 等待人數: 3/18
[Barrier] Learner 12 到達/重返, 等待人數: 4/18
[Barrier] Learner 2 到達/重返, 等待人數: 5/18
[Barrier] Learner 11 到達/重返, 等待人數: 6/18
[Barrier] Learner 9 到達/重返, 等待人數: 7/18
[Barrier] Learner 17 到達/重返, 等待人數: 8/18
[Barrier] Learner 0 到達/重返, 等待人數: 9/18
[Barrier] Learner 16 到達/重返, 等待人數: 10/18
[Barrier] Learner 10 到達/重返, 等待人數: 11/18
[Barrier] Learner 6 到達/重返, 等待人數: 12/18
[Barrier] Learner 4 到達/重返, 等待人數: 13/18
[Barrier] Learner 14 到達/重返, 等待人數: 14/18
[Barrier] Learner 7 到達/重返, 等待人數: 15/18
[Barrier] Learner 3 到達/重返, 等待人數: 16/18
[Barrier] Learner 1 到達/重返, 等待人數: 17/18
[Table] MQ/CE SAT 填 hash=0xf6beb7ae786df392
[Table] MQ/CE SAT 填 hash=0x6c04b9218f796632
[Barrier] Learner 13 到達/重返, 等待人數: 18/18
[Global EQ] 啟動 Leader SAT 尋找反例
[Barrier] Learner 7 到達/重返, 等待人數: 1/18
[Barrier] Learner 11 到達/重返, 等待人數: 2/18
[Barrier] Learner 13 到達/重返, 等待人數: 3/18
[Barrier] Learner 6 到達/重返, 等待人數: 4/18
[Barrier] Learner 17 到達/重返, 等待人數: 5/18
[Barrier] Learner 5 到達/重返, 等待人數: 6/18
[Barrier] Learner 16 到達/重返, 等待人數: 7/18
[Barrier] Learner 0 到達/重返, 等待人數: 8/18
[Barrier] Learner 9 到達/重返, 等待人數: 9/18
[Barrier] Learner 1 到達/重返, 等待人數: 10/18
[Barrier] Learner 10 到達/重返, 等待人數: 11/18
[Barrier] Learner 4 到達/重返, 等待人數: 12/18
[Barrier] Learner 14 到達/重返, 等待人數: 13/18
[Barrier] Learner 15 到達/重返, 等待人數: 14/18
[Barrier] Learner 8 到達/重返, 等待人數: 15/18
[Barrier] Learner 12 到達/重返, 等待人數: 16/18
[Barrier] Learner 3 到達/重返, 等待人數: 17/18
[Barrier] Learner 2 到達/重返, 等待人數: 18/18
[Global EQ] 啟動 Leader SAT 尋找反例
[Barrier] Learner 2 到達/重返, 等待人數: 1/18
[Barrier] Learner 3 到達/重返, 等待人數: 2/18
[Barrier] Learner 7 到達/重返, 等待人數: 3/18
[Barrier] Learner 6 到達/重返, 等待人數: 4/18
[Barrier] Learner 10 到達/重返, 等待人數: 5/18
[Barrier] Learner 5 到達/重返, 等待人數: 6/18
[Barrier] Learner 9 到達/重返, 等待人數: 7/18
[Barrier] Learner 15 到達/重返, 等待人數: 8/18
[Barrier] Learner 11 到達/重返, 等待人數: 9/18
[Barrier] Learner 1 到達/重返, 等待人數: 10/18
[Barrier] Learner 8 到達/重返, 等待人數: 11/18
[Barrier] Learner 14 到達/重返, 等待人數: 12/18
[Barrier] Learner 0 到達/重返, 等待人數: 13/18
[Barrier] Learner 12 到達/重返, 等待人數: 14/18
[Barrier] Learner 13 到達/重返, 等待人數: 15/18
[Barrier] Learner 17 到達/重返, 等待人數: 16/18
[Barrier] Learner 16 到達/重返, 等待人數: 17/18
[Barrier] Learner 4 到達/重返, 等待人數: 18/18
[Global EQ] 啟動 Leader SAT 尋找反例
[Barrier] Learner 17 到達/重返, 等待人數: 1/18
[Barrier] Learner 11 到達/重返, 等待人數: 2/18
[Barrier] Learner 6 到達/重返, 等待人數: 3/18
[Barrier] Learner 10 到達/重返, 等待人數: 4/18
[Barrier] Learner 9 到達/重返, 等待人數: 5/18
[Barrier] Learner 15 到達/重返, 等待人數: 6/18
[Barrier] Learner 8 到達/重返, 等待人數: 7/18
[Barrier] Learner 16 到達/重返, 等待人數: 8/18
[Barrier] Learner 4 到達/重返, 等待人數: 9/18
[Barrier] Learner 0 到達/重返, 等待人數: 10/18
[Barrier] Learner 3 到達/重返, 等待人數: 11/18
[Barrier] Learner 2 到達/重返, 等待人數: 12/18
[Barrier] Learner 14 到達/重返, 等待人數: 13/18
[Barrier] Learner 5 到達/重返, 等待人數: 14/18
[Barrier] Learner 1 到達/重返, 等待人數: 15/18
[Barrier] Learner 12 到達/重返, 等待人數: 16/18
[Barrier] Learner 7 到達/重返, 等待人數: 17/18
[Table] MQ/CE SAT 填 hash=0xd7d2996c3cb11132
[Table] MQ/CE SAT 填 hash=0x2c717c00b1a5c7f2
[Table] MQ/CE SAT 填 hash=0x5705585340445eca
[Table] MQ/CE SAT 填 hash=0x6c4f467c8793aa36
[Table] MQ/CE SAT 填 hash=0xe9b2cb01ff38bab6
[Table] MQ/CE SAT 填 hash=0x2b0108bf43663276
[Barrier] Learner 13 到達/重返, 等待人數: 18/18
[Global EQ] 啟動 Leader SAT 尋找反例
[Barrier] Learner 13 到達/重返, 等待人數: 1/18
[Barrier] Learner 0 到達/重返, 等待人數: 2/18
[Barrier] Learner 8 到達/重返, 等待人數: 3/18
[Barrier] Learner 5 到達/重返, 等待人數: 4/18
[Barrier] Learner 14 到達/重返, 等待人數: 5/18
[Barrier] Learner 2 到達/重返, 等待人數: 6/18
[Barrier] Learner 10 到達/重返, 等待人數: 7/18
[Barrier] Learner 17 到達/重返, 等待人數: 8/18
[Barrier] Learner 12 到達/重返, 等待人數: 9/18
[Barrier] Learner 9 到達/重返, 等待人數: 10/18
[Barrier] Learner 16 到達/重返, 等待人數: 11/18
[Barrier] Learner 11 到達/重返, 等待人數: 12/18
[Barrier] Learner 6 到達/重返, 等待人數: 13/18
[Barrier] Learner 4 到達/重返, 等待人數: 14/18
[Barrier] Learner 1 到達/重返, 等待人數: 15/18
[Barrier] Learner 3 到達/重返, 等待人數: 16/18
[Barrier] Learner 7 到達/重返, 等待人數: 17/18
[Table] MQ/CE SAT 填 hash=0x4aab82f4da38e820
[Barrier] Learner 15 到達/重返, 等待人數: 18/18
[Global EQ] 啟動 Leader SAT 尋找反例
[Barrier] Learner 15 到達/重返, 等待人數: 1/18
[Barrier] Learner 13 到達/重返, 等待人數: 2/18
[Barrier] Learner 4 到達/重返, 等待人數: 3/18
[Barrier] Learner 2 到達/重返, 等待人數: 4/18
[Barrier] Learner 14 到達/重返, 等待人數: 5/18
[Barrier] Learner 7 到達/重返, 等待人數: 6/18
[Barrier] Learner 8 到達/重返, 等待人數: 7/18
[Barrier] Learner 9 到達/重返, 等待人數: 8/18
[Barrier] Learner 16 到達/重返, 等待人數: 9/18
[Barrier] Learner 0 到達/重返, 等待人數: 10/18
[Barrier] Learner 11 到達/重返, 等待人數: 11/18
[Barrier] Learner 1 到達/重返, 等待人數: 12/18
[Barrier] Learner 6 到達/重返, 等待人數: 13/18
[Barrier] Learner 3 到達/重返, 等待人數: 14/18
[Barrier] Learner 12 到達/重返, 等待人數: 15/18
[Barrier] Learner 5 到達/重返, 等待人數: 16/18
[Barrier] Learner 17 到達/重返, 等待人數: 17/18
[Table] MQ/CE SAT 填 hash=0x8bcfccf92f19840b
[Table] MQ/CE SAT 填 hash=0x613bf0a6a07aed33
[Barrier] Learner 10 到達/重返, 等待人數: 18/18
[Global EQ] 啟動 Leader SAT 尋找反例
[Barrier] Learner 10 到達/重返, 等待人數: 1/18
[Barrier] Learner 11 到達/重返, 等待人數: 2/18
[Barrier] Learner 16 到達/重返, 等待人數: 3/18
[Barrier] Learner 17 到達/重返, 等待人數: 4/18
[Barrier] Learner 14 到達/重返, 等待人數: 5/18
[Barrier] Learner 1 到達/重返, 等待人數: 6/18
[Barrier] Learner 6 到達/重返, 等待人數: 7/18
[Barrier] Learner 12 到達/重返, 等待人數: 8/18
[Barrier] Learner 4 到達/重返, 等待人數: 9/18
[Barrier] Learner 5 到達/重返, 等待人數: 10/18
[Barrier] Learner 0 到達/重返, 等待人數: 11/18
[Barrier] Learner 2 到達/重返, 等待人數: 12/18
[Barrier] Learner 7 到達/重返, 等待人數: 13/18
[Barrier] Learner 3 到達/重返, 等待人數: 14/18
[Barrier] Learner 9 到達/重返, 等待人數: 15/18
[Barrier] Learner 15 到達/重返, 等待人數: 16/18
[Barrier] Learner 8 到達/重返, 等待人數: 17/18
[Table] MQ/CE SAT 填 hash=0xe87c62b7c6a8e1d
[Barrier] Learner 13 到達/重返, 等待人數: 18/18
[Global EQ] 啟動 Leader SAT 尋找反例
[Barrier] Learner 13 到達/重返, 等待人數: 1/18
[Barrier] Learner 11 到達/重返, 等待人數: 2/18
[Barrier] Learner 14 到達/重返, 等待人數: 3/18
[Barrier] Learner 4 到達/重返, 等待人數: 4/18
[Barrier] Learner 2 到達/重返, 等待人數: 5/18
[Barrier] Learner 15 到達/重返, 等待人數: 6/18
[Barrier] Learner 9 到達/重返, 等待人數: 7/18
[Barrier] Learner 7 到達/重返, 等待人數: 8/18
[Barrier] Learner 6 到達/重返, 等待人數: 9/18
[Barrier] Learner 3 到達/重返, 等待人數: 10/18
[Barrier] Learner 17 到達/重返, 等待人數: 11/18
[Barrier] Learner 8 到達/重返, 等待人數: 12/18
[Barrier] Learner 1 到達/重返, 等待人數: 13/18
[Barrier] Learner 16 到達/重返, 等待人數: 14/18
[Barrier] Learner 12 到達/重返, 等待人數: 15/18
[Barrier] Learner 5 到達/重返, 等待人數: 16/18
[Barrier] Learner 0 到達/重返, 等待人數: 17/18
[Barrier] Learner 10 到達/重返, 等待人數: 18/18
[Global EQ] 啟動 Leader SAT 尋找反例
[Barrier] Learner 10 到達/重返, 等待人數: 1/18
[Barrier] Learner 1 到達/重返, 等待人數: 2/18
[Barrier] Learner 15 到達/重返, 等待人數: 3/18
[Barrier] Learner 14 到達/重返, 等待人數: 4/18
[Barrier] Learner 7 到達/重返, 等待人數: 5/18
[Barrier] Learner 2 到達/重返, 等待人數: 6/18
[Barrier] Learner 3 到達/重返, 等待人數: 7/18
[Barrier] Learner 11 到達/重返, 等待人數: 8/18
[Barrier] Learner 6 到達/重返, 等待人數: 9/18
[Barrier] Learner 12 到達/重返, 等待人數: 10/18
[Barrier] Learner 8 到達/重返, 等待人數: 11/18
[Barrier] Learner 0 到達/重返, 等待人數: 12/18
[Barrier] Learner 9 到達/重返, 等待人數: 13/18
[Barrier] Learner 17 到達/重返, 等待人數: 14/18
[Barrier] Learner 4 到達/重返, 等待人數: 15/18
[Barrier] Learner 16 到達/重返, 等待人數: 16/18
[Barrier] Learner 13 到達/重返, 等待人數: 17/18
[Table] MQ/CE SAT 填 hash=0xa2a4faee6b57e3ff
[Barrier] Learner 5 到達/重返, 等待人數: 18/18
[Global EQ] 啟動 Leader SAT 尋找反例
[Barrier] Learner 2 到達/重返, 等待人數: 1/18
[Barrier] Learner 5 到達/重返, 等待人數: 2/18
[Barrier] Learner 15 到達/重返, 等待人數: 3/18
[Barrier] Learner 16 到達/重返, 等待人數: 4/18
[Barrier] Learner 13 到達/重返, 等待人數: 5/18
[Barrier] Learner 6 到達/重返, 等待人數: 6/18
[Barrier] Learner 10 到達/重返, 等待人數: 7/18
[Barrier] Learner 0 到達/重返, 等待人數: 8/18
[Barrier] Learner 11 到達/重返, 等待人數: 9/18
[Barrier] Learner 14 到達/重返, 等待人數: 10/18
[Barrier] Learner 4 到達/重返, 等待人數: 11/18
[Barrier] Learner 9 到達/重返, 等待人數: 12/18
[Barrier] Learner 17 到達/重返, 等待人數: 13/18
[Barrier] Learner 7 到達/重返, 等待人數: 14/18
[Barrier] Learner 1 到達/重返, 等待人數: 15/18
[Barrier] Learner 8 到達/重返, 等待人數: 16/18
[Barrier] Learner 12 到達/重返, 等待人數: 17/18
[Barrier] Learner 3 到達/重返, 等待人數: 18/18
[Global EQ] 啟動 Leader SAT 尋找反例
[Barrier] Learner 3 到達/重返, 等待人數: 1/18
[Barrier] Learner 7 到達/重返, 等待人數: 2/18
[Barrier] Learner 10 到達/重返, 等待人數: 3/18
[Barrier] Learner 5 到達/重返, 等待人數: 4/18
[Barrier] Learner 2 到達/重返, 等待人數: 5/18
[Barrier] Learner 16 到達/重返, 等待人數: 6/18
[Barrier] Learner 8 到達/重返, 等待人數: 7/18
[Barrier] Learner 13 到達/重返, 等待人數: 8/18
[Barrier] Learner 1 到達/重返, 等待人數: 9/18
[Barrier] Learner 0 到達/重返, 等待人數: 10/18
[Barrier] Learner 14 到達/重返, 等待人數: 11/18
[Barrier] Learner 4 到達/重返, 等待人數: 12/18
[Barrier] Learner 15 到達/重返, 等待人數: 13/18
[Barrier] Learner 6 到達/重返, 等待人數: 14/18
[Barrier] Learner 17 到達/重返, 等待人數: 15/18
[Barrier] Learner 9 到達/重返, 等待人數: 16/18
[Barrier] Learner 12 到達/重返, 等待人數: 17/18
[Table] MQ/CE SAT 填 hash=0xae27bca4f096cff2
[Table] MQ/CE SAT 填 hash=0xf4faf43f14b34380
[Table] MQ/CE SAT 填 hash=0xa05c11aa9fbe8cc0
[Barrier] Learner 11 到達/重返, 等待人數: 18/18
[Global EQ] 啟動 Leader SAT 尋找反例
[Barrier] Learner 2 到達/重返, 等待人數: 1/18
[Barrier] Learner 1 到達/重返, 等待人數: 2/18
[Barrier] Learner 16 到達/重返, 等待人數: 3/18
[Barrier] Learner 5 到達/重返, 等待人數: 4/18
[Barrier] Learner 0 到達/重返, 等待人數: 5/18
[Barrier] Learner 12 到達/重返, 等待人數: 6/18
[Barrier] Learner 6 到達/重返, 等待人數: 7/18
[Barrier] Learner 11 到達/重返, 等待人數: 8/18
[Barrier] Learner 3 到達/重返, 等待人數: 9/18
[Barrier] Learner 4 到達/重返, 等待人數: 10/18
[Barrier] Learner 14 到達/重返, 等待人數: 11/18
[Barrier] Learner 9 到達/重返, 等待人數: 12/18
[Barrier] Learner 13 到達/重返, 等待人數: 13/18
[Barrier] Learner 10 到達/重返, 等待人數: 14/18
[Barrier] Learner 8 到達/重返, 等待人數: 15/18
[Barrier] Learner 15 到達/重返, 等待人數: 16/18
[Barrier] Learner 7 到達/重返, 等待人數: 17/18
[Barrier] Learner 17 到達/重返, 等待人數: 18/18
[Global EQ] 啟動 Leader SAT 尋找反例
[Barrier] Learner 17 到達/重返, 等待人數: 1/18
[Barrier] Learner 15 到達/重返, 等待人數: 2/18
[Barrier] Learner 3 到達/重返, 等待人數: 3/18
[Barrier] Learner 2 到達/重返, 等待人數: 4/18
[Barrier] Learner 0 到達/重返, 等待人數: 5/18
[Barrier] Learner 14 到達/重返, 等待人數: 6/18
[Barrier] Learner 6 到達/重返, 等待人數: 7/18
[Barrier] Learner 5 到達/重返, 等待人數: 8/18
[Barrier] Learner 8 到達/重返, 等待人數: 9/18
[Barrier] Learner 7 到達/重返, 等待人數: 10/18
[Barrier] Learner 1 到達/重返, 等待人數: 11/18
[Barrier] Learner 4 到達/重返, 等待人數: 12/18
[Barrier] Learner 10 到達/重返, 等待人數: 13/18
[Barrier] Learner 13 到達/重返, 等待人數: 14/18
[Barrier] Learner 16 到達/重返, 等待人數: 15/18
[Barrier] Learner 9 到達/重返, 等待人數: 16/18
[Barrier] Learner 12 到達/重返, 等待人數: 17/18
[Table] MQ/CE SAT 填 hash=0xf232c6bf040fc502
[Table] MQ/CE SAT 填 hash=0xa7e2d07eff051d4
[Table] MQ/CE SAT 填 hash=0xb907c8cd8a7a123
[Barrier] Learner 11 到達/重返, 等待人數: 18/18
[Global EQ] 啟動 Leader SAT 尋找反例
[Barrier] Learner 0 到達/重返, 等待人數: 1/18
[Barrier] Learner 13 到達/重返, 等待人數: 2/18
[Barrier] Learner 10 到達/重返, 等待人數: 3/18
[Barrier] Learner 9 到達/重返, 等待人數: 4/18
[Barrier] Learner 1 到達/重返, 等待人數: 5/18
[Barrier] Learner 4 到達/重返, 等待人數: 6/18
[Barrier] Learner 6 到達/重返, 等待人數: 7/18
[Barrier] Learner 12 到達/重返, 等待人數: 8/18
[Barrier] Learner 16 到達/重返, 等待人數: 9/18
[Barrier] Learner 5 到達/重返, 等待人數: 10/18
[Barrier] Learner 3 到達/重返, 等待人數: 11/18
[Barrier] Learner 15 到達/重返, 等待人數: 12/18
[Barrier] Learner 14 到達/重返, 等待人數: 13/18
[Barrier] Learner 11 到達/重返, 等待人數: 14/18
[Barrier] Learner 7 到達/重返, 等待人數: 15/18
[Barrier] Learner 17 到達/重返, 等待人數: 16/18
[Barrier] Learner 2 到達/重返, 等待人數: 17/18
[Barrier] Learner 8 到達/重返, 等待人數: 18/18
[Global EQ] 啟動 Leader SAT 尋找反例
[Barrier] Learner 13 到達/重返, 等待人數: 1/18
[Barrier] Learner 9 到達/重返, 等待人數: 2/18
[Barrier] Learner 11 到達/重返, 等待人數: 3/18
[Barrier] Learner 17 到達/重返, 等待人數: 4/18
[Barrier] Learner 6 到達/重返, 等待人數: 5/18
[Barrier] Learner 12 到達/重返, 等待人數: 6/18
[Barrier] Learner 14 到達/重返, 等待人數: 7/18
[Barrier] Learner 2 到達/重返, 等待人數: 8/18
[Barrier] Learner 16 到達/重返, 等待人數: 9/18
[Barrier] Learner 5 到達/重返, 等待人數: 10/18
[Barrier] Learner 10 到達/重返, 等待人數: 11/18
[Barrier] Learner 15 到達/重返, 等待人數: 12/18
[Table] MQ/CE SAT 填 hash=0xd5a9c5266e385ab
[Table] MQ/CE SAT 填 hash=0x105c14720b74c711
[Barrier] Learner 7 到達/重返, 等待人數: 13/18
[Table] MQ/CE SAT 填 hash=0xb8bbb9bdf1eeceeb
[Barrier] Learner 1 到達/重返, 等待人數: 14/18
[Table] MQ/CE SAT 填 hash=0x9d6edb55617d00b3
[Table] MQ/CE SAT 填 hash=0x7fb42d1e1eaa9e8f
[Table] MQ/CE SAT 填 hash=0xd4fb1505876caba1
[Table] MQ/CE SAT 填 hash=0x30c4381f78f1bf72
[Table] MQ/CE SAT 填 hash=0xf31f6a0b2702a553
[Table] MQ/CE SAT 填 hash=0x2aaba3bb4cf25041
[Table] MQ/CE SAT 填 hash=0x77976fb99d0e3300
[Table] MQ/CE SAT 填 hash=0xc68764b842c7121d
[Barrier] Learner 3 到達/重返, 等待人數: 15/18
[Table] MQ/CE SAT 填 hash=0x3f0315058f358d2f
[Table] MQ/CE SAT 填 hash=0x22f88d2528197c40
[Table] MQ/CE SAT 填 hash=0xe9f1008554d54be4
[Barrier] Learner 8 到達/重返, 等待人數: 16/18
[Table] MQ/CE SAT 填 hash=0x985396108471d68a
[Table] MQ/CE SAT 填 hash=0x95521df0dfe09524
[Table] MQ/CE SAT 填 hash=0x8c2de2ec0e819021
[Table] MQ/CE SAT 填 hash=0xeb02aca6a56639c4
[Barrier] Learner 0 到達/重返, 等待人數: 17/18
[Table] MQ/CE SAT 填 hash=0xc06ed05416c7a2ec
[Table] MQ/CE SAT 填 hash=0xb32d5dc4eac50db6
[Table] MQ/CE SAT 填 hash=0x5e3ed3398003ba62
[Barrier] Learner 4 到達/重返, 等待人數: 18/18
[Global EQ] 啟動 Leader SAT 尋找反例
[Barrier] Learner 17 到達/重返, 等待人數: 1/18
[Barrier] Learner 10 到達/重返, 等待人數: 2/18
[Barrier] Learner 11 到達/重返, 等待人數: 3/18
[Barrier] Learner 9 到達/重返, 等待人數: 4/18
[Barrier] Learner 16 到達/重返, 等待人數: 5/18
[Barrier] Learner 2 到達/重返, 等待人數: 6/18
[Barrier] Learner 7 到達/重返, 等待人數: 7/18
[Barrier] Learner 0 到達/重返, 等待人數: 8/18
[Barrier] Learner 1 到達/重返, 等待人數: 9/18
[Barrier] Learner 8 到達/重返, 等待人數: 10/18
[Barrier] Learner 12 到達/重返, 等待人數: 11/18
[Barrier] Learner 6 到達/重返, 等待人數: 12/18
[Barrier] Learner 15 到達/重返, 等待人數: 13/18
[Barrier] Learner 13 到達/重返, 等待人數: 14/18
[Barrier] Learner 3 到達/重返, 等待人數: 15/18
[Barrier] Learner 4 到達/重返, 等待人數: 16/18
[Barrier] Learner 14 到達/重返, 等待人數: 17/18
[Table] MQ/CE SAT 填 hash=0xff609ae761e9064e
[Table] MQ/CE SAT 填 hash=0x4633d281860579dc
[Table] MQ/CE SAT 填 hash=0x22ca36b473f74015
[Table] MQ/CE SAT 填 hash=0xef7b22c7d896da59
[Table] MQ/CE SAT 填 hash=0xb5dfedd71321fc83
[Table] MQ/CE SAT 填 hash=0x387c69519b7cec03
[Barrier] Learner 5 到達/重返, 等待人數: 18/18
[Global EQ] 啟動 Leader SAT 尋找反例
[Barrier] Learner 8 到達/重返, 等待人數: 1/18
[Barrier] Learner 5 到達/重返, 等待人數: 2/18
[Barrier] Learner 0 到達/重返, 等待人數: 3/18
[Barrier] Learner 7 到達/重返, 等待人數: 4/18
[Barrier] Learner 13 到達/重返, 等待人數: 5/18
[Barrier] Learner 2 到達/重返, 等待人數: 6/18
[Barrier] Learner 6 到達/重返, 等待人數: 7/18
[Barrier] Learner 3 到達/重返, 等待人數: 8/18
[Barrier] Learner 12 到達/重返, 等待人數: 9/18
[Barrier] Learner 10 到達/重返, 等待人數: 10/18
[Barrier] Learner 16 到達/重返, 等待人數: 11/18
[Barrier] Learner 15 到達/重返, 等待人數: 12/18
[Barrier] Learner 14 到達/重返, 等待人數: 13/18
[Barrier] Learner 11 到達/重返, 等待人數: 14/18
[Barrier] Learner 4 到達/重返, 等待人數: 15/18
[Barrier] Learner 1 到達/重返, 等待人數: 16/18
[Barrier] Learner 17 到達/重返, 等待人數: 17/18
[Barrier] Learner 9 到達/重返, 等待人數: 18/18
[Global EQ] 啟動 Leader SAT 尋找反例
[Barrier] Learner 9 到達/重返, 等待人數: 1/18
[Barrier] Learner 16 到達/重返, 等待人數: 2/18
[Barrier] Learner 8 到達/重返, 等待人數: 3/18
[Barrier] Learner 15 到達/重返, 等待人數: 4/18
[Barrier] Learner 11 到達/重返, 等待人數: 5/18
[Barrier] Learner 12 到達/重返, 等待人數: 6/18
[Barrier] Learner 13 到達/重返, 等待人數: 7/18
[Barrier] Learner 4 到達/重返, 等待人數: 8/18
[Barrier] Learner 1 到達/重返, 等待人數: 9/18
[Barrier] Learner 14 到達/重返, 等待人數: 10/18
[Barrier] Learner 6 到達/重返, 等待人數: 11/18
[Barrier] Learner 10 到達/重返, 等待人數: 12/18
[Barrier] Learner 2 到達/重返, 等待人數: 13/18
[Barrier] Learner 7 到達/重返, 等待人數: 14/18
[Barrier] Learner 5 到達/重返, 等待人數: 15/18
[Barrier] Learner 3 到達/重返, 等待人數: 16/18
[Barrier] Learner 17 到達/重返, 等待人數: 17/18
[Table] MQ/CE SAT 填 hash=0x5511299d276eaaee
[Table] MQ/CE SAT 填 hash=0x31a78dd015607127
[Table] MQ/CE SAT 填 hash=0x3dad6e4ea7a576bf
[Table] MQ/CE SAT 填 hash=0x4579139810c7d497
[Barrier] Learner 0 到達/重返, 等待人數: 18/18
[Global EQ] 啟動 Leader SAT 尋找反例
[Barrier] Learner 5 到達/重返, 等待人數: 1/18
[Barrier] Learner 0 到達/重返, 等待人數: 2/18
[Barrier] Learner 1 到達/重返, 等待人數: 3/18
[Barrier] Learner 8 到達/重返, 等待人數: 4/18
[Barrier] Learner 15 到達/重返, 等待人數: 5/18
[Barrier] Learner 12 到達/重返, 等待人數: 6/18
[Barrier] Learner 16 到達/重返, 等待人數: 7/18
[Barrier] Learner 4 到達/重返, 等待人數: 8/18
[Barrier] Learner 2 到達/重返, 等待人數: 9/18
[Barrier] Learner 14 到達/重返, 等待人數: 10/18
[Barrier] Learner 10 到達/重返, 等待人數: 11/18
[Barrier] Learner 9 到達/重返, 等待人數: 12/18
[Barrier] Learner 17 到達/重返, 等待人數: 13/18
[Barrier] Learner 7 到達/重返, 等待人數: 14/18
[Barrier] Learner 11 到達/重返, 等待人數: 15/18
[Barrier] Learner 13 到達/重返, 等待人數: 16/18
[Barrier] Learner 6 到達/重返, 等待人數: 17/18
[Table] MQ/CE SAT 填 hash=0x6a2ef3ffe32b5f67
[Table] MQ/CE SAT 填 hash=0x147e654a1da5bac7
[Barrier] Learner 3 到達/重返, 等待人數: 18/18
[Global EQ] 啟動 Leader SAT 尋找反例
[Barrier] Learner 3 到達/重返, 等待人數: 1/18
[Barrier] Learner 6 到達/重返, 等待人數: 2/18
[Barrier] Learner 12 到達/重返, 等待人數: 3/18
[Barrier] Learner 11 到達/重返, 等待人數: 4/18
[Barrier] Learner 9 到達/重返, 等待人數: 5/18
[Barrier] Learner 2 到達/重返, 等待人數: 6/18
[Barrier] Learner 16 到達/重返, 等待人數: 7/18
[Barrier] Learner 14 到達/重返, 等待人數: 8/18
[Barrier] Learner 5 到達/重返, 等待人數: 9/18
[Barrier] Learner 17 到達/重返, 等待人數: 10/18
[Barrier] Learner 1 到達/重返, 等待人數: 11/18
[Barrier] Learner 15 到達/重返, 等待人數: 12/18
[Barrier] Learner 7 到達/重返, 等待人數: 13/18
[Barrier] Learner 0 到達/重返, 等待人數: 14/18
[Barrier] Learner 10 到達/重返, 等待人數: 15/18
[Barrier] Learner 13 到達/重返, 等待人數: 16/18
[Barrier] Learner 4 到達/重返, 等待人數: 17/18
[Table] MQ/CE SAT 填 hash=0x884ef417640c32da
[Table] MQ/CE SAT 填 hash=0x64e5584a51fdf913
[Table] MQ/CE SAT 填 hash=0xe781d3c4da58e893
[Barrier] Learner 8 到達/重返, 等待人數: 18/18
[Global EQ] 啟動 Leader SAT 尋找反例
[Barrier] Learner 8 到達/重返, 等待人數: 1/18
[Barrier] Learner 11 到達/重返, 等待人數: 2/18
[Barrier] Learner 16 到達/重返, 等待人數: 3/18
[Barrier] Learner 13 到達/重返, 等待人數: 4/18
[Barrier] Learner 4 到達/重返, 等待人數: 5/18
[Barrier] Learner 14 到達/重返, 等待人數: 6/18
[Barrier] Learner 6 到達/重返, 等待人數: 7/18
[Barrier] Learner 0 到達/重返, 等待人數: 8/18
[Barrier] Learner 10 到達/重返, 等待人數: 9/18
[Barrier] Learner 15 到達/重返, 等待人數: 10/18
[Barrier] Learner 9 到達/重返, 等待人數: 11/18
[Barrier] Learner 12 到達/重返, 等待人數: 12/18
[Barrier] Learner 3 到達/重返, 等待人數: 13/18
[Barrier] Learner 17 到達/重返, 等待人數: 14/18
[Barrier] Learner 2 到達/重返, 等待人數: 15/18
[Barrier] Learner 7 到達/重返, 等待人數: 16/18
[Barrier] Learner 1 到達/重返, 等待人數: 17/18
[Barrier] Learner 5 到達/重返, 等待人數: 18/18
[Global EQ] 啟動 Leader SAT 尋找反例
[Barrier] Learner 5 到達/重返, 等待人數: 1/18
[Barrier] Learner 6 到達/重返, 等待人數: 2/18
[Barrier] Learner 13 到達/重返, 等待人數: 3/18
[Barrier] Learner 16 到達/重返, 等待人數: 4/18
[Barrier] Learner 11 到達/重返, 等待人數: 5/18
[Barrier] Learner 3 到達/重返, 等待人數: 6/18
[Barrier] Learner 17 到達/重返, 等待人數: 7/18
[Barrier] Learner 0 到達/重返, 等待人數: 8/18
[Barrier] Learner 4 到達/重返, 等待人數: 9/18
[Barrier] Learner 10 到達/重返, 等待人數: 10/18
[Barrier] Learner 9 到達/重返, 等待人數: 11/18
[Barrier] Learner 15 到達/重返, 等待人數: 12/18
[Barrier] Learner 8 到達/重返, 等待人數: 13/18
[Barrier] Learner 7 到達/重返, 等待人數: 14/18
[Barrier] Learner 12 到達/重返, 等待人數: 15/18
[Barrier] Learner 1 到達/重返, 等待人數: 16/18
[Barrier] Learner 14 到達/重返, 等待人數: 17/18
[Barrier] Learner 2 到達/重返, 等待人數: 18/18
[Global EQ] 啟動 Leader SAT 尋找反例
[Barrier] Learner 2 到達/重返, 等待人數: 1/18
[Barrier] Learner 13 到達/重返, 等待人數: 2/18
[Barrier] Learner 6 到達/重返, 等待人數: 3/18
[Barrier] Learner 17 到達/重返, 等待人數: 4/18
[Barrier] Learner 15 到達/重返, 等待人數: 5/18
[Barrier] Learner 8 到達/重返, 等待人數: 6/18
[Barrier] Learner 11 到達/重返, 等待人數: 7/18
[Barrier] Learner 5 到達/重返, 等待人數: 8/18
[Barrier] Learner 12 到達/重返, 等待人數: 9/18
[Barrier] Learner 14 到達/重返, 等待人數: 10/18
[Barrier] Learner 7 到達/重返, 等待人數: 11/18
[Barrier] Learner 1 到達/重返, 等待人數: 12/18
[Barrier] Learner 16 到達/重返, 等待人數: 13/18
[Barrier] Learner 0 到達/重返, 等待人數: 14/18
[Barrier] Learner 3 到達/重返, 等待人數: 15/18
[Barrier] Learner 9 到達/重返, 等待人數: 16/18
[Barrier] Learner 4 到達/重返, 等待人數: 17/18
[Table] MQ/CE SAT 填 hash=0x9624cee0fbd7bf85
[Table] MQ/CE SAT 填 hash=0xd252c3e9af1b529
[Table] MQ/CE SAT 填 hash=0xd389f74dd57cd753
[Barrier] Learner 10 到達/重返, 等待人數: 18/18
[Global EQ] 啟動 Leader SAT 尋找反例
[Table] MQ/CE SAT 填 hash=0xfe7d4536c57a5499
[Barrier] Learner 2 到達/重返, 等待人數: 1/18
[Barrier] Learner 10 到達/重返, 等待人數: 2/18
[Barrier] Learner 6 到達/重返, 等待人數: 3/18
[Barrier] Learner 1 到達/重返, 等待人數: 4/18
[Barrier] Learner 7 到達/重返, 等待人數: 5/18
[Barrier] Learner 4 到達/重返, 等待人數: 6/18
[Barrier] Learner 5 到達/重返, 等待人數: 7/18
[Barrier] Learner 14 到達/重返, 等待人數: 8/18
[Barrier] Learner 16 到達/重返, 等待人數: 9/18
[Barrier] Learner 0 到達/重返, 等待人數: 10/18
[Barrier] Learner 15 到達/重返, 等待人數: 11/18
[Barrier] Learner 13 到達/重返, 等待人數: 12/18
[Barrier] Learner 9 到達/重返, 等待人數: 13/18
[Barrier] Learner 11 到達/重返, 等待人數: 14/18
[Barrier] Learner 3 到達/重返, 等待人數: 15/18
[Barrier] Learner 12 到達/重返, 等待人數: 16/18
[Barrier] Learner 8 到達/重返, 等待人數: 17/18
[Table] MQ/CE SAT 填 hash=0xe33066ce35088661
[Table] MQ/CE SAT 填 hash=0x9c5d2f3410ec12d3
[Barrier] Learner 17 到達/重返, 等待人數: 18/18
[Global EQ] 啟動 Leader SAT 尋找反例
[Barrier] Learner 10 到達/重返, 等待人數: 1/18
[Barrier] Learner 0 到達/重返, 等待人數: 2/18
[Barrier] Learner 4 到達/重返, 等待人數: 3/18
[Barrier] Learner 17 到達/重返, 等待人數: 4/18
[Barrier] Learner 2 到達/重返, 等待人數: 5/18
[Barrier] Learner 7 到達/重返, 等待人數: 6/18
[Barrier] Learner 12 到達/重返, 等待人數: 7/18
[Barrier] Learner 15 到達/重返, 等待人數: 8/18
[Barrier] Learner 16 到達/重返, 等待人數: 9/18
[Barrier] Learner 8 到達/重返, 等待人數: 10/18
[Barrier] Learner 11 到達/重返, 等待人數: 11/18
[Barrier] Learner 13 到達/重返, 等待人數: 12/18
[Barrier] Learner 14 到達/重返, 等待人數: 13/18
[Barrier] Learner 3 到達/重返, 等待人數: 14/18
[Barrier] Learner 6 到達/重返, 等待人數: 15/18
[Barrier] Learner 5 到達/重返, 等待人數: 16/18
[Barrier] Learner 1 到達/重返, 等待人數: 17/18
[Barrier] Learner 9 到達/重返, 等待人數: 18/18
[Global EQ] 啟動 Leader SAT 尋找反例
[Barrier] Learner 9 到達/重返, 等待人數: 1/18
[Barrier] Learner 13 到達/重返, 等待人數: 2/18
[Barrier] Learner 2 到達/重返, 等待人數: 3/18
[Barrier] Learner 17 到達/重返, 等待人數: 4/18
[Barrier] Learner 15 到達/重返, 等待人數: 5/18
[Barrier] Learner 16 到達/重返, 等待人數: 6/18
[Barrier] Learner 11 到達/重返, 等待人數: 7/18
[Barrier] Learner 10 到達/重返, 等待人數: 8/18
[Barrier] Learner 14 到達/重返, 等待人數: 9/18
[Barrier] Learner 6 到達/重返, 等待人數: 10/18
[Barrier] Learner 12 到達/重返, 等待人數: 11/18
[Table] MQ/CE SAT 填 hash=0x630b2b082c692a4b
[Table] MQ/CE SAT 填 hash=0xba17dd6b53be74f7
[Table] MQ/CE SAT 填 hash=0x8e918439c013cfa1
[Table] MQ/CE SAT 填 hash=0x8674c6d53e776412
[Table] MQ/CE SAT 填 hash=0xeb150577dae885
[Table] MQ/CE SAT 填 hash=0xd564bbd3e430432f
[Table] MQ/CE SAT 填 hash=0xe6c4873b774738b
[Table] MQ/CE SAT 填 hash=0x45f88223dd641e79
[Barrier] Learner 5 到達/重返, 等待人數: 12/18
[Table] MQ/CE SAT 填 hash=0xcf0f5840a1fee1d
[Table] MQ/CE SAT 填 hash=0x31d5e440c982ad52
[Table] MQ/CE SAT 填 hash=0x1c37f36e084cb6bd
[Table] MQ/CE SAT 填 hash=0x170b56ed265e74ad
[Table] MQ/CE SAT 填 hash=0x116dc0935c05b4f1
[Barrier] Learner 1 到達/重返, 等待人數: 13/18
[Barrier] Learner 0 到達/重返, 等待人數: 14/18
[Barrier] Learner 3 到達/重返, 等待人數: 15/18
[Table] MQ/CE SAT 填 hash=0x471fd26a10d1f8be
[Table] MQ/CE SAT 填 hash=0x3fa18f3b1a5af084
[Table] MQ/CE SAT 填 hash=0xb74066ce449a497d
[Table] MQ/CE SAT 填 hash=0x4a214a89b5633a24
[Barrier] Learner 4 到達/重返, 等待人數: 16/18
[Table] MQ/CE SAT 填 hash=0xe484be5cfa9d0783
[Barrier] Learner 7 到達/重返, 等待人數: 17/18
[Barrier] Learner 8 到達/重返, 等待人數: 18/18
[Global EQ] 啟動 Leader SAT 尋找反例
[Barrier] Learner 8 到達/重返, 等待人數: 1/18
[Barrier] Learner 6 到達/重返, 等待人數: 2/18
[Barrier] Learner 10 到達/重返, 等待人數: 3/18
[Barrier] Learner 13 到達/重返, 等待人數: 4/18
[Barrier] Learner 2 到達/重返, 等待人數: 5/18
[Barrier] Learner 4 到達/重返, 等待人數: 6/18
[Barrier] Learner 12 到達/重返, 等待人數: 7/18
[Barrier] Learner 1 到達/重返, 等待人數: 8/18
[Barrier] Learner 0 到達/重返, 等待人數: 9/18
[Barrier] Learner 14 到達/重返, 等待人數: 10/18
[Barrier] Learner 15 到達/重返, 等待人數: 11/18
[Barrier] Learner 9 到達/重返, 等待人數: 12/18
[Barrier] Learner 11 到達/重返, 等待人數: 13/18
[Barrier] Learner 17 到達/重返, 等待人數: 14/18
[Barrier] Learner 7 到達/重返, 等待人數: 15/18
[Barrier] Learner 5 到達/重返, 等待人數: 16/18
[Barrier] Learner 16 到達/重返, 等待人數: 17/18
[Table] MQ/CE SAT 填 hash=0x86d2f6b173076e9a
[Table] MQ/CE SAT 填 hash=0x63695ae460f934d3
[Table] MQ/CE SAT 填 hash=0xb8083d78d5edeb93
[Table] MQ/CE SAT 填 hash=0x6257aec3106846f3
[Table] MQ/CE SAT 填 hash=0xc38547e6bfea7a3b
[Table] MQ/CE SAT 填 hash=0xa235793ee6562937
[Table] MQ/CE SAT 填 hash=0x24d1f4b96eb118b7
[Barrier] Learner 3 到達/重返, 等待人數: 18/18
[Global EQ] 啟動 Leader SAT 尋找反例
[Barrier] Learner 3 到達/重返, 等待人數: 1/18
[Barrier] Learner 5 到達/重返, 等待人數: 2/18
[Barrier] Learner 1 到達/重返, 等待人數: 3/18
[Barrier] Learner 0 到達/重返, 等待人數: 4/18
[Barrier] Learner 15 到達/重返, 等待人數: 5/18
[Barrier] Learner 12 到達/重返, 等待人數: 6/18
[Barrier] Learner 17 到達/重返, 等待人數: 7/18
[Barrier] Learner 2 到達/重返, 等待人數: 8/18
[Barrier] Learner 6 到達/重返, 等待人數: 9/18
[Barrier] Learner 10 到達/重返, 等待人數: 10/18
[Barrier] Learner 7 到達/重返, 等待人數: 11/18
[Barrier] Learner 16 到達/重返, 等待人數: 12/18
[Barrier] Learner 14 到達/重返, 等待人數: 13/18
[Barrier] Learner 4 到達/重返, 等待人數: 14/18
[Barrier] Learner 9 到達/重返, 等待人數: 15/18
[Barrier] Learner 8 到達/重返, 等待人數: 16/18
[Barrier] Learner 13 到達/重返, 等待人數: 17/18
[Barrier] Learner 11 到達/重返, 等待人數: 18/18
[Global EQ] 啟動 Leader SAT 尋找反例
[Barrier] Learner 10 到達/重返, 等待人數: 1/18
[Barrier] Learner 9 到達/重返, 等待人數: 2/18
[Barrier] Learner 14 到達/重返, 等待人數: 3/18
[Barrier] Learner 4 到達/重返, 等待人數: 4/18
[Barrier] Learner 8 到達/重返, 等待人數: 5/18
[Barrier] Learner 7 到達/重返, 等待人數: 6/18
[Barrier] Learner 15 到達/重返, 等待人數: 7/18
[Barrier] Learner 11 到達/重返, 等待人數: 8/18
[Barrier] Learner 16 到達/重返, 等待人數: 9/18
[Barrier] Learner 12 到達/重返, 等待人數: 10/18
[Barrier] Learner 2 到達/重返, 等待人數: 11/18
[Barrier] Learner 3 到達/重返, 等待人數: 12/18
[Barrier] Learner 5 到達/重返, 等待人數: 13/18
[Barrier] Learner 6 到達/重返, 等待人數: 14/18
[Barrier] Learner 0 到達/重返, 等待人數: 15/18
[Barrier] Learner 17 到達/重返, 等待人數: 16/18
[Barrier] Learner 1 到達/重返, 等待人數: 17/18
[Barrier] Learner 13 到達/重返, 等待人數: 18/18
[Global EQ] 啟動 Leader SAT 尋找反例
[Barrier] Learner 13 到達/重返, 等待人數: 1/18
[Barrier] Learner 14 到達/重返, 等待人數: 2/18
[Barrier] Learner 10 到達/重返, 等待人數: 3/18
[Barrier] Learner 15 到達/重返, 等待人數: 4/18
[Barrier] Learner 8 到達/重返, 等待人數: 5/18
[Barrier] Learner 5 到達/重返, 等待人數: 6/18
[Barrier] Learner 17 到達/重返, 等待人數: 7/18
[Barrier] Learner 16 到達/重返, 等待人數: 8/18
[Barrier] Learner 3 到達/重返, 等待人數: 9/18
[Barrier] Learner 6 到達/重返, 等待人數: 10/18
[Barrier] Learner 0 到達/重返, 等待人數: 11/18
[Barrier] Learner 9 到達/重返, 等待人數: 12/18
[Barrier] Learner 2 到達/重返, 等待人數: 13/18
[Barrier] Learner 12 到達/重返, 等待人數: 14/18
[Barrier] Learner 7 到達/重返, 等待人數: 15/18
[Barrier] Learner 11 到達/重返, 等待人數: 16/18
[Barrier] Learner 4 到達/重返, 等待人數: 17/18
[Barrier] Learner 1 到達/重返, 等待人數: 18/18
[Global EQ] 啟動 Leader SAT 尋找反例
[Barrier] Learner 0 到達/重返, 等待人數: 1/18
[Barrier] Learner 14 到達/重返, 等待人數: 2/18
[Barrier] Learner 3 到達/重返, 等待人數: 3/18
[Barrier] Learner 9 到達/重返, 等待人數: 4/18
[Barrier] Learner 6 到達/重返, 等待人數: 5/18
[Barrier] Learner 15 到達/重返, 等待人數: 6/18
[Barrier] Learner 7 到達/重返, 等待人數: 7/18
[Barrier] Learner 17 到達/重返, 等待人數: 8/18
[Barrier] Learner 16 到達/重返, 等待人數: 9/18
[Barrier] Learner 1 到達/重返, 等待人數: 10/18
[Barrier] Learner 13 到達/重返, 等待人數: 11/18
[Barrier] Learner 11 到達/重返, 等待人數: 12/18
[Barrier] Learner 10 到達/重返, 等待人數: 13/18
[Barrier] Learner 5 到達/重返, 等待人數: 14/18
[Barrier] Learner 12 到達/重返, 等待人數: 15/18
[Barrier] Learner 2 到達/重返, 等待人數: 16/18
[Barrier] Learner 8 到達/重返, 等待人數: 17/18
[Barrier] Learner 4 到達/重返, 等待人數: 18/18
[Global EQ] 啟動 Leader SAT 尋找反例
[Barrier] Learner 17 到達/重返, 等待人數: 1/18
[Barrier] Learner 4 到達/重返, 等待人數: 2/18
[Barrier] Learner 5 到達/重返, 等待人數: 3/18
[Barrier] Learner 6 到達/重返, 等待人數: 4/18
[Barrier] Learner 11 到達/重返, 等待人數: 5/18
[Barrier] Learner 13 到達/重返, 等待人數: 6/18
[Barrier] Learner 8 到達/重返, 等待人數: 7/18
[Barrier] Learner 10 到達/重返, 等待人數: 8/18
[Barrier] Learner 2 到達/重返, 等待人數: 9/18
[Barrier] Learner 15 到達/重返, 等待人數: 10/18
[Barrier] Learner 9 到達/重返, 等待人數: 11/18
[Barrier] Learner 0 到達/重返, 等待人數: 12/18
[Barrier] Learner 14 到達/重返, 等待人數: 13/18
[Barrier] Learner 7 到達/重返, 等待人數: 14/18
[Barrier] Learner 16 到達/重返, 等待人數: 15/18
[Barrier] Learner 3 到達/重返, 等待人數: 16/18
[Barrier] Learner 1 到達/重返, 等待人數: 17/18
[Barrier] Learner 12 到達/重返, 等待人數: 18/18
[Global EQ] 啟動 Leader SAT 尋找反例
[Barrier] Learner 12 到達/重返, 等待人數: 1/18
[Barrier] Learner 17 到達/重返, 等待人數: 2/18
[Barrier] Learner 10 到達/重返, 等待人數: 3/18
[Barrier] Learner 9 到達/重返, 等待人數: 4/18
[Barrier] Learner 15 到達/重返, 等待人數: 5/18
[Barrier] Learner 6 到達/重返, 等待人數: 6/18
[Barrier] Learner 3 到達/重返, 等待人數: 7/18
[Barrier] Learner 13 到達/重返, 等待人數: 8/18
[Barrier] Learner 0 到達/重返, 等待人數: 9/18
[Barrier] Learner 16 到達/重返, 等待人數: 10/18
[Barrier] Learner 2 到達/重返, 等待人數: 11/18
[Barrier] Learner 7 到達/重返, 等待人數: 12/18
[Barrier] Learner 11 到達/重返, 等待人數: 13/18
[Barrier] Learner 5 到達/重返, 等待人數: 14/18
[Barrier] Learner 14 到達/重返, 等待人數: 15/18
[Barrier] Learner 8 到達/重返, 等待人數: 16/18
[Table] MQ/CE SAT 填 hash=0xd0edd10e6efa073c
[Table] MQ/CE SAT 填 hash=0xad8435415cebcd75
[Barrier] Learner 4 到達/重返, 等待人數: 17/18
[Barrier] Learner 1 到達/重返, 等待人數: 18/18
[Global EQ] 啟動 Leader SAT 尋找反例
[Barrier] Learner 1 到達/重返, 等待人數: 1/18
[Barrier] Learner 14 到達/重返, 等待人數: 2/18
[Barrier] Learner 10 到達/重返, 等待人數: 3/18
[Barrier] Learner 7 到達/重返, 等待人數: 4/18
[Barrier] Learner 8 到達/重返, 等待人數: 5/18
[Barrier] Learner 4 到達/重返, 等待人數: 6/18
[Barrier] Learner 3 到達/重返, 等待人數: 7/18
[Barrier] Learner 6 到達/重返, 等待人數: 8/18
[Barrier] Learner 12 到達/重返, 等待人數: 9/18
[Barrier] Learner 16 到達/重返, 等待人數: 10/18
[Barrier] Learner 15 到達/重返, 等待人數: 11/18
[Barrier] Learner 13 到達/重返, 等待人數: 12/18
[Barrier] Learner 11 到達/重返, 等待人數: 13/18
[Barrier] Learner 5 到達/重返, 等待人數: 14/18
[Barrier] Learner 9 到達/重返, 等待人數: 15/18
[Barrier] Learner 2 到達/重返, 等待人數: 16/18
[Barrier] Learner 17 到達/重返, 等待人數: 17/18
[Barrier] Learner 0 到達/重返, 等待人數: 18/18
[Global EQ] 啟動 Leader SAT 尋找反例
[Barrier] Learner 11 到達/重返, 等待人數: 1/18
[Barrier] Learner 9 到達/重返, 等待人數: 2/18
[Barrier] Learner 0 到達/重返, 等待人數: 3/18
[Barrier] Learner 5 到達/重返, 等待人數: 4/18
[Barrier] Learner 3 到達/重返, 等待人數: 5/18
[Barrier] Learner 13 到達/重返, 等待人數: 6/18
[Barrier] Learner 16 到達/重返, 等待人數: 7/18
[Barrier] Learner 8 到達/重返, 等待人數: 8/18
[Barrier] Learner 4 到達/重返, 等待人數: 9/18
[Barrier] Learner 1 到達/重返, 等待人數: 10/18
[Barrier] Learner 6 到達/重返, 等待人數: 11/18
[Barrier] Learner 17 到達/重返, 等待人數: 12/18
[Barrier] Learner 10 到達/重返, 等待人數: 13/18
[Barrier] Learner 12 到達/重返, 等待人數: 14/18
[Barrier] Learner 2 到達/重返, 等待人數: 15/18
[Barrier] Learner 15 到達/重返, 等待人數: 16/18
[Barrier] Learner 14 到達/重返, 等待人數: 17/18
[Barrier] Learner 7 到達/重返, 等待人數: 18/18
[Global EQ] 啟動 Leader SAT 尋找反例
[Barrier] Learner 4 到達/重返, 等待人數: 1/18
[Barrier] Learner 0 到達/重返, 等待人數: 2/18
[Barrier] Learner 1 到達/重返, 等待人數: 3/18
[Barrier] Learner 5 到達/重返, 等待人數: 4/18
[Barrier] Learner 17 到達/重返, 等待人數: 5/18
[Barrier] Learner 9 到達/重返, 等待人數: 6/18
[Barrier] Learner 2 到達/重返, 等待人數: 7/18
[Barrier] Learner 11 到達/重返, 等待人數: 8/18
[Barrier] Learner 8 到達/重返, 等待人數: 9/18
[Barrier] Learner 15 到達/重返, 等待人數: 10/18
[Barrier] Learner 10 到達/重返, 等待人數: 11/18
[Barrier] Learner 16 到達/重返, 等待人數: 12/18
[Barrier] Learner 14 到達/重返, 等待人數: 13/18
[Barrier] Learner 6 到達/重返, 等待人數: 14/18
[Barrier] Learner 12 到達/重返, 等待人數: 15/18
[Barrier] Learner 13 到達/重返, 等待人數: 16/18
[Table] MQ/CE SAT 填 hash=0x9df8705cee2c4d40
[Table] MQ/CE SAT 填 hash=0x8222bbe3b5720818
[Table] MQ/CE SAT 填 hash=0x3ccad7393eaa19f8
[Table] MQ/CE SAT 填 hash=0xd74a7488d2af35c8
[Table] MQ/CE SAT 填 hash=0x21d52c3907decd3
[Table] MQ/CE SAT 填 hash=0x61ef6b9d7656db7e
[Table] MQ/CE SAT 填 hash=0xd330278cd9784307
[Table] MQ/CE SAT 填 hash=0xe48be717feb1cafe
[Barrier] Learner 7 到達/重返, 等待人數: 17/18
[Barrier] Learner 3 到達/重返, 等待人數: 18/18
[Global EQ] 啟動 Leader SAT 尋找反例
[Barrier] Learner 17 到達/重返, 等待人數: 1/18
[Barrier] Learner 10 到達/重返, 等待人數: 2/18
[Barrier] Learner 0 到達/重返, 等待人數: 3/18
[Barrier] Learner 4 到達/重返, 等待人數: 4/18
[Barrier] Learner 12 到達/重返, 等待人數: 5/18
[Barrier] Learner 13 到達/重返, 等待人數: 6/18
[Barrier] Learner 2 到達/重返, 等待人數: 7/18
[Barrier] Learner 16 到達/重返, 等待人數: 8/18
[Barrier] Learner 11 到達/重返, 等待人數: 9/18
[Barrier] Learner 15 到達/重返, 等待人數: 10/18
[Barrier] Learner 6 到達/重返, 等待人數: 11/18
[Barrier] Learner 5 到達/重返, 等待人數: 12/18
[Barrier] Learner 3 到達/重返, 等待人數: 13/18
[Barrier] Learner 1 到達/重返, 等待人數: 14/18
[Barrier] Learner 7 到達/重返, 等待人數: 15/18
[Barrier] Learner 9 到達/重返, 等待人數: 16/18
[Barrier] Learner 14 到達/重返, 等待人數: 17/18
[Table] MQ/CE SAT 填 hash=0x483c56345fbc84cf
[Table] MQ/CE SAT 填 hash=0x1da879e1d11dedf7
[Table] MQ/CE SAT 填 hash=0xa84d70f674c593ad
[Table] MQ/CE SAT 填 hash=0x2ae9ec70fd20832d
[Table] MQ/CE SAT 填 hash=0x1575ef572b37686d
[Table] MQ/CE SAT 填 hash=0x7c8bb99d925958dd
[Barrier] Learner 8 到達/重返, 等待人數: 18/18
[Global EQ] 啟動 Leader SAT 尋找反例
[Barrier] Learner 15 到達/重返, 等待人數: 1/18
[Barrier] Learner 8 到達/重返, 等待人數: 2/18
[Barrier] Learner 2 到達/重返, 等待人數: 3/18
[Barrier] Learner 3 到達/重返, 等待人數: 4/18
[Barrier] Learner 1 到達/重返, 等待人數: 5/18
[Barrier] Learner 4 到達/重返, 等待人數: 6/18
[Barrier] Learner 16 到達/重返, 等待人數: 7/18
[Barrier] Learner 6 到達/重返, 等待人數: 8/18
[Barrier] Learner 9 到達/重返, 等待人數: 9/18
[Barrier] Learner 14 到達/重返, 等待人數: 10/18
[Barrier] Learner 7 到達/重返, 等待人數: 11/18
[Barrier] Learner 17 到達/重返, 等待人數: 12/18
[Barrier] Learner 11 到達/重返, 等待人數: 13/18
[Barrier] Learner 0 到達/重返, 等待人數: 14/18
[Barrier] Learner 13 到達/重返, 等待人數: 15/18
[Barrier] Learner 12 到達/重返, 等待人數: 16/18
[Barrier] Learner 10 到達/重返, 等待人數: 17/18
[Barrier] Learner 5 到達/重返, 等待人數: 18/18
[Global EQ] 啟動 Leader SAT 尋找反例
[Barrier] Learner 5 到達/重返, 等待人數: 1/18
[Barrier] Learner 10 到達/重返, 等待人數: 2/18
[Barrier] Learner 7 到達/重返, 等待人數: 3/18
[Barrier] Learner 1 到達/重返, 等待人數: 4/18
[Barrier] Learner 17 到達/重返, 等待人數: 5/18
[Barrier] Learner 13 到達/重返, 等待人數: 6/18
[Barrier] Learner 6 到達/重返, 等待人數: 7/18
[Barrier] Learner 9 到達/重返, 等待人數: 8/18
[Barrier] Learner 8 到達/重返, 等待人數: 9/18
[Barrier] Learner 4 到達/重返, 等待人數: 10/18
[Barrier] Learner 12 到達/重返, 等待人數: 11/18
[Barrier] Learner 14 到達/重返, 等待人數: 12/18
[Barrier] Learner 2 到達/重返, 等待人數: 13/18
[Barrier] Learner 16 到達/重返, 等待人數: 14/18
[Barrier] Learner 3 到達/重返, 等待人數: 15/18
[Barrier] Learner 0 到達/重返, 等待人數: 16/18
[Barrier] Learner 15 到達/重返, 等待人數: 17/18
[Barrier] Learner 11 到達/重返, 等待人數: 18/18
[Global EQ] 啟動 Leader SAT 尋找反例
[Barrier] Learner 11 到達/重返, 等待人數: 1/18
[Barrier] Learner 16 到達/重返, 等待人數: 2/18
[Barrier] Learner 10 到達/重返, 等待人數: 3/18
[Barrier] Learner 12 到達/重返, 等待人數: 4/18
[Barrier] Learner 6 到達/重返, 等待人數: 5/18
[Barrier] Learner 14 到達/重返, 等待人數: 6/18
[Barrier] Learner 4 到達/重返, 等待人數: 7/18
[Barrier] Learner 3 到達/重返, 等待人數: 8/18
[Barrier] Learner 5 到達/重返, 等待人數: 9/18
[Barrier] Learner 7 到達/重返, 等待人數: 10/18
[Barrier] Learner 2 到達/重返, 等待人數: 11/18
[Barrier] Learner 0 到達/重返, 等待人數: 12/18
[Barrier] Learner 15 到達/重返, 等待人數: 13/18
[Barrier] Learner 13 到達/重返, 等待人數: 14/18
[Barrier] Learner 9 到達/重返, 等待人數: 15/18
[Barrier] Learner 17 到達/重返, 等待人數: 16/18
[Barrier] Learner 1 到達/重返, 等待人數: 17/18
[Table] MQ/CE SAT 填 hash=0x346a0abe8557ef0e
[Table] MQ/CE SAT 填 hash=0x11006ef17349b547
[Table] MQ/CE SAT 填 hash=0x1d064f70058ebadf
[Table] MQ/CE SAT 填 hash=0xd122a4759d5bd303
[Table] MQ/CE SAT 填 hash=0x53bf1ff025b6c283
[Barrier] Learner 8 到達/重返, 等待人數: 18/18
[Global EQ] 啟動 Leader SAT 尋找反例
[Barrier] Learner 8 到達/重返, 等待人數: 1/18
[Barrier] Learner 3 到達/重返, 等待人數: 2/18
[Barrier] Learner 7 到達/重返, 等待人數: 3/18
[Barrier] Learner 11 到達/重返, 等待人數: 4/18
[Barrier] Learner 12 到達/重返, 等待人數: 5/18
[Barrier] Learner 16 到達/重返, 等待人數: 6/18
[Barrier] Learner 10 到達/重返, 等待人數: 7/18
[Barrier] Learner 1 到達/重返, 等待人數: 8/18
[Barrier] Learner 2 到達/重返, 等待人數: 9/18
[Barrier] Learner 6 到達/重返, 等待人數: 10/18
[Barrier] Learner 15 到達/重返, 等待人數: 11/18
[Barrier] Learner 5 到達/重返, 等待人數: 12/18
[Barrier] Learner 4 到達/重返, 等待人數: 13/18
[Barrier] Learner 13 到達/重返, 等待人數: 14/18
[Barrier] Learner 17 到達/重返, 等待人數: 15/18
[Barrier] Learner 14 到達/重返, 等待人數: 16/18
[Barrier] Learner 9 到達/重返, 等待人數: 17/18
[Table] MQ/CE SAT 填 hash=0xfa4f842385ac3091
[Table] MQ/CE SAT 填 hash=0x1db91ff097ba6a58
[Table] MQ/CE SAT 填 hash=0xa85e17053b62100e
[Table] MQ/CE SAT 填 hash=0x6db0928f8d35e2e9
[Table] MQ/CE SAT 填 hash=0xf04d0e0a1590d269
[Barrier] Learner 0 到達/重返, 等待人數: 18/18
[Global EQ] 啟動 Leader SAT 尋找反例
[Barrier] Learner 0 到達/重返, 等待人數: 1/18
[Barrier] Learner 13 到達/重返, 等待人數: 2/18
[Barrier] Learner 3 到達/重返, 等待人數: 3/18
[Barrier] Learner 4 到達/重返, 等待人數: 4/18
[Barrier] Learner 11 到達/重返, 等待人數: 5/18
[Barrier] Learner 6 到達/重返, 等待人數: 6/18
[Barrier] Learner 8 到達/重返, 等待人數: 7/18
[Barrier] Learner 17 到達/重返, 等待人數: 8/18
[Barrier] Learner 1 到達/重返, 等待人數: 9/18
[Barrier] Learner 12 到達/重返, 等待人數: 10/18
[Barrier] Learner 2 到達/重返, 等待人數: 11/18
[Barrier] Learner 15 到達/重返, 等待人數: 12/18
[Barrier] Learner 5 到達/重返, 等待人數: 13/18
[Barrier] Learner 10 到達/重返, 等待人數: 14/18
[Barrier] Learner 14 到達/重返, 等待人數: 15/18
[Barrier] Learner 16 到達/重返, 等待人數: 16/18
[Barrier] Learner 9 到達/重返, 等待人數: 17/18
[Table] MQ/CE SAT 填 hash=0x55e998e88a320ffd
[Table] MQ/CE SAT 填 hash=0xc9d7ca4e17fe0dc3
[Barrier] Learner 7 到達/重返, 等待人數: 18/18
[Global EQ] 啟動 Leader SAT 尋找反例
[Barrier] Learner 7 到達/重返, 等待人數: 1/18
[Barrier] Learner 11 到達/重返, 等待人數: 2/18
[Barrier] Learner 5 到達/重返, 等待人數: 3/18
[Barrier] Learner 10 到達/重返, 等待人數: 4/18
[Barrier] Learner 12 到達/重返, 等待人數: 5/18
[Barrier] Learner 14 到達/重返, 等待人數: 6/18
[Barrier] Learner 6 到達/重返, 等待人數: 7/18
[Barrier] Learner 9 到達/重返, 等待人數: 8/18
[Barrier] Learner 17 到達/重返, 等待人數: 9/18
[Barrier] Learner 13 到達/重返, 等待人數: 10/18
[Barrier] Learner 16 到達/重返, 等待人數: 11/18
[Barrier] Learner 15 到達/重返, 等待人數: 12/18
[Barrier] Learner 0 到達/重返, 等待人數: 13/18
[Barrier] Learner 2 到達/重返, 等待人數: 14/18
[Barrier] Learner 3 到達/重返, 等待人數: 15/18
[Barrier] Learner 4 到達/重返, 等待人數: 16/18
[Barrier] Learner 1 到達/重返, 等待人數: 17/18
[Table] MQ/CE SAT 填 hash=0x2067469400ab9c1b
[Table] MQ/CE SAT 填 hash=0x4afb22e68f4a32f3
[Table] MQ/CE SAT 填 hash=0xd5a019fb32f1d8a9
[Table] MQ/CE SAT 填 hash=0x583c9575bb4cc829
[Barrier] Learner 8 到達/重返, 等待人數: 18/18
[Global EQ] 啟動 Leader SAT 尋找反例
[Barrier] Learner 8 到達/重返, 等待人數: 1/18
[Barrier] Learner 2 到達/重返, 等待人數: 2/18
[Barrier] Learner 10 到達/重返, 等待人數: 3/18
[Barrier] Learner 0 到達/重返, 等待人數: 4/18
[Barrier] Learner 14 到達/重返, 等待人數: 5/18
[Barrier] Learner 6 到達/重返, 等待人數: 6/18
[Barrier] Learner 4 到達/重返, 等待人數: 7/18
[Barrier] Learner 11 到達/重返, 等待人數: 8/18
[Barrier] Learner 12 到達/重返, 等待人數: 9/18
[Barrier] Learner 16 到達/重返, 等待人數: 10/18
[Barrier] Learner 9 到達/重返, 等待人數: 11/18
[Barrier] Learner 17 到達/重返, 等待人數: 12/18
[Barrier] Learner 13 到達/重返, 等待人數: 13/18
[Barrier] Learner 15 到達/重返, 等待人數: 14/18
[Barrier] Learner 7 到達/重返, 等待人數: 15/18
[Barrier] Learner 5 到達/重返, 等待人數: 16/18
[Table] MQ/CE SAT 填 hash=0xda1ab4fce891e45f
[Table] MQ/CE SAT 填 hash=0xaf86d8aa59f34d87
[Table] MQ/CE SAT 填 hash=0x846a2647230c3fbf
[Table] MQ/CE SAT 填 hash=0x59d649f4946da8e7
[Table] MQ/CE SAT 填 hash=0x3a2bcfbefd9af33d
[Barrier] Learner 1 到達/重返, 等待人數: 17/18
[Table] MQ/CE SAT 填 hash=0xe47b410938154e9d
[Barrier] Learner 3 到達/重返, 等待人數: 18/18
[Global EQ] 啟動 Leader SAT 尋找反例
[Barrier] Learner 3 到達/重返, 等待人數: 1/18
[Barrier] Learner 5 到達/重返, 等待人數: 2/18
[Barrier] Learner 0 到達/重返, 等待人數: 3/18
[Barrier] Learner 9 到達/重返, 等待人數: 4/18
[Barrier] Learner 1 到達/重返, 等待人數: 5/18
[Barrier] Learner 16 到達/重返, 等待人數: 6/18
[Barrier] Learner 6 到達/重返, 等待人數: 7/18
[Barrier] Learner 8 到達/重返, 等待人數: 8/18
[Barrier] Learner 2 到達/重返, 等待人數: 9/18
[Barrier] Learner 17 到達/重返, 等待人數: 10/18
[Barrier] Learner 10 到達/重返, 等待人數: 11/18
[Barrier] Learner 15 到達/重返, 等待人數: 12/18
[Barrier] Learner 12 到達/重返, 等待人數: 13/18
[Barrier] Learner 7 到達/重返, 等待人數: 14/18
[Barrier] Learner 14 到達/重返, 等待人數: 15/18
[Barrier] Learner 11 到達/重返, 等待人數: 16/18
[Barrier] Learner 4 到達/重返, 等待人數: 17/18
[Barrier] Learner 13 到達/重返, 等待人數: 18/18
[Global EQ] 啟動 Leader SAT 尋找反例
[Barrier] Learner 13 到達/重返, 等待人數: 1/18
[Barrier] Learner 9 到達/重返, 等待人數: 2/18
[Barrier] Learner 11 到達/重返, 等待人數: 3/18
[Barrier] Learner 17 到達/重返, 等待人數: 4/18
[Barrier] Learner 8 到達/重返, 等待人數: 5/18
[Barrier] Learner 12 到達/重返, 等待人數: 6/18
[Barrier] Learner 3 到達/重返, 等待人數: 7/18
[Barrier] Learner 4 到達/重返, 等待人數: 8/18
[Barrier] Learner 7 到達/重返, 等待人數: 9/18
[Barrier] Learner 2 到達/重返, 等待人數: 10/18
[Barrier] Learner 14 到達/重返, 等待人數: 11/18
[Barrier] Learner 6 到達/重返, 等待人數: 12/18
[Barrier] Learner 15 到達/重返, 等待人數: 13/18
[Barrier] Learner 0 到達/重返, 等待人數: 14/18
[Barrier] Learner 5 到達/重返, 等待人數: 15/18
[Barrier] Learner 16 到達/重返, 等待人數: 16/18
[Barrier] Learner 10 到達/重返, 等待人數: 17/18
[Barrier] Learner 1 到達/重返, 等待人數: 18/18
[Global EQ] 啟動 Leader SAT 尋找反例
[Barrier] Learner 8 到達/重返, 等待人數: 1/18
[Barrier] Learner 10 到達/重返, 等待人數: 2/18
[Barrier] Learner 2 到達/重返, 等待人數: 3/18
[Barrier] Learner 16 到達/重返, 等待人數: 4/18
[Barrier] Learner 5 到達/重返, 等待人數: 5/18
[Barrier] Learner 13 到達/重返, 等待人數: 6/18
[Barrier] Learner 9 到達/重返, 等待人數: 7/18
[Barrier] Learner 15 到達/重返, 等待人數: 8/18
[Barrier] Learner 12 到達/重返, 等待人數: 9/18
[Barrier] Learner 0 到達/重返, 等待人數: 10/18
[Barrier] Learner 7 到達/重返, 等待人數: 11/18
[Barrier] Learner 14 到達/重返, 等待人數: 12/18
[Barrier] Learner 17 到達/重返, 等待人數: 13/18
[Barrier] Learner 6 到達/重返, 等待人數: 14/18
[Barrier] Learner 11 到達/重返, 等待人數: 15/18
[Barrier] Learner 4 到達/重返, 等待人數: 16/18
[Table] MQ/CE SAT 填 hash=0x34ad68a77ec712e3
[Table] MQ/CE SAT 填 hash=0xedbb01cb0f25bff3
[Table] MQ/CE SAT 填 hash=0x436b9080d4ab6493
[Table] MQ/CE SAT 填 hash=0xbf525fbc226eb899
[Barrier] Learner 1 到達/重返, 等待人數: 17/18
[Barrier] Learner 3 到達/重返, 等待人數: 18/18
[Global EQ] 啟動 Leader SAT 尋找反例
[Barrier] Learner 14 到達/重返, 等待人數: 1/18
[Barrier] Learner 9 到達/重返, 等待人數: 2/18
[Barrier] Learner 13 到達/重返, 等待人數: 3/18
[Barrier] Learner 11 到達/重返, 等待人數: 4/18
[Barrier] Learner 7 到達/重返, 等待人數: 5/18
[Barrier] Learner 6 到達/重返, 等待人數: 6/18
[Barrier] Learner 8 到達/重返, 等待人數: 7/18
[Barrier] Learner 16 到達/重返, 等待人數: 8/18
[Barrier] Learner 10 到達/重返, 等待人數: 9/18
[Barrier] Learner 5 到達/重返, 等待人數: 10/18
[Barrier] Learner 15 到達/重返, 等待人數: 11/18
[Barrier] Learner 0 到達/重返, 等待人數: 12/18
[Barrier] Learner 4 到達/重返, 等待人數: 13/18
[Barrier] Learner 2 到達/重返, 等待人數: 14/18
[Barrier] Learner 12 到達/重返, 等待人數: 15/18
[Barrier] Learner 17 到達/重返, 等待人數: 16/18
[Barrier] Learner 3 到達/重返, 等待人數: 17/18
[Table] MQ/CE SAT 填 hash=0x8a1a99744add93ae
[Table] MQ/CE SAT 填 hash=0x66b0fda738cf59e7
[Barrier] Learner 1 到達/重返, 等待人數: 18/18
[Global EQ] 啟動 Leader SAT 尋找反例
[Global EQ] SAT 證明全部正確 (UNSAT)！
Number of Variables Used : 20
Number of Variables Used : 20
Number of Variables Used : 20
Number of Variables Used : 20
Number of Variables Used : 20
[Learner 1 (dec0_z)] 收斂完成！
Number of Variables Used : 20
Number of Variables Used : 20
Number of Variables Used : 20
Number of Variables Used : 20
Number of Variables Used : 20
[Learner 15 (dec7_z)] 收斂完成！
Number of Variables Used : 20
Number of Variables Used : 20
Number of Variables Used : 20
[Learner 8 (dec4_x)] 收斂完成！
[Learner 11 (dec5_z)] 收斂完成！
Number of Variables Used : 20
[Learner 16 (dec8_x)] 收斂完成！
[Learner 13 (dec6_z)] 收斂完成！
[Learner 7 (dec3_z)] 收斂完成！
Number of Variables Used : 20
[Learner 2 (dec1_x)] 收斂完成！
[Learner 17 (dec8_z)] 收斂完成！
[Learner 9 (dec4_z)] 收斂完成！
Number of Variables Used : 20
Number of Variables Used : 20
[Learner 12 (dec6_x)] 收斂完成！
[Learner 4 (dec2_x)] 收斂完成！
[Learner 5 (dec2_z)] 收斂完成！
[Learner 14 (dec7_x)] 收斂完成！
[Learner 10 (dec5_x)] 收斂完成！
Number of Variables Used : 20
[Learner 0 (dec0_x)] 收斂完成！
[Learner 6 (dec3_x)] 收斂完成！
[Learner 3 (dec1_z)] 收斂完成！
[Barrier] Learner 0 到達/重返, 等待人數: 1/18
[Barrier] Learner 16 到達/重返, 等待人數: 2/18
[Barrier] Learner 9 到達/重返, 等待人數: 3/18
[Barrier] Learner 14 到達/重返, 等待人數: 4/18
[Barrier] Learner 4 到達/重返, 等待人數: 5/18
[Barrier] Learner 7 到達/重返, 等待人數: 6/18
[Barrier] Learner 12 到達/重返, 等待人數: 7/18
[Barrier] Learner 11 到達/重返, 等待人數: 8/18
[Barrier] Learner 13 到達/重返, 等待人數: 9/18
[Barrier] Learner 10 到達/重返, 等待人數: 10/18
[Barrier] Learner 8 到達/重返, 等待人數: 11/18
[Barrier] Learner 2 到達/重返, 等待人數: 12/18
[Barrier] Learner 6 到達/重返, 等待人數: 13/18
[Barrier] Learner 15 到達/重返, 等待人數: 14/18
[Barrier] Learner 1 到達/重返, 等待人數: 15/18
[Barrier] Learner 3 到達/重返, 等待人數: 16/18
[Barrier] Learner 17 到達/重返, 等待人數: 17/18
[Barrier] Learner 5 到達/重返, 等待人數: 18/18
[Global EQ] 啟動 Leader SAT 尋找反例
[Table] MQ/CE SAT 填 hash=0x7e97ca4fd071ee53
[checkpoint] wrote /home/alan23273850/flag-analysis2/[[9,1,3]]_surface_code_seq/decoder/cms/path_1_hr0_eq1_ok.txt
[Barrier] Learner 5 到達/重返, 等待人數: 1/18
[Barrier] Learner 0 到達/重返, 等待人數: 2/18
[Barrier] Learner 15 到達/重返, 等待人數: 3/18
[Barrier] Learner 12 到達/重返, 等待人數: 4/18
[Barrier] Learner 16 到達/重返, 等待人數: 5/18
[Barrier] Learner 9 到達/重返, 等待人數: 6/18
[Barrier] Learner 8 到達/重返, 等待人數: 7/18
[Barrier] Learner 1 到達/重返, 等待人數: 8/18
[Barrier] Learner 3 到達/重返, 等待人數: 9/18
[Barrier] Learner 11 到達/重返, 等待人數: 10/18
[Barrier] Learner 10 到達/重返, 等待人數: 11/18
[Barrier] Learner 4 到達/重返, 等待人數: 12/18
[Barrier] Learner 13 到達/重返, 等待人數: 13/18
[Barrier] Learner 6 到達/重返, 等待人數: 14/18
[Barrier] Learner 2 到達/重返, 等待人數: 15/18
[Barrier] Learner 14 到達/重返, 等待人數: 16/18
[Barrier] Learner 7 到達/重返, 等待人數: 17/18
[Barrier] Learner 17 到達/重返, 等待人數: 18/18
[Global EQ] 啟動 Leader SAT 尋找反例
[Table] MQ/CE SAT 填 hash=0x1aa8a074dbd0dddb
[Barrier] Learner 8 到達/重返, 等待人數: 1/18
[Barrier] Learner 11 到達/重返, 等待人數: 2/18
[Barrier] Learner 0 到達/重返, 等待人數: 3/18
[Barrier] Learner 16 到達/重返, 等待人數: 4/18
[Barrier] Learner 9 到達/重返, 等待人數: 5/18
[Barrier] Learner 6 到達/重返, 等待人數: 6/18
[Barrier] Learner 15 到達/重返, 等待人數: 7/18
[Barrier] Learner 14 到達/重返, 等待人數: 8/18
[Barrier] Learner 1 到達/重返, 等待人數: 9/18
[Barrier] Learner 3 到達/重返, 等待人數: 10/18
[Barrier] Learner 12 到達/重返, 等待人數: 11/18
[Barrier] Learner 10 到達/重返, 等待人數: 12/18
[Barrier] Learner 7 到達/重返, 等待人數: 13/18
[Barrier] Learner 2 到達/重返, 等待人數: 14/18
[Barrier] Learner 5 到達/重返, 等待人數: 15/18
[Barrier] Learner 13 到達/重返, 等待人數: 16/18
[Barrier] Learner 4 到達/重返, 等待人數: 17/18
[Table] MQ/CE SAT 填 hash=0xb5318720f1558ac3
[Table] MQ/CE SAT 填 hash=0xad7526d29a09a4fb
[Table] MQ/CE SAT 填 hash=0x47fe0d7eaf8e51e3
[Barrier] Learner 17 到達/重返, 等待人數: 18/18
[Global EQ] 啟動 Leader SAT 尋找反例
[Table] MQ/CE SAT 填 hash=0xaeb049475fcf927d
[Barrier] Learner 17 到達/重返, 等待人數: 1/18
[Barrier] Learner 6 到達/重返, 等待人數: 2/18
[Barrier] Learner 12 到達/重返, 等待人數: 3/18
[Barrier] Learner 11 到達/重返, 等待人數: 4/18
[Barrier] Learner 5 到達/重返, 等待人數: 5/18
[Barrier] Learner 4 到達/重返, 等待人數: 6/18
[Barrier] Learner 1 到達/重返, 等待人數: 7/18
[Barrier] Learner 15 到達/重返, 等待人數: 8/18
[Barrier] Learner 14 到達/重返, 等待人數: 9/18
[Barrier] Learner 8 到達/重返, 等待人數: 10/18
[Barrier] Learner 2 到達/重返, 等待人數: 11/18
[Barrier] Learner 10 到達/重返, 等待人數: 12/18
[Barrier] Learner 16 到達/重返, 等待人數: 13/18
[Barrier] Learner 0 到達/重返, 等待人數: 14/18
[Barrier] Learner 13 到達/重返, 等待人數: 15/18
[Table] MQ/CE SAT 填 hash=0xa201661ce280281a
[Table] MQ/CE SAT 填 hash=0x71e8e725532283f0
[Barrier] Learner 9 到達/重返, 等待人數: 16/18
[Barrier] Learner 3 到達/重返, 等待人數: 17/18
[Barrier] Learner 7 到達/重返, 等待人數: 18/18
[Global EQ] 啟動 Leader SAT 尋找反例
[Table] MQ/CE SAT 填 hash=0x97f590a4cb10c319
[Barrier] Learner 17 到達/重返, 等待人數: 1/18
[Barrier] Learner 11 到達/重返, 等待人數: 2/18
[Barrier] Learner 5 到達/重返, 等待人數: 3/18
[Barrier] Learner 4 到達/重返, 等待人數: 4/18
[Barrier] Learner 6 到達/重返, 等待人數: 5/18
[Barrier] Learner 16 到達/重返, 等待人數: 6/18
[Barrier] Learner 10 到達/重返, 等待人數: 7/18
[Barrier] Learner 1 到達/重返, 等待人數: 8/18
[Barrier] Learner 8 到達/重返, 等待人數: 9/18
[Barrier] Learner 7 到達/重返, 等待人數: 10/18
[Barrier] Learner 3 到達/重返, 等待人數: 11/18
[Barrier] Learner 12 到達/重返, 等待人數: 12/18
[Barrier] Learner 2 到達/重返, 等待人數: 13/18
[Barrier] Learner 9 到達/重返, 等待人數: 14/18
[Barrier] Learner 15 到達/重返, 等待人數: 15/18
[Barrier] Learner 0 到達/重返, 等待人數: 16/18
[Barrier] Learner 13 到達/重返, 等待人數: 17/18
[Barrier] Learner 14 到達/重返, 等待人數: 18/18
[Global EQ] 啟動 Leader SAT 尋找反例
[Table] MQ/CE SAT 填 hash=0xcab11d4ec04e6ca5
[Barrier] Learner 14 到達/重返, 等待人數: 1/18
[Barrier] Learner 0 到達/重返, 等待人數: 2/18
[Barrier] Learner 9 到達/重返, 等待人數: 3/18
[Barrier] Learner 1 到達/重返, 等待人數: 4/18
[Barrier] Learner 15 到達/重返, 等待人數: 5/18
[Barrier] Learner 11 到達/重返, 等待人數: 6/18
[Barrier] Learner 4 到達/重返, 等待人數: 7/18
[Barrier] Learner 16 到達/重返, 等待人數: 8/18
[Barrier] Learner 10 到達/重返, 等待人數: 9/18
[Barrier] Learner 5 到達/重返, 等待人數: 10/18
[Barrier] Learner 3 到達/重返, 等待人數: 11/18
[Barrier] Learner 8 到達/重返, 等待人數: 12/18
[Barrier] Learner 17 到達/重返, 等待人數: 13/18
[Barrier] Learner 2 到達/重返, 等待人數: 14/18
[Barrier] Learner 6 到達/重返, 等待人數: 15/18
[Barrier] Learner 12 到達/重返, 等待人數: 16/18
[Barrier] Learner 7 到達/重返, 等待人數: 17/18
[Barrier] Learner 13 到達/重返, 等待人數: 18/18
[Global EQ] 啟動 Leader SAT 尋找反例
[Table] MQ/CE SAT 填 hash=0x721a35b383860f5b
[Barrier] Learner 13 到達/重返, 等待人數: 1/18
[Barrier] Learner 0 到達/重返, 等待人數: 2/18
[Barrier] Learner 2 到達/重返, 等待人數: 3/18
[Barrier] Learner 15 到達/重返, 等待人數: 4/18
[Barrier] Learner 11 到達/重返, 等待人數: 5/18
[Barrier] Learner 16 到達/重返, 等待人數: 6/18
[Barrier] Learner 9 到達/重返, 等待人數: 7/18
[Barrier] Learner 10 到達/重返, 等待人數: 8/18
[Barrier] Learner 6 到達/重返, 等待人數: 9/18
[Barrier] Learner 4 到達/重返, 等待人數: 10/18
[Barrier] Learner 1 到達/重返, 等待人數: 11/18
[Barrier] Learner 5 到達/重返, 等待人數: 12/18
[Barrier] Learner 3 到達/重返, 等待人數: 13/18
[Barrier] Learner 17 到達/重返, 等待人數: 14/18
[Barrier] Learner 12 到達/重返, 等待人數: 15/18
[Barrier] Learner 8 到達/重返, 等待人數: 16/18
[Barrier] Learner 7 到達/重返, 等待人數: 17/18
[Table] MQ/CE SAT 填 hash=0xca31c5f990abc43
[Table] MQ/CE SAT 填 hash=0xf08c784007d92063
[Barrier] Learner 14 到達/重返, 等待人數: 18/18
[Global EQ] 啟動 Leader SAT 尋找反例
[Barrier] Learner 14 到達/重返, 等待人數: 1/18
[Barrier] Learner 13 到達/重返, 等待人數: 2/18
[Barrier] Learner 17 到達/重返, 等待人數: 3/18
[Barrier] Learner 2 到達/重返, 等待人數: 4/18
[Barrier] Learner 6 到達/重返, 等待人數: 5/18
[Barrier] Learner 11 到達/重返, 等待人數: 6/18
[Barrier] Learner 4 到達/重返, 等待人數: 7/18
[Barrier] Learner 1 到達/重返, 等待人數: 8/18
[Barrier] Learner 3 到達/重返, 等待人數: 9/18
[Barrier] Learner 16 到達/重返, 等待人數: 10/18
[Barrier] Learner 5 到達/重返, 等待人數: 11/18
[Barrier] Learner 8 到達/重返, 等待人數: 12/18
[Barrier] Learner 12 到達/重返, 等待人數: 13/18
[Barrier] Learner 9 到達/重返, 等待人數: 14/18
[Barrier] Learner 10 到達/重返, 等待人數: 15/18
[Barrier] Learner 15 到達/重返, 等待人數: 16/18
[Barrier] Learner 0 到達/重返, 等待人數: 17/18
[Table] MQ/CE SAT 填 hash=0x7bf4bc9d6a91e8f1
[Table] MQ/CE SAT 填 hash=0x6296f6486ff3142b
[Table] MQ/CE SAT 填 hash=0x55e8131df2a3a9c8
[Table] MQ/CE SAT 填 hash=0xbe023a2442ff0242
[Barrier] Learner 7 到達/重返, 等待人數: 18/18
[Global EQ] 啟動 Leader SAT 尋找反例
[Barrier] Learner 7 到達/重返, 等待人數: 1/18
[Barrier] Learner 12 到達/重返, 等待人數: 2/18
[Barrier] Learner 14 到達/重返, 等待人數: 3/18
[Barrier] Learner 16 到達/重返, 等待人數: 4/18
[Barrier] Learner 10 到達/重返, 等待人數: 5/18
[Barrier] Learner 8 到達/重返, 等待人數: 6/18
[Barrier] Learner 9 到達/重返, 等待人數: 7/18
[Barrier] Learner 2 到達/重返, 等待人數: 8/18
[Barrier] Learner 1 到達/重返, 等待人數: 9/18
[Barrier] Learner 0 到達/重返, 等待人數: 10/18
[Barrier] Learner 3 到達/重返, 等待人數: 11/18
[Barrier] Learner 17 到達/重返, 等待人數: 12/18
[Barrier] Learner 11 到達/重返, 等待人數: 13/18
[Barrier] Learner 5 到達/重返, 等待人數: 14/18
[Barrier] Learner 4 到達/重返, 等待人數: 15/18
[Barrier] Learner 15 到達/重返, 等待人數: 16/18
[Barrier] Learner 6 到達/重返, 等待人數: 17/18
[Barrier] Learner 13 到達/重返, 等待人數: 18/18
[Global EQ] 啟動 Leader SAT 尋找反例
[Barrier] Learner 13 到達/重返, 等待人數: 1/18
[Barrier] Learner 2 到達/重返, 等待人數: 2/18
[Barrier] Learner 14 到達/重返, 等待人數: 3/18
[Barrier] Learner 8 到達/重返, 等待人數: 4/18
[Barrier] Learner 16 到達/重返, 等待人數: 5/18
[Barrier] Learner 4 到達/重返, 等待人數: 6/18
[Barrier] Learner 10 到達/重返, 等待人數: 7/18
[Barrier] Learner 17 到達/重返, 等待人數: 8/18
[Barrier] Learner 7 到達/重返, 等待人數: 9/18
[Barrier] Learner 3 到達/重返, 等待人數: 10/18
[Barrier] Learner 1 到達/重返, 等待人數: 11/18
[Barrier] Learner 11 到達/重返, 等待人數: 12/18
[Barrier] Learner 9 到達/重返, 等待人數: 13/18
[Barrier] Learner 6 到達/重返, 等待人數: 14/18
[Barrier] Learner 15 到達/重返, 等待人數: 15/18
[Barrier] Learner 5 到達/重返, 等待人數: 16/18
[Barrier] Learner 0 到達/重返, 等待人數: 17/18
[Barrier] Learner 12 到達/重返, 等待人數: 18/18
[Global EQ] 啟動 Leader SAT 尋找反例
[Table] MQ/CE SAT 填 hash=0xa6fab47d7e2bddc0
[Barrier] Learner 12 到達/重返, 等待人數: 1/18
[Barrier] Learner 4 到達/重返, 等待人數: 2/18
[Barrier] Learner 14 到達/重返, 等待人數: 3/18
[Barrier] Learner 6 到達/重返, 等待人數: 4/18
[Barrier] Learner 5 到達/重返, 等待人數: 5/18
[Barrier] Learner 16 到達/重返, 等待人數: 6/18
[Barrier] Learner 1 到達/重返, 等待人數: 7/18
[Barrier] Learner 3 到達/重返, 等待人數: 8/18
[Barrier] Learner 13 到達/重返, 等待人數: 9/18
[Barrier] Learner 11 到達/重返, 等待人數: 10/18
[Barrier] Learner 10 到達/重返, 等待人數: 11/18
[Barrier] Learner 17 到達/重返, 等待人數: 12/18
[Barrier] Learner 2 到達/重返, 等待人數: 13/18
[Barrier] Learner 9 到達/重返, 等待人數: 14/18
[Barrier] Learner 8 到達/重返, 等待人數: 15/18
[Barrier] Learner 15 到達/重返, 等待人數: 16/18
[Barrier] Learner 7 到達/重返, 等待人數: 17/18
[Table] MQ/CE SAT 填 hash=0xb3a997a7fb7b4823
[Barrier] Learner 0 到達/重返, 等待人數: 18/18
[Global EQ] 啟動 Leader SAT 尋找反例
[Table] MQ/CE SAT 填 hash=0x385e2cbe0c7e2501
[Barrier] Learner 14 到達/重返, 等待人數: 1/18
[Barrier] Learner 10 到達/重返, 等待人數: 2/18
[Barrier] Learner 13 到達/重返, 等待人數: 3/18
[Barrier] Learner 12 到達/重返, 等待人數: 4/18
[Barrier] Learner 0 到達/重返, 等待人數: 5/18
[Barrier] Learner 11 到達/重返, 等待人數: 6/18
[Barrier] Learner 5 到達/重返, 等待人數: 7/18
[Barrier] Learner 2 到達/重返, 等待人數: 8/18
[Barrier] Learner 1 到達/重返, 等待人數: 9/18
[Barrier] Learner 3 到達/重返, 等待人數: 10/18
[Barrier] Learner 17 到達/重返, 等待人數: 11/18
[Barrier] Learner 9 到達/重返, 等待人數: 12/18
[Barrier] Learner 8 到達/重返, 等待人數: 13/18
[Barrier] Learner 7 到達/重返, 等待人數: 14/18
[Barrier] Learner 4 到達/重返, 等待人數: 15/18
[Barrier] Learner 16 到達/重返, 等待人數: 16/18
[Barrier] Learner 15 到達/重返, 等待人數: 17/18
[Table] MQ/CE SAT 填 hash=0xca5621eb8a38c41
[Table] MQ/CE SAT 填 hash=0xd79394c68d9a3271
[Table] MQ/CE SAT 填 hash=0xa4f217082d7dbfd
[Table] MQ/CE SAT 填 hash=0xf0f15b1b88390737
[Barrier] Learner 6 到達/重返, 等待人數: 18/18
[Global EQ] 啟動 Leader SAT 尋找反例
[Barrier] Learner 1 到達/重返, 等待人數: 1/18
[Barrier] Learner 9 到達/重返, 等待人數: 2/18
[Barrier] Learner 17 到達/重返, 等待人數: 3/18
[Barrier] Learner 10 到達/重返, 等待人數: 4/18
[Barrier] Learner 14 到達/重返, 等待人數: 5/18
[Barrier] Learner 12 到達/重返, 等待人數: 6/18
[Barrier] Learner 7 到達/重返, 等待人數: 7/18
[Barrier] Learner 11 到達/重返, 等待人數: 8/18
[Barrier] Learner 5 到達/重返, 等待人數: 9/18
[Barrier] Learner 13 到達/重返, 等待人數: 10/18
[Barrier] Learner 8 到達/重返, 等待人數: 11/18
[Barrier] Learner 16 到達/重返, 等待人數: 12/18
[Barrier] Learner 2 到達/重返, 等待人數: 13/18
[Barrier] Learner 4 到達/重返, 等待人數: 14/18
[Barrier] Learner 15 到達/重返, 等待人數: 15/18
[Barrier] Learner 3 到達/重返, 等待人數: 16/18
[Barrier] Learner 6 到達/重返, 等待人數: 17/18
[Table] MQ/CE SAT 填 hash=0x7b41e9de2a514500
[Table] MQ/CE SAT 填 hash=0xadfd76881f8eee8c
[Table] MQ/CE SAT 填 hash=0xc75b3cdd1a2dc352
[Table] MQ/CE SAT 填 hash=0xd40a2007977d2db5
[Barrier] Learner 0 到達/重返, 等待人數: 18/18
[Global EQ] 啟動 Leader SAT 尋找反例
[Table] MQ/CE SAT 填 hash=0x226500c3331cc3a3
[Barrier] Learner 0 到達/重返, 等待人數: 1/18
[Barrier] Learner 6 到達/重返, 等待人數: 2/18
[Barrier] Learner 4 到達/重返, 等待人數: 3/18
[Barrier] Learner 1 到達/重返, 等待人數: 4/18
[Barrier] Learner 9 到達/重返, 等待人數: 5/18
[Barrier] Learner 10 到達/重返, 等待人數: 6/18
[Barrier] Learner 11 到達/重返, 等待人數: 7/18
[Barrier] Learner 12 到達/重返, 等待人數: 8/18
[Barrier] Learner 3 到達/重返, 等待人數: 9/18
[Barrier] Learner 8 到達/重返, 等待人數: 10/18
[Barrier] Learner 15 到達/重返, 等待人數: 11/18
[Barrier] Learner 14 到達/重返, 等待人數: 12/18
[Barrier] Learner 13 到達/重返, 等待人數: 13/18
[Barrier] Learner 17 到達/重返, 等待人數: 14/18
[Barrier] Learner 7 到達/重返, 等待人數: 15/18
[Barrier] Learner 2 到達/重返, 等待人數: 16/18
[Barrier] Learner 5 到達/重返, 等待人數: 17/18
[Barrier] Learner 16 到達/重返, 等待人數: 18/18
[Global EQ] 啟動 Leader SAT 尋找反例
[Table] MQ/CE SAT 填 hash=0xd9cc319fa73e6bf
[Barrier] Learner 11 到達/重返, 等待人數: 1/18
[Barrier] Learner 0 到達/重返, 等待人數: 2/18
[Barrier] Learner 1 到達/重返, 等待人數: 3/18
[Barrier] Learner 2 到達/重返, 等待人數: 4/18
[Barrier] Learner 5 到達/重返, 等待人數: 5/18
[Barrier] Learner 10 到達/重返, 等待人數: 6/18
[Barrier] Learner 3 到達/重返, 等待人數: 7/18
[Barrier] Learner 4 到達/重返, 等待人數: 8/18
[Barrier] Learner 9 到達/重返, 等待人數: 9/18
[Barrier] Learner 15 到達/重返, 等待人數: 10/18
[Barrier] Learner 17 到達/重返, 等待人數: 11/18
[Barrier] Learner 16 到達/重返, 等待人數: 12/18
[Barrier] Learner 6 到達/重返, 等待人數: 13/18
[Barrier] Learner 7 到達/重返, 等待人數: 14/18
[Barrier] Learner 8 到達/重返, 等待人數: 15/18
[Barrier] Learner 13 到達/重返, 等待人數: 16/18
[Table] MQ/CE SAT 填 hash=0xb62b2ddb52beb53f
[Table] MQ/CE SAT 填 hash=0x8a72633bfee41c7f
[Table] MQ/CE SAT 填 hash=0xd5a47cb2f7c738ff
[Table] MQ/CE SAT 填 hash=0xefe97c8fe95f6f97
[Table] MQ/CE SAT 填 hash=0xc3e398418aad56f
[Barrier] Learner 12 到達/重返, 等待人數: 17/18
[Table] MQ/CE SAT 填 hash=0x3b1b9606e2428c17
[Table] MQ/CE SAT 填 hash=0xa84f0fa92409c4f7
[Table] MQ/CE SAT 填 hash=0xc213fe98bea1508f
[Barrier] Learner 14 到達/重返, 等待人數: 18/18
[Global EQ] 啟動 Leader SAT 尋找反例
[Barrier] Learner 10 到達/重返, 等待人數: 1/18
[Barrier] Learner 5 到達/重返, 等待人數: 2/18
[Barrier] Learner 14 到達/重返, 等待人數: 3/18
[Barrier] Learner 1 到達/重返, 等待人數: 4/18
[Barrier] Learner 8 到達/重返, 等待人數: 5/18
[Barrier] Learner 11 到達/重返, 等待人數: 6/18
[Barrier] Learner 0 到達/重返, 等待人數: 7/18
[Barrier] Learner 9 到達/重返, 等待人數: 8/18
[Barrier] Learner 15 到達/重返, 等待人數: 9/18
[Barrier] Learner 3 到達/重返, 等待人數: 10/18
[Barrier] Learner 7 到達/重返, 等待人數: 11/18
[Barrier] Learner 4 到達/重返, 等待人數: 12/18
[Barrier] Learner 16 到達/重返, 等待人數: 13/18
[Barrier] Learner 2 到達/重返, 等待人數: 14/18
[Barrier] Learner 17 到達/重返, 等待人數: 15/18
[Barrier] Learner 13 到達/重返, 等待人數: 16/18
[Barrier] Learner 12 到達/重返, 等待人數: 17/18
[Table] MQ/CE SAT 填 hash=0x8fcfc1fcb4335681
[Table] MQ/CE SAT 填 hash=0x5abdf4a48929fcb1
[Table] MQ/CE SAT 填 hash=0x8d79814e7e67a63d
[Table] MQ/CE SAT 填 hash=0x741bbaf983c8d177
[Table] MQ/CE SAT 填 hash=0x7a0677053b7b51f7
[Table] MQ/CE SAT 填 hash=0xebfb24f572e28407
[Barrier] Learner 6 到達/重返, 等待人數: 18/18
[Global EQ] 啟動 Leader SAT 尋找反例
[Table] MQ/CE SAT 填 hash=0x6f8a67aeeed2351b
[Barrier] Learner 6 到達/重返, 等待人數: 1/18
[Barrier] Learner 16 到達/重返, 等待人數: 2/18
[Barrier] Learner 8 到達/重返, 等待人數: 3/18
[Barrier] Learner 2 到達/重返, 等待人數: 4/18
[Barrier] Learner 11 到達/重返, 等待人數: 5/18
[Barrier] Learner 17 到達/重返, 等待人數: 6/18
[Barrier] Learner 15 到達/重返, 等待人數: 7/18
[Barrier] Learner 4 到達/重返, 等待人數: 8/18
[Barrier] Learner 10 到達/重返, 等待人數: 9/18
[Barrier] Learner 13 到達/重返, 等待人數: 10/18
[Barrier] Learner 12 到達/重返, 等待人數: 11/18
[Barrier] Learner 5 到達/重返, 等待人數: 12/18
[Barrier] Learner 1 到達/重返, 等待人數: 13/18
[Barrier] Learner 9 到達/重返, 等待人數: 14/18
[Barrier] Learner 7 到達/重返, 等待人數: 15/18
[Barrier] Learner 0 到達/重返, 等待人數: 16/18
[Barrier] Learner 3 到達/重返, 等待人數: 17/18
[Table] MQ/CE SAT 填 hash=0x1818d270471d039b
[Table] MQ/CE SAT 填 hash=0xb2a1b91c5ca1b083
[Table] MQ/CE SAT 填 hash=0xfdd3d2935584cd03
[Table] MQ/CE SAT 填 hash=0x6b074c35974c05e3
[Barrier] Learner 14 到達/重返, 等待人數: 18/18
[Global EQ] 啟動 Leader SAT 尋找反例
[Table] MQ/CE SAT 填 hash=0xf43efcc4ffd511f9
[Barrier] Learner 14 到達/重返, 等待人數: 1/18
[Barrier] Learner 16 到達/重返, 等待人數: 2/18
[Barrier] Learner 13 到達/重返, 等待人數: 3/18
[Barrier] Learner 2 到達/重返, 等待人數: 4/18
[Barrier] Learner 4 到達/重返, 等待人數: 5/18
[Barrier] Learner 17 到達/重返, 等待人數: 6/18
[Barrier] Learner 11 到達/重返, 等待人數: 7/18
[Barrier] Learner 5 到達/重返, 等待人數: 8/18
[Barrier] Learner 0 到達/重返, 等待人數: 9/18
[Barrier] Learner 6 到達/重返, 等待人數: 10/18
[Barrier] Learner 1 到達/重返, 等待人數: 11/18
[Barrier] Learner 10 到達/重返, 等待人數: 12/18
[Barrier] Learner 15 到達/重返, 等待人數: 13/18
[Barrier] Learner 7 到達/重返, 等待人數: 14/18
[Barrier] Learner 8 到達/重返, 等待人數: 15/18
[Barrier] Learner 3 到達/重返, 等待人數: 16/18
[Barrier] Learner 9 到達/重返, 等待人數: 17/18
[Table] MQ/CE SAT 填 hash=0x9ccd6786581fe079
[Table] MQ/CE SAT 填 hash=0xd1df34de83293a49
[Table] MQ/CE SAT 填 hash=0x1d114e557c0c56c9
[Table] MQ/CE SAT 填 hash=0xe987707646dd3f99
[Barrier] Learner 12 到達/重返, 等待人數: 18/18
[Global EQ] 啟動 Leader SAT 尋找反例
[Table] MQ/CE SAT 填 hash=0xe7ed13cae693344f
[Barrier] Learner 12 到達/重返, 等待人數: 1/18
[Barrier] Learner 7 到達/重返, 等待人數: 2/18
[Barrier] Learner 6 到達/重返, 等待人數: 3/18
[Barrier] Learner 8 到達/重返, 等待人數: 4/18
[Barrier] Learner 13 到達/重返, 等待人數: 5/18
[Barrier] Learner 4 到達/重返, 等待人數: 6/18
[Barrier] Learner 10 到達/重返, 等待人數: 7/18
[Barrier] Learner 5 到達/重返, 等待人數: 8/18
[Barrier] Learner 3 到達/重返, 等待人數: 9/18
[Barrier] Learner 1 到達/重返, 等待人數: 10/18
[Barrier] Learner 14 到達/重返, 等待人數: 11/18
[Barrier] Learner 9 到達/重返, 等待人數: 12/18
[Barrier] Learner 0 到達/重返, 等待人數: 13/18
[Barrier] Learner 11 到達/重返, 等待人數: 14/18
[Barrier] Learner 16 到達/重返, 等待人數: 15/18
[Barrier] Learner 2 到達/重返, 等待人數: 16/18
[Table] MQ/CE SAT 填 hash=0x7ab99a28a4cbfb6f
[Barrier] Learner 15 到達/重返, 等待人數: 17/18
[Table] MQ/CE SAT 填 hash=0xc254070f6a21a60f
[Table] MQ/CE SAT 填 hash=0x8f987a6574e3fc83
[Barrier] Learner 17 到達/重返, 等待人數: 18/18
[Global EQ] 啟動 Leader SAT 尋找反例
[Barrier] Learner 17 到達/重返, 等待人數: 1/18
[Barrier] Learner 16 到達/重返, 等待人數: 2/18
[Barrier] Learner 2 到達/重返, 等待人數: 3/18
[Barrier] Learner 3 到達/重返, 等待人數: 4/18
[Barrier] Learner 1 到達/重返, 等待人數: 5/18
[Barrier] Learner 10 到達/重返, 等待人數: 6/18
[Barrier] Learner 6 到達/重返, 等待人數: 7/18
[Barrier] Learner 13 到達/重返, 等待人數: 8/18
[Barrier] Learner 12 到達/重返, 等待人數: 9/18
[Barrier] Learner 8 到達/重返, 等待人數: 10/18
[Barrier] Learner 7 到達/重返, 等待人數: 11/18
[Barrier] Learner 15 到達/重返, 等待人數: 12/18
[Barrier] Learner 14 到達/重返, 等待人數: 13/18
[Barrier] Learner 11 到達/重返, 等待人數: 14/18
[Barrier] Learner 4 到達/重返, 等待人數: 15/18
[Barrier] Learner 9 到達/重返, 等待人數: 16/18
[Barrier] Learner 0 到達/重返, 等待人數: 17/18
[Barrier] Learner 5 到達/重返, 等待人數: 18/18
[Global EQ] 啟動 Leader SAT 尋找反例
[Table] MQ/CE SAT 填 hash=0xfccbf407b6ab3563
[Barrier] Learner 6 到達/重返, 等待人數: 1/18
[Barrier] Learner 16 到達/重返, 等待人數: 2/18
[Barrier] Learner 12 到達/重返, 等待人數: 3/18
[Barrier] Learner 15 到達/重返, 等待人數: 4/18
[Barrier] Learner 17 到達/重返, 等待人數: 5/18
[Barrier] Learner 7 到達/重返, 等待人數: 6/18
[Barrier] Learner 5 到達/重返, 等待人數: 7/18
[Barrier] Learner 8 到達/重返, 等待人數: 8/18
[Barrier] Learner 4 到達/重返, 等待人數: 9/18
[Barrier] Learner 13 到達/重返, 等待人數: 10/18
[Barrier] Learner 10 到達/重返, 等待人數: 11/18
[Barrier] Learner 2 到達/重返, 等待人數: 12/18
[Barrier] Learner 14 到達/重返, 等待人數: 13/18
[Barrier] Learner 0 到達/重返, 等待人數: 14/18
[Barrier] Learner 3 到達/重返, 等待人數: 15/18
[Barrier] Learner 1 到達/重返, 等待人數: 16/18
[Barrier] Learner 11 到達/重返, 等待人數: 17/18
[Barrier] Learner 9 到達/重返, 等待人數: 18/18
[Global EQ] 啟動 Leader SAT 尋找反例
[Barrier] Learner 9 到達/重返, 等待人數: 1/18
[Barrier] Learner 11 到達/重返, 等待人數: 2/18
[Barrier] Learner 12 到達/重返, 等待人數: 3/18
[Barrier] Learner 10 到達/重返, 等待人數: 4/18
[Barrier] Learner 17 到達/重返, 等待人數: 5/18
[Barrier] Learner 16 到達/重返, 等待人數: 6/18
[Barrier] Learner 5 到達/重返, 等待人數: 7/18
[Barrier] Learner 8 到達/重返, 等待人數: 8/18
[Barrier] Learner 13 到達/重返, 等待人數: 9/18
[Barrier] Learner 0 到達/重返, 等待人數: 10/18
[Barrier] Learner 3 到達/重返, 等待人數: 11/18
[Barrier] Learner 4 到達/重返, 等待人數: 12/18
[Barrier] Learner 14 到達/重返, 等待人數: 13/18
[Barrier] Learner 2 到達/重返, 等待人數: 14/18
[Barrier] Learner 15 到達/重返, 等待人數: 15/18
[Barrier] Learner 1 到達/重返, 等待人數: 16/18
[Barrier] Learner 6 到達/重返, 等待人數: 17/18
[Barrier] Learner 7 到達/重返, 等待人數: 18/18
[Global EQ] 啟動 Leader SAT 尋找反例
[Table] MQ/CE SAT 填 hash=0xc2efe6d6e9e32049
[Barrier] Learner 12 到達/重返, 等待人數: 1/18
[Barrier] Learner 7 到達/重返, 等待人數: 2/18
[Barrier] Learner 17 到達/重返, 等待人數: 3/18
[Barrier] Learner 6 到達/重返, 等待人數: 4/18
[Barrier] Learner 11 到達/重返, 等待人數: 5/18
[Barrier] Learner 16 到達/重返, 等待人數: 6/18
[Barrier] Learner 3 到達/重返, 等待人數: 7/18
[Barrier] Learner 14 到達/重返, 等待人數: 8/18
[Barrier] Learner 13 到達/重返, 等待人數: 9/18
[Barrier] Learner 1 到達/重返, 等待人數: 10/18
[Barrier] Learner 10 到達/重返, 等待人數: 11/18
[Barrier] Learner 5 到達/重返, 等待人數: 12/18
[Barrier] Learner 15 到達/重返, 等待人數: 13/18
[Barrier] Learner 2 到達/重返, 等待人數: 14/18
[Barrier] Learner 9 到達/重返, 等待人數: 15/18
[Table] MQ/CE SAT 填 hash=0x1a617c15919851c9
[Table] MQ/CE SAT 填 hash=0x848516c5e7ab0569
[Table] MQ/CE SAT 填 hash=0xaa1e2381641c93a9
[Table] MQ/CE SAT 填 hash=0xe0b7e05285003019
[Table] MQ/CE SAT 填 hash=0xc56b01e9f48e61e1
[Barrier] Learner 0 到達/重返, 等待人數: 16/18
[Barrier] Learner 8 到達/重返, 等待人數: 17/18
[Barrier] Learner 4 到達/重返, 等待人數: 18/18
[Global EQ] 啟動 Leader SAT 尋找反例
[Barrier] Learner 4 到達/重返, 等待人數: 1/18
[Barrier] Learner 5 到達/重返, 等待人數: 2/18
[Barrier] Learner 9 到達/重返, 等待人數: 3/18
[Barrier] Learner 16 到達/重返, 等待人數: 4/18
[Barrier] Learner 11 到達/重返, 等待人數: 5/18
[Barrier] Learner 7 到達/重返, 等待人數: 6/18
[Barrier] Learner 15 到達/重返, 等待人數: 7/18
[Barrier] Learner 6 到達/重返, 等待人數: 8/18
[Barrier] Learner 2 到達/重返, 等待人數: 9/18
[Barrier] Learner 13 到達/重返, 等待人數: 10/18
[Barrier] Learner 1 到達/重返, 等待人數: 11/18
[Barrier] Learner 17 到達/重返, 等待人數: 12/18
[Barrier] Learner 3 到達/重返, 等待人數: 13/18
[Barrier] Learner 0 到達/重返, 等待人數: 14/18
[Barrier] Learner 10 到達/重返, 等待人數: 15/18
[Barrier] Learner 12 到達/重返, 等待人數: 16/18
[Barrier] Learner 8 到達/重返, 等待人數: 17/18
[Table] MQ/CE SAT 填 hash=0xd9ae025f44e4e8bb
[Table] MQ/CE SAT 填 hash=0x75fcf158ee5da23b
[Table] MQ/CE SAT 填 hash=0xff470f1ac15676fb
[Barrier] Learner 14 到達/重返, 等待人數: 18/18
[Global EQ] 啟動 Leader SAT 尋找反例
[Table] MQ/CE SAT 填 hash=0xad9df08cf2051c5a
[Barrier] Learner 4 到達/重返, 等待人數: 1/18
[Barrier] Learner 1 到達/重返, 等待人數: 2/18
[Barrier] Learner 12 到達/重返, 等待人數: 3/18
[Barrier] Learner 10 到達/重返, 等待人數: 4/18
[Barrier] Learner 7 到達/重返, 等待人數: 5/18
[Barrier] Learner 6 到達/重返, 等待人數: 6/18
[Barrier] Learner 2 到達/重返, 等待人數: 7/18
[Barrier] Learner 9 到達/重返, 等待人數: 8/18
[Barrier] Learner 0 到達/重返, 等待人數: 9/18
[Barrier] Learner 3 到達/重返, 等待人數: 10/18
[Barrier] Learner 13 到達/重返, 等待人數: 11/18
[Barrier] Learner 5 到達/重返, 等待人數: 12/18
[Barrier] Learner 8 到達/重返, 等待人數: 13/18
[Table] MQ/CE SAT 填 hash=0x437a55dc9bf268ba
[Table] MQ/CE SAT 填 hash=0x50f85cb99ba4dda
[Table] MQ/CE SAT 填 hash=0x788c2334c6fbc28a
[Table] MQ/CE SAT 填 hash=0x9aebeb1b43a79a3a
[Table] MQ/CE SAT 填 hash=0x45d0968ad1be18fe
[Table] MQ/CE SAT 填 hash=0xcffdb8736eb0f40a
[Table] MQ/CE SAT 填 hash=0x2c72d035d71f4438
[Table] MQ/CE SAT 填 hash=0x9d422bc979734a7e
[Table] MQ/CE SAT 填 hash=0x6d9c37a5aadb5f8
[Table] MQ/CE SAT 填 hash=0xe140b6bede3c27b8
[Table] MQ/CE SAT 填 hash=0xe59f989bb302d0aa
[Table] MQ/CE SAT 填 hash=0x83e465747ed475b8
[Table] MQ/CE SAT 填 hash=0xbba7aa0361ca9978
[Table] MQ/CE SAT 填 hash=0x3d73804b7b915268
[Table] MQ/CE SAT 填 hash=0x89cf21803686f638
[Table] MQ/CE SAT 填 hash=0xc235fccea0f496e3
[Table] MQ/CE SAT 填 hash=0x74d472693dae25ea
[Barrier] Learner 17 到達/重返, 等待人數: 14/18
[Table] MQ/CE SAT 填 hash=0xf6a048b15774deda
[Table] MQ/CE SAT 填 hash=0x13193f42097fcaf8
[Table] MQ/CE SAT 填 hash=0x516ad69c2b9fec23
[Table] MQ/CE SAT 填 hash=0xd336ace44566a513
[Table] MQ/CE SAT 填 hash=0x20358fd4c8b96f2a
[Table] MQ/CE SAT 填 hash=0x7f82f32d4a873630
[Barrier] Learner 16 到達/重返, 等待人數: 15/18
[Barrier] Learner 11 到達/重返, 等待人數: 16/18
[Table] MQ/CE SAT 填 hash=0x38afbb93266ac2a2
[Table] MQ/CE SAT 填 hash=0x3a215323c4c3a7aa
[Table] MQ/CE SAT 填 hash=0x15461fc6145c88db
[Table] MQ/CE SAT 填 hash=0x765c679cf85fe1e
[Table] MQ/CE SAT 填 hash=0xe410d8feb1760be2
[Barrier] Learner 15 到達/重返, 等待人數: 17/18
[Table] MQ/CE SAT 填 hash=0xee080024d4e72958
[Table] MQ/CE SAT 填 hash=0x862a7eaf69c92d50
[Table] MQ/CE SAT 填 hash=0x62c0e2e257baf389
[Barrier] Learner 14 到達/重返, 等待人數: 18/18
[Global EQ] 啟動 Leader SAT 尋找反例
[Barrier] Learner 14 到達/重返, 等待人數: 1/18
[Barrier] Learner 17 到達/重返, 等待人數: 2/18
[Barrier] Learner 13 到達/重返, 等待人數: 3/18
[Barrier] Learner 11 到達/重返, 等待人數: 4/18
[Barrier] Learner 1 到達/重返, 等待人數: 5/18
[Barrier] Learner 3 到達/重返, 等待人數: 6/18
[Barrier] Learner 6 到達/重返, 等待人數: 7/18
[Barrier] Learner 0 到達/重返, 等待人數: 8/18
[Barrier] Learner 2 到達/重返, 等待人數: 9/18
[Barrier] Learner 10 到達/重返, 等待人數: 10/18
[Barrier] Learner 16 到達/重返, 等待人數: 11/18
[Barrier] Learner 5 到達/重返, 等待人數: 12/18
[Barrier] Learner 7 到達/重返, 等待人數: 13/18
[Barrier] Learner 12 到達/重返, 等待人數: 14/18
[Barrier] Learner 4 到達/重返, 等待人數: 15/18
[Barrier] Learner 8 到達/重返, 等待人數: 16/18
[Barrier] Learner 15 到達/重返, 等待人數: 17/18
[Table] MQ/CE SAT 填 hash=0x608d829e6a3bb905
[Table] MQ/CE SAT 填 hash=0x959f4ff6954512d5
[Table] MQ/CE SAT 填 hash=0x7006433b18d38495
[Table] MQ/CE SAT 填 hash=0xcf48ebb9a1dd3485
[Table] MQ/CE SAT 填 hash=0x4d84315a26ceb227
[Table] MQ/CE SAT 填 hash=0xdccf481842d491a
[Barrier] Learner 9 到達/重返, 等待人數: 18/18
[Global EQ] 啟動 Leader SAT 尋找反例
[Table] MQ/CE SAT 填 hash=0x10bccf381a21a39a
[Barrier] Learner 9 到達/重返, 等待人數: 1/18
[Barrier] Learner 11 到達/重返, 等待人數: 2/18
[Barrier] Learner 14 到達/重返, 等待人數: 3/18
[Barrier] Learner 10 到達/重返, 等待人數: 4/18
[Barrier] Learner 5 到達/重返, 等待人數: 5/18
[Barrier] Learner 13 到達/重返, 等待人數: 6/18
[Barrier] Learner 0 到達/重返, 等待人數: 7/18
[Barrier] Learner 8 到達/重返, 等待人數: 8/18
[Barrier] Learner 16 到達/重返, 等待人數: 9/18
[Barrier] Learner 6 到達/重返, 等待人數: 10/18
[Barrier] Learner 4 到達/重返, 等待人數: 11/18
[Barrier] Learner 12 到達/重返, 等待人數: 12/18
[Barrier] Learner 3 到達/重返, 等待人數: 13/18
[Barrier] Learner 2 到達/重返, 等待人數: 14/18
[Barrier] Learner 17 到達/重返, 等待人數: 15/18
[Barrier] Learner 15 到達/重返, 等待人數: 16/18
[Barrier] Learner 7 到達/重返, 等待人數: 17/18
[Barrier] Learner 1 到達/重返, 等待人數: 18/18
[Global EQ] 啟動 Leader SAT 尋找反例
[Barrier] Learner 1 到達/重返, 等待人數: 1/18
[Barrier] Learner 3 到達/重返, 等待人數: 2/18
[Barrier] Learner 9 到達/重返, 等待人數: 3/18
[Barrier] Learner 10 到達/重返, 等待人數: 4/18
[Barrier] Learner 6 到達/重返, 等待人數: 5/18
[Barrier] Learner 17 到達/重返, 等待人數: 6/18
[Barrier] Learner 13 到達/重返, 等待人數: 7/18
[Barrier] Learner 7 到達/重返, 等待人數: 8/18
[Barrier] Learner 11 到達/重返, 等待人數: 9/18
[Barrier] Learner 15 到達/重返, 等待人數: 10/18
[Barrier] Learner 2 到達/重返, 等待人數: 11/18
[Barrier] Learner 12 到達/重返, 等待人數: 12/18
[Barrier] Learner 0 到達/重返, 等待人數: 13/18
[Barrier] Learner 8 到達/重返, 等待人數: 14/18
[Barrier] Learner 16 到達/重返, 等待人數: 15/18
[Barrier] Learner 5 到達/重返, 等待人數: 16/18
[Barrier] Learner 4 到達/重返, 等待人數: 17/18
[Table] MQ/CE SAT 填 hash=0xe30705181c13a9cb
[Table] MQ/CE SAT 填 hash=0x2e391e8f14f6c64b
[Table] MQ/CE SAT 填 hash=0x8a011d39885380b
[Table] MQ/CE SAT 填 hash=0xed53336b081369d3
[Barrier] Learner 14 到達/重返, 等待人數: 18/18
[Global EQ] 啟動 Leader SAT 尋找反例
[Barrier] Learner 14 到達/重返, 等待人數: 1/18
[Barrier] Learner 12 到達/重返, 等待人數: 2/18
[Barrier] Learner 1 到達/重返, 等待人數: 3/18
[Barrier] Learner 10 到達/重返, 等待人數: 4/18
[Barrier] Learner 15 到達/重返, 等待人數: 5/18
[Barrier] Learner 11 到達/重返, 等待人數: 6/18
[Barrier] Learner 2 到達/重返, 等待人數: 7/18
[Barrier] Learner 7 到達/重返, 等待人數: 8/18
[Barrier] Learner 4 到達/重返, 等待人數: 9/18
[Barrier] Learner 3 到達/重返, 等待人數: 10/18
[Barrier] Learner 9 到達/重返, 等待人數: 11/18
[Barrier] Learner 17 到達/重返, 等待人數: 12/18
[Barrier] Learner 16 到達/重返, 等待人數: 13/18
[Barrier] Learner 0 到達/重返, 等待人數: 14/18
[Barrier] Learner 13 到達/重返, 等待人數: 15/18
[Barrier] Learner 6 到達/重返, 等待人數: 16/18
[Barrier] Learner 5 到達/重返, 等待人數: 17/18
[Table] MQ/CE SAT 填 hash=0xe54faebd668ef7f9
[Table] MQ/CE SAT 填 hash=0x180b3b675bcca185
[Table] MQ/CE SAT 填 hash=0xfead7512612dccbf
[Barrier] Learner 8 到達/重返, 等待人數: 18/18
[Global EQ] 啟動 Leader SAT 尋找反例
[Table] MQ/CE SAT 填 hash=0xf16c4a1acd149739
[Barrier] Learner 8 到達/重返, 等待人數: 1/18
[Barrier] Learner 2 到達/重返, 等待人數: 2/18
[Barrier] Learner 6 到達/重返, 等待人數: 3/18
[Barrier] Learner 7 到達/重返, 等待人數: 4/18
[Barrier] Learner 14 到達/重返, 等待人數: 5/18
[Barrier] Learner 0 到達/重返, 等待人數: 6/18
[Barrier] Learner 3 到達/重返, 等待人數: 7/18
[Barrier] Learner 13 到達/重返, 等待人數: 8/18
[Barrier] Learner 10 到達/重返, 等待人數: 9/18
[Barrier] Learner 1 到達/重返, 等待人數: 10/18
[Barrier] Learner 5 到達/重返, 等待人數: 11/18
[Barrier] Learner 17 到達/重返, 等待人數: 12/18
[Barrier] Learner 11 到達/重返, 等待人數: 13/18
[Barrier] Learner 4 到達/重返, 等待人數: 14/18
[Barrier] Learner 15 到達/重返, 等待人數: 15/18
[Barrier] Learner 12 到達/重返, 等待人數: 16/18
[Barrier] Learner 16 到達/重返, 等待人數: 17/18
[Table] MQ/CE SAT 填 hash=0x99fab4dc255f65b9
[Table] MQ/CE SAT 填 hash=0xc5b37f7b7939fe79
[Table] MQ/CE SAT 填 hash=0x2fd71a2bcf4cb219
[Table] MQ/CE SAT 填 hash=0x64e8e783fa560be9
[Table] MQ/CE SAT 填 hash=0xb01b00faf3392869
[Table] MQ/CE SAT 填 hash=0xd5b40db66faab6a9
[Table] MQ/CE SAT 填 hash=0x7bfc5f3cdd00cd91
[Table] MQ/CE SAT 填 hash=0x6f19e7c50fb507c5
[Table] MQ/CE SAT 填 hash=0xed552d6594a68567
[Barrier] Learner 9 到達/重返, 等待人數: 18/18
[Global EQ] 啟動 Leader SAT 尋找反例
[Table] MQ/CE SAT 填 hash=0xc1b3a1829450cac8
[Barrier] Learner 14 到達/重返, 等待人數: 1/18
[Barrier] Learner 6 到達/重返, 等待人數: 2/18
[Barrier] Learner 10 到達/重返, 等待人數: 3/18
[Barrier] Learner 8 到達/重返, 等待人數: 4/18
[Barrier] Learner 15 到達/重返, 等待人數: 5/18
[Barrier] Learner 2 到達/重返, 等待人數: 6/18
[Barrier] Learner 13 到達/重返, 等待人數: 7/18
[Barrier] Learner 9 到達/重返, 等待人數: 8/18
[Barrier] Learner 0 到達/重返, 等待人數: 9/18
[Barrier] Learner 11 到達/重返, 等待人數: 10/18
[Barrier] Learner 7 到達/重返, 等待人數: 11/18
[Barrier] Learner 5 到達/重返, 等待人數: 12/18
[Barrier] Learner 17 到達/重返, 等待人數: 13/18
[Barrier] Learner 16 到達/重返, 等待人數: 14/18
[Barrier] Learner 4 到達/重返, 等待人數: 15/18
[Barrier] Learner 12 到達/重返, 等待人數: 16/18
[Barrier] Learner 3 到達/重返, 等待人數: 17/18
[Barrier] Learner 1 到達/重返, 等待人數: 18/18
[Global EQ] 啟動 Leader SAT 尋找反例
[Table] MQ/CE SAT 填 hash=0xdb1167d78eef9f8e
[Barrier] Learner 1 到達/重返, 等待人數: 1/18
[Barrier] Learner 11 到達/重返, 等待人數: 2/18
[Barrier] Learner 6 到達/重返, 等待人數: 3/18
[Barrier] Learner 17 到達/重返, 等待人數: 4/18
[Barrier] Learner 16 到達/重返, 等待人數: 5/18
[Barrier] Learner 0 到達/重返, 等待人數: 6/18
[Barrier] Learner 7 到達/重返, 等待人數: 7/18
[Barrier] Learner 13 到達/重返, 等待人數: 8/18
[Barrier] Learner 12 到達/重返, 等待人數: 9/18
[Barrier] Learner 8 到達/重返, 等待人數: 10/18
[Barrier] Learner 9 到達/重返, 等待人數: 11/18
[Barrier] Learner 15 到達/重返, 等待人數: 12/18
[Barrier] Learner 3 到達/重返, 等待人數: 13/18
[Barrier] Learner 2 到達/重返, 等待人數: 14/18
[Barrier] Learner 14 到達/重返, 等待人數: 15/18
[Barrier] Learner 4 到達/重返, 等待人數: 16/18
[Table] MQ/CE SAT 填 hash=0x70edcd2738dcebee
[Table] MQ/CE SAT 填 hash=0xa5ff9a7f63e645be
[Table] MQ/CE SAT 填 hash=0x8ca1d42a694770f8
[Table] MQ/CE SAT 填 hash=0xb23ae0e5e5b8ff38
[Table] MQ/CE SAT 填 hash=0xe8d49db7069c9ba8
[Barrier] Learner 10 到達/重返, 等待人數: 17/18
[Barrier] Learner 5 到達/重返, 等待人數: 18/18
[Global EQ] 啟動 Leader SAT 尋找反例
[Barrier] Learner 5 到達/重返, 等待人數: 1/18
[Barrier] Learner 14 到達/重返, 等待人數: 2/18
[Barrier] Learner 3 到達/重返, 等待人數: 3/18
[Barrier] Learner 15 到達/重返, 等待人數: 4/18
[Barrier] Learner 8 到達/重返, 等待人數: 5/18
[Barrier] Learner 11 到達/重返, 等待人數: 6/18
[Barrier] Learner 4 到達/重返, 等待人數: 7/18
[Barrier] Learner 13 到達/重返, 等待人數: 8/18
[Barrier] Learner 17 到達/重返, 等待人數: 9/18
[Barrier] Learner 0 到達/重返, 等待人數: 10/18
[Barrier] Learner 12 到達/重返, 等待人數: 11/18
[Barrier] Learner 6 到達/重返, 等待人數: 12/18
[Barrier] Learner 16 到達/重返, 等待人數: 13/18
[Barrier] Learner 2 到達/重返, 等待人數: 14/18
[Barrier] Learner 1 到達/重返, 等待人數: 15/18
[Barrier] Learner 10 到達/重返, 等待人數: 16/18
[Table] MQ/CE SAT 填 hash=0x2dd1f5f474fe0f79
[Table] MQ/CE SAT 填 hash=0x62e3c34ca0076949
[Table] MQ/CE SAT 填 hash=0x3d4ab6912395db09
[Table] MQ/CE SAT 填 hash=0x9c8d5f0fac9f8af9
[Table] MQ/CE SAT 填 hash=0x1ac8a4b03191089b
[Barrier] Learner 7 到達/重返, 等待人數: 17/18
[Barrier] Learner 9 到達/重返, 等待人數: 18/18
[Global EQ] 啟動 Leader SAT 尋找反例
[Table] MQ/CE SAT 填 hash=0x88a39fc7e7e15354
[Barrier] Learner 9 到達/重返, 等待人數: 1/18
[Barrier] Learner 1 到達/重返, 等待人數: 2/18
[Barrier] Learner 7 到達/重返, 等待人數: 3/18
[Barrier] Learner 2 到達/重返, 等待人數: 4/18
[Barrier] Learner 10 到達/重返, 等待人數: 5/18
[Barrier] Learner 12 到達/重返, 等待人數: 6/18
[Barrier] Learner 6 到達/重返, 等待人數: 7/18
[Barrier] Learner 0 到達/重返, 等待人數: 8/18
[Barrier] Learner 3 到達/重返, 等待人數: 9/18
[Barrier] Learner 4 到達/重返, 等待人數: 10/18
[Barrier] Learner 8 到達/重返, 等待人數: 11/18
[Barrier] Learner 5 到達/重返, 等待人數: 12/18
[Barrier] Learner 13 到達/重返, 等待人數: 13/18
[Barrier] Learner 16 到達/重返, 等待人數: 14/18
[Barrier] Learner 14 到達/重返, 等待人數: 15/18
[Table] MQ/CE SAT 填 hash=0xbdb56d2012eaad24
[Table] MQ/CE SAT 填 hash=0x630a930c6b6fc514
[Table] MQ/CE SAT 填 hash=0x31320a89402c21d4
[Table] MQ/CE SAT 填 hash=0x7c685961660e99da
[Table] MQ/CE SAT 填 hash=0x981c606496791ee4
[Table] MQ/CE SAT 填 hash=0x5cead5289406ba94
[Table] MQ/CE SAT 填 hash=0xb17a26b99117f3aa
[Table] MQ/CE SAT 填 hash=0x45ce9c90452afd6a
[Barrier] Learner 15 到達/重返, 等待人數: 16/18
[Table] MQ/CE SAT 填 hash=0x2a2f487e9ec91108
[Table] MQ/CE SAT 填 hash=0x8de05984f5505788
[Table] MQ/CE SAT 填 hash=0xffd507752cb78998
[Table] MQ/CE SAT 填 hash=0xc3b0509f15742650
[Table] MQ/CE SAT 填 hash=0x9b80fabeb7b6924c
[Table] MQ/CE SAT 填 hash=0x98ae481484f6178c
[Barrier] Learner 11 到達/重返, 等待人數: 17/18
[Barrier] Learner 17 到達/重返, 等待人數: 18/18
[Global EQ] 啟動 Leader SAT 尋找反例
[Table] MQ/CE SAT 填 hash=0xcd075dfcf61a1ce9
[Barrier] Learner 17 到達/重返, 等待人數: 1/18
[Barrier] Learner 5 到達/重返, 等待人數: 2/18
[Barrier] Learner 4 到達/重返, 等待人數: 3/18
[Barrier] Learner 11 到達/重返, 等待人數: 4/18
[Barrier] Learner 12 到達/重返, 等待人數: 5/18
[Barrier] Learner 1 到達/重返, 等待人數: 6/18
[Barrier] Learner 8 到達/重返, 等待人數: 7/18
[Barrier] Learner 15 到達/重返, 等待人數: 8/18
[Barrier] Learner 2 到達/重返, 等待人數: 9/18
[Barrier] Learner 14 到達/重返, 等待人數: 10/18
[Barrier] Learner 6 到達/重返, 等待人數: 11/18
[Barrier] Learner 9 到達/重返, 等待人數: 12/18
[Barrier] Learner 10 到達/重返, 等待人數: 13/18
[Barrier] Learner 7 到達/重返, 等待人數: 14/18
[Barrier] Learner 13 到達/重返, 等待人數: 15/18
[Barrier] Learner 3 到達/重返, 等待人數: 16/18
[Barrier] Learner 0 到達/重返, 等待人數: 17/18
[Barrier] Learner 16 到達/重返, 等待人數: 18/18
[Global EQ] 啟動 Leader SAT 尋找反例
[Barrier] Learner 16 到達/重返, 等待人數: 1/18
[Barrier] Learner 0 到達/重返, 等待人數: 2/18
[Barrier] Learner 11 到達/重返, 等待人數: 3/18
[Barrier] Learner 6 到達/重返, 等待人數: 4/18
[Barrier] Learner 9 到達/重返, 等待人數: 5/18
[Barrier] Learner 14 到達/重返, 等待人數: 6/18
[Barrier] Learner 10 到達/重返, 等待人數: 7/18
[Barrier] Learner 3 到達/重返, 等待人數: 8/18
[Barrier] Learner 1 到達/重返, 等待人數: 9/18
[Barrier] Learner 8 到達/重返, 等待人數: 10/18
[Barrier] Learner 5 到達/重返, 等待人數: 11/18
[Barrier] Learner 13 到達/重返, 等待人數: 12/18
[Barrier] Learner 4 到達/重返, 等待人數: 13/18
[Barrier] Learner 17 到達/重返, 等待人數: 14/18
[Barrier] Learner 12 到達/重返, 等待人數: 15/18
[Barrier] Learner 7 到達/重返, 等待人數: 16/18
[Barrier] Learner 15 到達/重返, 等待人數: 17/18
[Barrier] Learner 2 到達/重返, 等待人數: 18/18
[Global EQ] 啟動 Leader SAT 尋找反例
[Barrier] Learner 14 到達/重返, 等待人數: 1/18
[Barrier] Learner 17 到達/重返, 等待人數: 2/18
[Barrier] Learner 11 到達/重返, 等待人數: 3/18
[Barrier] Learner 5 到達/重返, 等待人數: 4/18
[Barrier] Learner 16 到達/重返, 等待人數: 5/18
[Barrier] Learner 8 到達/重返, 等待人數: 6/18
[Barrier] Learner 9 到達/重返, 等待人數: 7/18
[Barrier] Learner 4 到達/重返, 等待人數: 8/18
[Barrier] Learner 15 到達/重返, 等待人數: 9/18
[Barrier] Learner 6 到達/重返, 等待人數: 10/18
[Barrier] Learner 0 到達/重返, 等待人數: 11/18
[Barrier] Learner 13 到達/重返, 等待人數: 12/18
[Barrier] Learner 10 到達/重返, 等待人數: 13/18
[Barrier] Learner 7 到達/重返, 等待人數: 14/18
[Barrier] Learner 3 到達/重返, 等待人數: 15/18
[Barrier] Learner 1 到達/重返, 等待人數: 16/18
[Barrier] Learner 12 到達/重返, 等待人數: 17/18
[Table] MQ/CE SAT 填 hash=0xa14e935da23f8429
[Barrier] Learner 2 到達/重返, 等待人數: 18/18
[Global EQ] 啟動 Leader SAT 尋找反例
[Barrier] Learner 2 到達/重返, 等待人數: 1/18
[Barrier] Learner 15 到達/重返, 等待人數: 2/18
[Barrier] Learner 0 到達/重返, 等待人數: 3/18
[Barrier] Learner 12 到達/重返, 等待人數: 4/18
[Barrier] Learner 7 到達/重返, 等待人數: 5/18
[Barrier] Learner 5 到達/重返, 等待人數: 6/18
[Barrier] Learner 13 到達/重返, 等待人數: 7/18
[Barrier] Learner 11 到達/重返, 等待人數: 8/18
[Barrier] Learner 1 到達/重返, 等待人數: 9/18
[Barrier] Learner 3 到達/重返, 等待人數: 10/18
[Barrier] Learner 4 到達/重返, 等待人數: 11/18
[Barrier] Learner 8 到達/重返, 等待人數: 12/18
[Barrier] Learner 14 到達/重返, 等待人數: 13/18
[Barrier] Learner 6 到達/重返, 等待人數: 14/18
[Barrier] Learner 17 到達/重返, 等待人數: 15/18
[Barrier] Learner 10 到達/重返, 等待人數: 16/18
[Barrier] Learner 16 到達/重返, 等待人數: 17/18
[Table] MQ/CE SAT 填 hash=0xebc4786d9c90f628
[Table] MQ/CE SAT 填 hash=0x20d645c5c79a4ff8
[Table] MQ/CE SAT 填 hash=0x5391d26fbcd7f984
[Table] MQ/CE SAT 填 hash=0x2df8c5b440666b44
[Table] MQ/CE SAT 填 hash=0x8d3b6e32c9701b34
[Barrier] Learner 9 到達/重返, 等待人數: 18/18
[Global EQ] 啟動 Leader SAT 尋找反例
[Barrier] Learner 5 到達/重返, 等待人數: 1/18
[Barrier] Learner 8 到達/重返, 等待人數: 2/18
[Barrier] Learner 13 到達/重返, 等待人數: 3/18
[Barrier] Learner 7 到達/重返, 等待人數: 4/18
[Barrier] Learner 15 到達/重返, 等待人數: 5/18
[Barrier] Learner 2 到達/重返, 等待人數: 6/18
[Barrier] Learner 6 到達/重返, 等待人數: 7/18
[Barrier] Learner 4 到達/重返, 等待人數: 8/18
[Barrier] Learner 0 到達/重返, 等待人數: 9/18
[Barrier] Learner 10 到達/重返, 等待人數: 10/18
[Barrier] Learner 1 到達/重返, 等待人數: 11/18
[Barrier] Learner 3 到達/重返, 等待人數: 12/18
[Barrier] Learner 11 到達/重返, 等待人數: 13/18
[Barrier] Learner 12 到達/重返, 等待人數: 14/18
[Barrier] Learner 16 到達/重返, 等待人數: 15/18
[Barrier] Learner 14 到達/重返, 等待人數: 16/18
[Barrier] Learner 9 到達/重返, 等待人數: 17/18
[Table] MQ/CE SAT 填 hash=0x1395b6f6ef96d463
[Table] MQ/CE SAT 填 hash=0x3f4e819643716d23
[Table] MQ/CE SAT 填 hash=0xa4c59aea2decc03b
[Table] MQ/CE SAT 填 hash=0xd7812794232a69c7
[Table] MQ/CE SAT 填 hash=0xf0deede91dc93e8d
[Table] MQ/CE SAT 填 hash=0x548ffeef7450850d
[Table] MQ/CE SAT 填 hash=0x8feaf00e8ad41aad
[Table] MQ/CE SAT 填 hash=0x8d183d6458139fed
[Table] MQ/CE SAT 填 hash=0xd07e658981c758fb
[Table] MQ/CE SAT 填 hash=0x9dc2d8df8c89af6f
[Table] MQ/CE SAT 填 hash=0x339f23377050287
[Table] MQ/CE SAT 填 hash=0x1c97b88871a3d74d
[Table] MQ/CE SAT 填 hash=0xaf643ee62fdc9e6d
[Table] MQ/CE SAT 填 hash=0xe5fdfbb750c03add
[Table] MQ/CE SAT 填 hash=0x7134f18683157800
[Barrier] Learner 17 到達/重返, 等待人數: 18/18
[Global EQ] 啟動 Leader SAT 尋找反例
[Table] MQ/CE SAT 填 hash=0x9a32989c20c479a8
[Barrier] Learner 17 到達/重返, 等待人數: 1/18
[Barrier] Learner 0 到達/重返, 等待人數: 2/18
[Barrier] Learner 2 到達/重返, 等待人數: 3/18
[Barrier] Learner 12 到達/重返, 等待人數: 4/18
[Barrier] Learner 1 到達/重返, 等待人數: 5/18
[Barrier] Learner 3 到達/重返, 等待人數: 6/18
[Barrier] Learner 9 到達/重返, 等待人數: 7/18
[Barrier] Learner 14 到達/重返, 等待人數: 8/18
[Barrier] Learner 10 到達/重返, 等待人數: 9/18
[Barrier] Learner 6 到達/重返, 等待人數: 10/18
[Barrier] Learner 8 到達/重返, 等待人數: 11/18
[Barrier] Learner 4 到達/重返, 等待人數: 12/18
[Barrier] Learner 11 到達/重返, 等待人數: 13/18
[Barrier] Learner 15 到達/重返, 等待人數: 14/18
[Barrier] Learner 16 到達/重返, 等待人數: 15/18
[Barrier] Learner 13 到達/重返, 等待人數: 16/18
[Barrier] Learner 5 到達/重返, 等待人數: 17/18
[Table] MQ/CE SAT 填 hash=0xc5eb633b749f1268
[Table] MQ/CE SAT 填 hash=0x300efdebcab1c608
[Table] MQ/CE SAT 填 hash=0xa75f1304e4037c8
[Table] MQ/CE SAT 填 hash=0x69b899aed749e7b8
[Barrier] Learner 7 到達/重返, 等待人數: 18/18
[Global EQ] 啟動 Leader SAT 尋找反例
[Table] MQ/CE SAT 填 hash=0x9e4cc42c742d4a4
[Barrier] Learner 7 到達/重返, 等待人數: 1/18
[Barrier] Learner 11 到達/重返, 等待人數: 2/18
[Barrier] Learner 9 到達/重返, 等待人數: 3/18
[Barrier] Learner 6 到達/重返, 等待人數: 4/18
[Barrier] Learner 15 到達/重返, 等待人數: 5/18
[Barrier] Learner 10 到達/重返, 等待人數: 6/18
[Barrier] Learner 8 到達/重返, 等待人數: 7/18
[Barrier] Learner 17 到達/重返, 等待人數: 8/18
[Barrier] Learner 5 到達/重返, 等待人數: 9/18
[Barrier] Learner 12 到達/重返, 等待人數: 10/18
[Barrier] Learner 4 到達/重返, 等待人數: 11/18
[Table] MQ/CE SAT 填 hash=0x5516e5b9c025f124
[Table] MQ/CE SAT 填 hash=0x359d96e21b1d6d64
[Table] MQ/CE SAT 填 hash=0x615661816ef80624
[Table] MQ/CE SAT 填 hash=0x78fe9d1932ac0b74
[Table] MQ/CE SAT 填 hash=0x2c44942943eeac54
[Table] MQ/CE SAT 填 hash=0x8bc989f0141394
[Table] MQ/CE SAT 填 hash=0x2e20a3825dfc3d8
[Barrier] Learner 16 到達/重返, 等待人數: 12/18
[Table] MQ/CE SAT 填 hash=0x358b7a13d9bdaa41
[Table] MQ/CE SAT 填 hash=0x4bbde300e8f73014
[Barrier] Learner 2 到達/重返, 等待人數: 13/18
[Table] MQ/CE SAT 填 hash=0xcdd03cdffad66a08
[Table] MQ/CE SAT 填 hash=0x1c3fd08d207e989e
[Table] MQ/CE SAT 填 hash=0xcb79fc31c50ab9c4
[Table] MQ/CE SAT 填 hash=0x82579fd209dacc84
[Table] MQ/CE SAT 填 hash=0x6771ea041961b51e
[Table] MQ/CE SAT 填 hash=0xe72e0334f5753ece
[Table] MQ/CE SAT 填 hash=0x98be6f87cfcd1038
[Table] MQ/CE SAT 填 hash=0xaa86f5b267986088
[Table] MQ/CE SAT 填 hash=0x8d0af6bf95d3435e
[Table] MQ/CE SAT 填 hash=0x32601cabee585b4e
[Table] MQ/CE SAT 填 hash=0xe3f088fec8b02cb8
[Barrier] Learner 13 到達/重返, 等待人數: 14/18
[Table] MQ/CE SAT 填 hash=0xb08dcb4387f976da
[Table] MQ/CE SAT 填 hash=0x68f9d97d0f3bf7be
[Table] MQ/CE SAT 填 hash=0x98995ba4521baf8
[Barrier] Learner 14 到達/重返, 等待人數: 15/18
[Barrier] Learner 1 到達/重返, 等待人數: 16/18
[Barrier] Learner 3 到達/重返, 等待人數: 17/18
[Table] MQ/CE SAT 填 hash=0x2d0c6a3e3747ee74
[Table] MQ/CE SAT 填 hash=0x7ae263e2fcc772ce
[Barrier] Learner 0 到達/重返, 等待人數: 18/18
[Global EQ] 啟動 Leader SAT 尋找反例
[Table] MQ/CE SAT 填 hash=0xf08705edcca3ffde
[Barrier] Learner 4 到達/重返, 等待人數: 1/18
[Barrier] Learner 16 到達/重返, 等待人數: 2/18
[Barrier] Learner 8 到達/重返, 等待人數: 3/18
[Barrier] Learner 9 到達/重返, 等待人數: 4/18
[Barrier] Learner 0 到達/重返, 等待人數: 5/18
[Barrier] Learner 5 到達/重返, 等待人數: 6/18
[Barrier] Learner 3 到達/重返, 等待人數: 7/18
[Barrier] Learner 10 到達/重返, 等待人數: 8/18
[Barrier] Learner 12 到達/重返, 等待人數: 9/18
[Barrier] Learner 14 到達/重返, 等待人數: 10/18
[Barrier] Learner 13 到達/重返, 等待人數: 11/18
[Barrier] Learner 6 到達/重返, 等待人數: 12/18
[Barrier] Learner 7 到達/重返, 等待人數: 13/18
[Barrier] Learner 17 到達/重返, 等待人數: 14/18
[Barrier] Learner 11 到達/重返, 等待人數: 15/18
[Barrier] Learner 2 到達/重返, 等待人數: 16/18
[Barrier] Learner 15 到達/重返, 等待人數: 17/18
[Barrier] Learner 1 到達/重返, 等待人數: 18/18
[Global EQ] 啟動 Leader SAT 尋找反例
[Barrier] Learner 16 到達/重返, 等待人數: 1/18
[Barrier] Learner 11 到達/重返, 等待人數: 2/18
[Barrier] Learner 0 到達/重返, 等待人數: 3/18
[Barrier] Learner 14 到達/重返, 等待人數: 4/18
[Barrier] Learner 6 到達/重返, 等待人數: 5/18
[Barrier] Learner 8 到達/重返, 等待人數: 6/18
[Barrier] Learner 2 到達/重返, 等待人數: 7/18
[Barrier] Learner 7 到達/重返, 等待人數: 8/18
[Barrier] Learner 9 到達/重返, 等待人數: 9/18
[Barrier] Learner 13 到達/重返, 等待人數: 10/18
[Barrier] Learner 15 到達/重返, 等待人數: 11/18
[Barrier] Learner 17 到達/重返, 等待人數: 12/18
[Barrier] Learner 4 到達/重返, 等待人數: 13/18
[Barrier] Learner 10 到達/重返, 等待人數: 14/18
[Barrier] Learner 12 到達/重返, 等待人數: 15/18
[Barrier] Learner 5 到達/重返, 等待人數: 16/18
[Table] MQ/CE SAT 填 hash=0xd7293f98d2052b18
[Barrier] Learner 1 到達/重返, 等待人數: 17/18
[Barrier] Learner 3 到達/重返, 等待人數: 18/18
[Global EQ] 啟動 Leader SAT 尋找反例
[Barrier] Learner 3 到達/重返, 等待人數: 1/18
[Barrier] Learner 12 到達/重返, 等待人數: 2/18
[Barrier] Learner 4 到達/重返, 等待人數: 3/18
[Barrier] Learner 13 到達/重返, 等待人數: 4/18
[Barrier] Learner 6 到達/重返, 等待人數: 5/18
[Barrier] Learner 1 到達/重返, 等待人數: 6/18
[Barrier] Learner 9 到達/重返, 等待人數: 7/18
[Barrier] Learner 15 到達/重返, 等待人數: 8/18
[Barrier] Learner 8 到達/重返, 等待人數: 9/18
[Barrier] Learner 16 到達/重返, 等待人數: 10/18
[Barrier] Learner 11 到達/重返, 等待人數: 11/18
[Barrier] Learner 2 到達/重返, 等待人數: 12/18
[Barrier] Learner 14 到達/重返, 等待人數: 13/18
[Barrier] Learner 10 到達/重返, 等待人數: 14/18
[Barrier] Learner 5 到達/重返, 等待人數: 15/18
[Barrier] Learner 7 到達/重返, 等待人數: 16/18
[Barrier] Learner 17 到達/重返, 等待人數: 17/18
[Barrier] Learner 0 到達/重返, 等待人數: 18/18
[Global EQ] 啟動 Leader SAT 尋找反例
[Barrier] Learner 0 到達/重返, 等待人數: 1/18
[Barrier] Learner 7 到達/重返, 等待人數: 2/18
[Barrier] Learner 6 到達/重返, 等待人數: 3/18
[Barrier] Learner 8 到達/重返, 等待人數: 4/18
[Barrier] Learner 12 到達/重返, 等待人數: 5/18
[Barrier] Learner 14 到達/重返, 等待人數: 6/18
[Barrier] Learner 10 到達/重返, 等待人數: 7/18
[Barrier] Learner 5 到達/重返, 等待人數: 8/18
[Barrier] Learner 9 到達/重返, 等待人數: 9/18
[Barrier] Learner 13 到達/重返, 等待人數: 10/18
[Barrier] Learner 11 到達/重返, 等待人數: 11/18
[Barrier] Learner 3 到達/重返, 等待人數: 12/18
[Barrier] Learner 4 到達/重返, 等待人數: 13/18
[Barrier] Learner 17 到達/重返, 等待人數: 14/18
[Barrier] Learner 16 到達/重返, 等待人數: 15/18
[Barrier] Learner 15 到達/重返, 等待人數: 16/18
[Barrier] Learner 1 到達/重返, 等待人數: 17/18
[Table] MQ/CE SAT 填 hash=0xb21c35dcca6be4fe
[Table] MQ/CE SAT 填 hash=0xfd4e4f53c34f017e
[Table] MQ/CE SAT 填 hash=0x22e75c0f3fc08fbe
[Table] MQ/CE SAT 填 hash=0x466a309331e6c33a
[Table] MQ/CE SAT 填 hash=0x61849d8e02289e08
[Barrier] Learner 2 到達/重返, 等待人數: 18/18
[Global EQ] 啟動 Leader SAT 尋找反例
[Table] MQ/CE SAT 填 hash=0xf75f08e31f82ced4
[Barrier] Learner 2 到達/重返, 等待人數: 1/18
[Barrier] Learner 1 到達/重返, 等待人數: 2/18
[Barrier] Learner 17 到達/重返, 等待人數: 3/18
[Barrier] Learner 9 到達/重返, 等待人數: 4/18
[Barrier] Learner 6 到達/重返, 等待人數: 5/18
[Barrier] Learner 14 到達/重返, 等待人數: 6/18
[Barrier] Learner 13 到達/重返, 等待人數: 7/18
[Barrier] Learner 15 到達/重返, 等待人數: 8/18
[Barrier] Learner 3 到達/重返, 等待人數: 9/18
[Barrier] Learner 16 到達/重返, 等待人數: 10/18
[Barrier] Learner 7 到達/重返, 等待人數: 11/18
[Barrier] Learner 12 到達/重返, 等待人數: 12/18
[Barrier] Learner 11 到達/重返, 等待人數: 13/18
[Barrier] Learner 0 到達/重返, 等待人數: 14/18
[Table] MQ/CE SAT 填 hash=0x2c70d63b4a8c28a4
[Table] MQ/CE SAT 填 hash=0x6b67a94bc19c8baa
[Barrier] Learner 4 到達/重返, 等待人數: 15/18
[Barrier] Learner 8 到達/重返, 等待人數: 16/18
[Table] MQ/CE SAT 填 hash=0xa6993487c40eeffa
[Barrier] Learner 10 到達/重返, 等待人數: 17/18
[Barrier] Learner 5 到達/重返, 等待人數: 18/18
[Global EQ] 啟動 Leader SAT 尋找反例
[Table] MQ/CE SAT 填 hash=0x6b19b96801bbce8d
[Barrier] Learner 5 到達/重返, 等待人數: 1/18
[Barrier] Learner 0 到達/重返, 等待人數: 2/18
[Barrier] Learner 4 到達/重返, 等待人數: 3/18
[Barrier] Learner 1 到達/重返, 等待人數: 4/18
[Barrier] Learner 11 到達/重返, 等待人數: 5/18
[Barrier] Learner 8 到達/重返, 等待人數: 6/18
[Barrier] Learner 10 到達/重返, 等待人數: 7/18
[Barrier] Learner 2 到達/重返, 等待人數: 8/18
[Barrier] Learner 15 到達/重返, 等待人數: 9/18
[Barrier] Learner 6 到達/重返, 等待人數: 10/18
[Barrier] Learner 14 到達/重返, 等待人數: 11/18
[Barrier] Learner 16 到達/重返, 等待人數: 12/18
[Barrier] Learner 17 到達/重返, 等待人數: 13/18
[Barrier] Learner 12 到達/重返, 等待人數: 14/18
[Barrier] Learner 3 到達/重返, 等待人數: 15/18
[Barrier] Learner 13 到達/重返, 等待人數: 16/18
[Table] MQ/CE SAT 填 hash=0x3f60eec8ade135cd
[Table] MQ/CE SAT 填 hash=0x19c7e20d316fa78d
[Table] MQ/CE SAT 填 hash=0x790a8a8bba79577d
[Table] MQ/CE SAT 填 hash=0x6b0f9c002b23e99
[Barrier] Learner 7 到達/重返, 等待人數: 17/18
[Barrier] Learner 9 到達/重返, 等待人數: 18/18
[Global EQ] 啟動 Leader SAT 尋找反例
[Barrier] Learner 10 到達/重返, 等待人數: 1/18
[Barrier] Learner 13 到達/重返, 等待人數: 2/18
[Barrier] Learner 2 到達/重返, 等待人數: 3/18
[Barrier] Learner 16 到達/重返, 等待人數: 4/18
[Barrier] Learner 1 到達/重返, 等待人數: 5/18
[Barrier] Learner 11 到達/重返, 等待人數: 6/18
[Barrier] Learner 14 到達/重返, 等待人數: 7/18
[Barrier] Learner 0 到達/重返, 等待人數: 8/18
[Barrier] Learner 3 到達/重返, 等待人數: 9/18
[Barrier] Learner 8 到達/重返, 等待人數: 10/18
[Barrier] Learner 15 到達/重返, 等待人數: 11/18
[Barrier] Learner 6 到達/重返, 等待人數: 12/18
[Barrier] Learner 12 到達/重返, 等待人數: 13/18
[Barrier] Learner 4 到達/重返, 等待人數: 14/18
[Barrier] Learner 17 到達/重返, 等待人數: 15/18
[Barrier] Learner 5 到達/重返, 等待人數: 16/18
[Table] MQ/CE SAT 填 hash=0xa052567ff82d8428
[Table] MQ/CE SAT 填 hash=0xd3dc345f2d5c9b58
[Barrier] Learner 9 到達/重返, 等待人數: 17/18
[Barrier] Learner 7 到達/重返, 等待人數: 18/18
[Global EQ] 啟動 Leader SAT 尋找反例
[Table] MQ/CE SAT 填 hash=0xf359b897ff647a9e
[Barrier] Learner 7 到達/重返, 等待人數: 1/18
[Barrier] Learner 1 到達/重返, 等待人數: 2/18
[Barrier] Learner 10 到達/重返, 等待人數: 3/18
[Barrier] Learner 8 到達/重返, 等待人數: 4/18
[Barrier] Learner 17 到達/重返, 等待人數: 5/18
[Barrier] Learner 15 到達/重返, 等待人數: 6/18
[Barrier] Learner 6 到達/重返, 等待人數: 7/18
[Barrier] Learner 13 到達/重返, 等待人數: 8/18
[Barrier] Learner 11 到達/重返, 等待人數: 9/18
[Barrier] Learner 9 到達/重返, 等待人數: 10/18
[Barrier] Learner 12 到達/重返, 等待人數: 11/18
[Barrier] Learner 5 到達/重返, 等待人數: 12/18
[Barrier] Learner 4 到達/重返, 等待人數: 13/18
[Barrier] Learner 3 到達/重返, 等待人數: 14/18
[Table] MQ/CE SAT 填 hash=0xc7a0edf8ab89e1de
[Table] MQ/CE SAT 填 hash=0x26154541f4a2242a
[Table] MQ/CE SAT 填 hash=0x12d3076fa46cfe5e
[Table] MQ/CE SAT 填 hash=0x928f20a08080880e
[Table] MQ/CE SAT 填 hash=0xcb77eecfa034f64
[Table] MQ/CE SAT 填 hash=0xed39fab427fb701e
[Table] MQ/CE SAT 填 hash=0xddc13a177963a48e
[Barrier] Learner 14 到達/重返, 等待人數: 15/18
[Table] MQ/CE SAT 填 hash=0x57e99863f2e66be4
[Table] MQ/CE SAT 填 hash=0x145af6e89a4740fe
[Table] MQ/CE SAT 填 hash=0xccee254616022334
[Barrier] Learner 16 到達/重返, 等待人數: 16/18
[Table] MQ/CE SAT 填 hash=0x402f3ffdedd2a371
[Barrier] Learner 0 到達/重返, 等待人數: 17/18
[Table] MQ/CE SAT 填 hash=0x5d7d534855772e3e
[Table] MQ/CE SAT 填 hash=0xa8af6cbf4e5a4abe
[Table] MQ/CE SAT 填 hash=0x83166003d1e8bc7e
[Barrier] Learner 2 到達/重返, 等待人數: 18/18
[Global EQ] 啟動 Leader SAT 尋找反例
[Barrier] Learner 2 到達/重返, 等待人數: 1/18
[Barrier] Learner 3 到達/重返, 等待人數: 2/18
[Barrier] Learner 15 到達/重返, 等待人數: 3/18
[Barrier] Learner 8 到達/重返, 等待人數: 4/18
[Barrier] Learner 5 到達/重返, 等待人數: 5/18
[Barrier] Learner 10 到達/重返, 等待人數: 6/18
[Barrier] Learner 1 到達/重返, 等待人數: 7/18
[Barrier] Learner 14 到達/重返, 等待人數: 8/18
[Barrier] Learner 6 到達/重返, 等待人數: 9/18
[Barrier] Learner 12 到達/重返, 等待人數: 10/18
[Barrier] Learner 9 到達/重返, 等待人數: 11/18
[Barrier] Learner 0 到達/重返, 等待人數: 12/18
[Barrier] Learner 16 到達/重返, 等待人數: 13/18
[Barrier] Learner 13 到達/重返, 等待人數: 14/18
[Barrier] Learner 17 到達/重返, 等待人數: 15/18
[Barrier] Learner 7 到達/重返, 等待人數: 16/18
[Barrier] Learner 11 到達/重返, 等待人數: 17/18
[Barrier] Learner 4 到達/重返, 等待人數: 18/18
[Global EQ] 啟動 Leader SAT 尋找反例
[Barrier] Learner 4 到達/重返, 等待人數: 1/18
[Barrier] Learner 0 到達/重返, 等待人數: 2/18
[Barrier] Learner 3 到達/重返, 等待人數: 3/18
[Barrier] Learner 16 到達/重返, 等待人數: 4/18
[Barrier] Learner 13 到達/重返, 等待人數: 5/18
[Barrier] Learner 5 到達/重返, 等待人數: 6/18
[Barrier] Learner 10 到達/重返, 等待人數: 7/18
[Barrier] Learner 2 到達/重返, 等待人數: 8/18
[Barrier] Learner 8 到達/重返, 等待人數: 9/18
[Barrier] Learner 14 到達/重返, 等待人數: 10/18
[Barrier] Learner 17 到達/重返, 等待人數: 11/18
[Barrier] Learner 12 到達/重返, 等待人數: 12/18
[Barrier] Learner 15 到達/重返, 等待人數: 13/18
[Barrier] Learner 11 到達/重返, 等待人數: 14/18
[Barrier] Learner 7 到達/重返, 等待人數: 15/18
[Barrier] Learner 1 到達/重返, 等待人數: 16/18
[Barrier] Learner 9 到達/重返, 等待人數: 17/18
[Barrier] Learner 6 到達/重返, 等待人數: 18/18
[Global EQ] 啟動 Leader SAT 尋找反例
[Barrier] Learner 5 到達/重返, 等待人數: 1/18
[Barrier] Learner 14 到達/重返, 等待人數: 2/18
[Barrier] Learner 11 到達/重返, 等待人數: 3/18
[Barrier] Learner 17 到達/重返, 等待人數: 4/18
[Barrier] Learner 16 到達/重返, 等待人數: 5/18
[Barrier] Learner 4 到達/重返, 等待人數: 6/18
[Barrier] Learner 7 到達/重返, 等待人數: 7/18
[Barrier] Learner 10 到達/重返, 等待人數: 8/18
[Barrier] Learner 6 到達/重返, 等待人數: 9/18
[Barrier] Learner 8 到達/重返, 等待人數: 10/18
[Barrier] Learner 2 到達/重返, 等待人數: 11/18
[Barrier] Learner 15 到達/重返, 等待人數: 12/18
[Barrier] Learner 9 到達/重返, 等待人數: 13/18
[Barrier] Learner 12 到達/重返, 等待人數: 14/18
[Table] MQ/CE SAT 填 hash=0xe0feb44da628b6a4
[Table] MQ/CE SAT 填 hash=0x76db199d50160304
[Table] MQ/CE SAT 填 hash=0xabece6f57b1f5cd4
[Table] MQ/CE SAT 填 hash=0xf71f006c74027954
[Table] MQ/CE SAT 填 hash=0x441f8cf35ad85978
[Table] MQ/CE SAT 填 hash=0x79315a4b85e1b348
[Table] MQ/CE SAT 填 hash=0x2db8bd3d94e615c4
[Barrier] Learner 3 到達/重返, 等待人數: 15/18
[Barrier] Learner 1 到達/重返, 等待人數: 16/18
[Table] MQ/CE SAT 填 hash=0x8f51a66a53bb75f8
[Barrier] Learner 13 到達/重返, 等待人數: 17/18
[Barrier] Learner 0 到達/重返, 等待人數: 18/18
[Global EQ] 啟動 Leader SAT 尋找反例
[Barrier] Learner 0 到達/重返, 等待人數: 1/18
[Barrier] Learner 12 到達/重返, 等待人數: 2/18
[Barrier] Learner 15 到達/重返, 等待人數: 3/18
[Barrier] Learner 8 到達/重返, 等待人數: 4/18
[Barrier] Learner 4 到達/重返, 等待人數: 5/18
[Barrier] Learner 10 到達/重返, 等待人數: 6/18
[Barrier] Learner 14 到達/重返, 等待人數: 7/18
[Barrier] Learner 17 到達/重返, 等待人數: 8/18
[Barrier] Learner 13 到達/重返, 等待人數: 9/18
[Barrier] Learner 7 到達/重返, 等待人數: 10/18
[Barrier] Learner 5 到達/重返, 等待人數: 11/18
[Barrier] Learner 11 到達/重返, 等待人數: 12/18
[Barrier] Learner 16 到達/重返, 等待人數: 13/18
[Barrier] Learner 6 到達/重返, 等待人數: 14/18
[Barrier] Learner 1 到達/重返, 等待人數: 15/18
[Barrier] Learner 3 到達/重返, 等待人數: 16/18
[Barrier] Learner 2 到達/重返, 等待人數: 17/18
[Table] MQ/CE SAT 填 hash=0xed2c1347139b0881
[Table] MQ/CE SAT 填 hash=0xf4fd2686f4ef86f1
[Barrier] Learner 9 到達/重返, 等待人數: 18/18
[Global EQ] 啟動 Leader SAT 尋找反例
[Barrier] Learner 17 到達/重返, 等待人數: 1/18
[Barrier] Learner 16 到達/重返, 等待人數: 2/18
[Barrier] Learner 10 到達/重返, 等待人數: 3/18
[Barrier] Learner 8 到達/重返, 等待人數: 4/18
[Barrier] Learner 13 到達/重返, 等待人數: 5/18
[Barrier] Learner 3 到達/重返, 等待人數: 6/18
[Barrier] Learner 6 到達/重返, 等待人數: 7/18
[Barrier] Learner 4 到達/重返, 等待人數: 8/18
[Barrier] Learner 14 到達/重返, 等待人數: 9/18
[Barrier] Learner 0 到達/重返, 等待人數: 10/18
[Barrier] Learner 15 到達/重返, 等待人數: 11/18
[Barrier] Learner 11 到達/重返, 等待人數: 12/18
[Barrier] Learner 5 到達/重返, 等待人數: 13/18
[Barrier] Learner 7 到達/重返, 等待人數: 14/18
[Barrier] Learner 2 到達/重返, 等待人數: 15/18
[Barrier] Learner 12 到達/重返, 等待人數: 16/18
[Barrier] Learner 1 到達/重返, 等待人數: 17/18
[Table] MQ/CE SAT 填 hash=0x81bc0bcf1d1f06b4
[Barrier] Learner 9 到達/重返, 等待人數: 18/18
[Global EQ] 啟動 Leader SAT 尋找反例
[Barrier] Learner 15 到達/重返, 等待人數: 1/18
[Barrier] Learner 14 到達/重返, 等待人數: 2/18
[Barrier] Learner 13 到達/重返, 等待人數: 3/18
[Barrier] Learner 6 到達/重返, 等待人數: 4/18
[Barrier] Learner 17 到達/重返, 等待人數: 5/18
[Barrier] Learner 2 到達/重返, 等待人數: 6/18
[Barrier] Learner 0 到達/重返, 等待人數: 7/18
[Barrier] Learner 5 到達/重返, 等待人數: 8/18
[Barrier] Learner 3 到達/重返, 等待人數: 9/18
[Barrier] Learner 7 到達/重返, 等待人數: 10/18
[Barrier] Learner 12 到達/重返, 等待人數: 11/18
[Barrier] Learner 9 到達/重返, 等待人數: 12/18
[Barrier] Learner 8 到達/重返, 等待人數: 13/18
[Barrier] Learner 10 到達/重返, 等待人數: 14/18
[Barrier] Learner 4 到達/重返, 等待人數: 15/18
[Barrier] Learner 16 到達/重返, 等待人數: 16/18
[Barrier] Learner 1 到達/重返, 等待人數: 17/18
[Barrier] Learner 11 到達/重返, 等待人數: 18/18
[Global EQ] 啟動 Leader SAT 尋找反例
[Barrier] Learner 17 到達/重返, 等待人數: 1/18
[Barrier] Learner 15 到達/重返, 等待人數: 2/18
[Barrier] Learner 11 到達/重返, 等待人數: 3/18
[Barrier] Learner 10 到達/重返, 等待人數: 4/18
[Barrier] Learner 8 到達/重返, 等待人數: 5/18
[Barrier] Learner 7 到達/重返, 等待人數: 6/18
[Barrier] Learner 5 到達/重返, 等待人數: 7/18
[Barrier] Learner 12 到達/重返, 等待人數: 8/18
[Barrier] Learner 0 到達/重返, 等待人數: 9/18
[Barrier] Learner 13 到達/重返, 等待人數: 10/18
[Barrier] Learner 6 到達/重返, 等待人數: 11/18
[Barrier] Learner 1 到達/重返, 等待人數: 12/18
[Barrier] Learner 3 到達/重返, 等待人數: 13/18
[Barrier] Learner 2 到達/重返, 等待人數: 14/18
[Barrier] Learner 14 到達/重返, 等待人數: 15/18
[Barrier] Learner 16 到達/重返, 等待人數: 16/18
[Barrier] Learner 4 到達/重返, 等待人數: 17/18
[Table] MQ/CE SAT 填 hash=0x8af9e0761dad0398
[Barrier] Learner 9 到達/重返, 等待人數: 18/18
[Global EQ] 啟動 Leader SAT 尋找反例
[Barrier] Learner 9 到達/重返, 等待人數: 1/18
[Barrier] Learner 16 到達/重返, 等待人數: 2/18
[Barrier] Learner 4 到達/重返, 等待人數: 3/18
[Barrier] Learner 10 到達/重返, 等待人數: 4/18
[Barrier] Learner 5 到達/重返, 等待人數: 5/18
[Barrier] Learner 15 到達/重返, 等待人數: 6/18
[Barrier] Learner 17 到達/重返, 等待人數: 7/18
[Barrier] Learner 11 到達/重返, 等待人數: 8/18
[Barrier] Learner 0 到達/重返, 等待人數: 9/18
[Barrier] Learner 2 到達/重返, 等待人數: 10/18
[Barrier] Learner 13 到達/重返, 等待人數: 11/18
[Barrier] Learner 6 到達/重返, 等待人數: 12/18
[Barrier] Learner 14 到達/重返, 等待人數: 13/18
[Barrier] Learner 8 到達/重返, 等待人數: 14/18
[Barrier] Learner 1 到達/重返, 等待人數: 15/18
[Barrier] Learner 12 到達/重返, 等待人數: 16/18
[Barrier] Learner 7 到達/重返, 等待人數: 17/18
[Barrier] Learner 3 到達/重返, 等待人數: 18/18
[Global EQ] 啟動 Leader SAT 尋找反例
[Barrier] Learner 3 到達/重返, 等待人數: 1/18
[Barrier] Learner 12 到達/重返, 等待人數: 2/18
[Barrier] Learner 13 到達/重返, 等待人數: 3/18
[Barrier] Learner 1 到達/重返, 等待人數: 4/18
[Barrier] Learner 16 到達/重返, 等待人數: 5/18
[Barrier] Learner 2 到達/重返, 等待人數: 6/18
[Barrier] Learner 14 到達/重返, 等待人數: 7/18
[Barrier] Learner 11 到達/重返, 等待人數: 8/18
[Barrier] Learner 5 到達/重返, 等待人數: 9/18
[Barrier] Learner 8 到達/重返, 等待人數: 10/18
[Barrier] Learner 6 到達/重返, 等待人數: 11/18
[Barrier] Learner 0 到達/重返, 等待人數: 12/18
[Barrier] Learner 10 到達/重返, 等待人數: 13/18
[Barrier] Learner 7 到達/重返, 等待人數: 14/18
[Barrier] Learner 17 到達/重返, 等待人數: 15/18
[Barrier] Learner 4 到達/重返, 等待人數: 16/18
[Barrier] Learner 9 到達/重返, 等待人數: 17/18
[Barrier] Learner 15 到達/重返, 等待人數: 18/18
[Global EQ] 啟動 Leader SAT 尋找反例
[Barrier] Learner 2 到達/重返, 等待人數: 1/18
[Barrier] Learner 15 到達/重返, 等待人數: 2/18
[Barrier] Learner 17 到達/重返, 等待人數: 3/18
[Barrier] Learner 9 到達/重返, 等待人數: 4/18
[Barrier] Learner 7 到達/重返, 等待人數: 5/18
[Barrier] Learner 12 到達/重返, 等待人數: 6/18
[Barrier] Learner 11 到達/重返, 等待人數: 7/18
[Barrier] Learner 1 到達/重返, 等待人數: 8/18
[Barrier] Learner 16 到達/重返, 等待人數: 9/18
[Barrier] Learner 0 到達/重返, 等待人數: 10/18
[Barrier] Learner 3 到達/重返, 等待人數: 11/18
[Barrier] Learner 13 到達/重返, 等待人數: 12/18
[Barrier] Learner 14 到達/重返, 等待人數: 13/18
[Barrier] Learner 4 到達/重返, 等待人數: 14/18
[Barrier] Learner 6 到達/重返, 等待人數: 15/18
[Table] MQ/CE SAT 填 hash=0x6ca3276e2ca384e
[Table] MQ/CE SAT 填 hash=0x9ca697c68cb784ae
[Table] MQ/CE SAT 填 hash=0x8348d1719218afe8
[Table] MQ/CE SAT 填 hash=0xcf62247081f52e3a
[Table] MQ/CE SAT 填 hash=0x3816b7fa99359368
[Table] MQ/CE SAT 填 hash=0x84300af9891211ba
[Table] MQ/CE SAT 填 hash=0x63e2f776df1f028
[Table] MQ/CE SAT 填 hash=0x525782765dce6e7a
[Table] MQ/CE SAT 填 hash=0x3a2cf0322380ee2c
[Table] MQ/CE SAT 填 hash=0x20cf29dd28e21966
[Barrier] Learner 5 到達/重返, 等待人數: 16/18
[Barrier] Learner 10 到達/重返, 等待人數: 17/18
[Barrier] Learner 8 到達/重返, 等待人數: 18/18
[Global EQ] 啟動 Leader SAT 尋找反例
[Barrier] Learner 8 到達/重返, 等待人數: 1/18
[Barrier] Learner 1 到達/重返, 等待人數: 2/18
[Barrier] Learner 5 到達/重返, 等待人數: 3/18
[Barrier] Learner 6 到達/重返, 等待人數: 4/18
[Barrier] Learner 2 到達/重返, 等待人數: 5/18
[Barrier] Learner 10 到達/重返, 等待人數: 6/18
[Barrier] Learner 14 到達/重返, 等待人數: 7/18
[Barrier] Learner 4 到達/重返, 等待人數: 8/18
[Barrier] Learner 12 到達/重返, 等待人數: 9/18
[Barrier] Learner 11 到達/重返, 等待人數: 10/18
[Barrier] Learner 0 到達/重返, 等待人數: 11/18
[Barrier] Learner 3 到達/重返, 等待人數: 12/18
[Barrier] Learner 16 到達/重返, 等待人數: 13/18
[Barrier] Learner 7 到達/重返, 等待人數: 14/18
[Barrier] Learner 9 到達/重返, 等待人數: 15/18
[Barrier] Learner 15 到達/重返, 等待人數: 16/18
[Barrier] Learner 17 到達/重返, 等待人數: 17/18
[Table] MQ/CE SAT 填 hash=0xb45c6a673bbbec14
[Table] MQ/CE SAT 填 hash=0xe96e37bf66c545e4
[Table] MQ/CE SAT 填 hash=0xb6b2ab1571879c58
[Barrier] Learner 13 到達/重返, 等待人數: 18/18
[Global EQ] 啟動 Leader SAT 尋找反例
[Barrier] Learner 13 到達/重返, 等待人數: 1/18
[Barrier] Learner 3 到達/重返, 等待人數: 2/18
[Barrier] Learner 5 到達/重返, 等待人數: 3/18
[Barrier] Learner 14 到達/重返, 等待人數: 4/18
[Barrier] Learner 4 到達/重返, 等待人數: 5/18
[Barrier] Learner 1 到達/重返, 等待人數: 6/18
[Barrier] Learner 2 到達/重返, 等待人數: 7/18
[Barrier] Learner 15 到達/重返, 等待人數: 8/18
[Barrier] Learner 6 到達/重返, 等待人數: 9/18
[Barrier] Learner 17 到達/重返, 等待人數: 10/18
[Barrier] Learner 11 到達/重返, 等待人數: 11/18
[Barrier] Learner 10 到達/重返, 等待人數: 12/18
[Barrier] Learner 12 到達/重返, 等待人數: 13/18
[Barrier] Learner 7 到達/重返, 等待人數: 14/18
[Barrier] Learner 0 到達/重返, 等待人數: 15/18
[Barrier] Learner 16 到達/重返, 等待人數: 16/18
[Barrier] Learner 8 到達/重返, 等待人數: 17/18
[Barrier] Learner 9 到達/重返, 等待人數: 18/18
[Global EQ] 啟動 Leader SAT 尋找反例
[Barrier] Learner 2 到達/重返, 等待人數: 1/18
[Barrier] Learner 17 到達/重返, 等待人數: 2/18
[Barrier] Learner 0 到達/重返, 等待人數: 3/18
[Barrier] Learner 3 到達/重返, 等待人數: 4/18
[Barrier] Learner 16 到達/重返, 等待人數: 5/18
[Barrier] Learner 12 到達/重返, 等待人數: 6/18
[Barrier] Learner 4 到達/重返, 等待人數: 7/18
[Barrier] Learner 13 到達/重返, 等待人數: 8/18
[Barrier] Learner 14 到達/重返, 等待人數: 9/18
[Barrier] Learner 1 到達/重返, 等待人數: 10/18
[Barrier] Learner 11 到達/重返, 等待人數: 11/18
[Barrier] Learner 10 到達/重返, 等待人數: 12/18
[Barrier] Learner 6 到達/重返, 等待人數: 13/18
[Barrier] Learner 15 到達/重返, 等待人數: 14/18
[Barrier] Learner 5 到達/重返, 等待人數: 15/18
[Barrier] Learner 7 到達/重返, 等待人數: 16/18
[Barrier] Learner 8 到達/重返, 等待人數: 17/18
[Table] MQ/CE SAT 填 hash=0xf8a6efe569dcbbf4
[Table] MQ/CE SAT 填 hash=0xfafd30939fa86c38
[Barrier] Learner 9 到達/重返, 等待人數: 18/18
[Global EQ] 啟動 Leader SAT 尋找反例
[Barrier] Learner 13 到達/重返, 等待人數: 1/18
[Barrier] Learner 7 到達/重返, 等待人數: 2/18
[Barrier] Learner 8 到達/重返, 等待人數: 3/18
[Barrier] Learner 16 到達/重返, 等待人數: 4/18
[Barrier] Learner 0 到達/重返, 等待人數: 5/18
[Barrier] Learner 5 到達/重返, 等待人數: 6/18
[Barrier] Learner 4 到達/重返, 等待人數: 7/18
[Barrier] Learner 14 到達/重返, 等待人數: 8/18
[Barrier] Learner 1 到達/重返, 等待人數: 9/18
[Barrier] Learner 11 到達/重返, 等待人數: 10/18
[Barrier] Learner 9 到達/重返, 等待人數: 11/18
[Barrier] Learner 10 到達/重返, 等待人數: 12/18
[Barrier] Learner 12 到達/重返, 等待人數: 13/18
[Barrier] Learner 6 到達/重返, 等待人數: 14/18
[Barrier] Learner 2 到達/重返, 等待人數: 15/18
[Barrier] Learner 3 到達/重返, 等待人數: 16/18
[Table] MQ/CE SAT 填 hash=0x14ada1fe1320915
[Table] MQ/CE SAT 填 hash=0x3f5ea9098e4865cf
[Table] MQ/CE SAT 填 hash=0x9417607d9f6ad035
[Table] MQ/CE SAT 填 hash=0x128dd86b50bd3cc3
[Table] MQ/CE SAT 填 hash=0x1f4e564cd1c00d58
[Barrier] Learner 17 到達/重返, 等待人數: 17/18
[Table] MQ/CE SAT 填 hash=0x543d89465e6066e3
[Table] MQ/CE SAT 填 hash=0xb2db4672bb89da7f
[Table] MQ/CE SAT 填 hash=0x801fb9c8c64c30f3
[Table] MQ/CE SAT 填 hash=0x5a86ad0d49daa2b3
[Barrier] Learner 15 到達/重返, 等待人數: 18/18
[Global EQ] 啟動 Leader SAT 尋找反例
[Barrier] Learner 15 到達/重返, 等待人數: 1/18
[Barrier] Learner 0 到達/重返, 等待人數: 2/18
[Barrier] Learner 5 到達/重返, 等待人數: 3/18
[Barrier] Learner 4 到達/重返, 等待人數: 4/18
[Barrier] Learner 7 到達/重返, 等待人數: 5/18
[Barrier] Learner 3 到達/重返, 等待人數: 6/18
[Barrier] Learner 9 到達/重返, 等待人數: 7/18
[Barrier] Learner 2 到達/重返, 等待人數: 8/18
[Barrier] Learner 14 到達/重返, 等待人數: 9/18
[Barrier] Learner 1 到達/重返, 等待人數: 10/18
[Barrier] Learner 12 到達/重返, 等待人數: 11/18
[Barrier] Learner 17 到達/重返, 等待人數: 12/18
[Barrier] Learner 11 到達/重返, 等待人數: 13/18
[Barrier] Learner 13 到達/重返, 等待人數: 14/18
[Barrier] Learner 8 到達/重返, 等待人數: 15/18
[Barrier] Learner 6 到達/重返, 等待人數: 16/18
[Barrier] Learner 10 到達/重返, 等待人數: 17/18
[Barrier] Learner 16 到達/重返, 等待人數: 18/18
[Global EQ] 啟動 Leader SAT 尋找反例
[Barrier] Learner 3 到達/重返, 等待人數: 1/18
[Barrier] Learner 16 到達/重返, 等待人數: 2/18
[Barrier] Learner 11 到達/重返, 等待人數: 3/18
[Barrier] Learner 8 到達/重返, 等待人數: 4/18
[Barrier] Learner 13 到達/重返, 等待人數: 5/18
[Barrier] Learner 15 到達/重返, 等待人數: 6/18
[Barrier] Learner 5 到達/重返, 等待人數: 7/18
[Barrier] Learner 0 到達/重返, 等待人數: 8/18
[Barrier] Learner 1 到達/重返, 等待人數: 9/18
[Barrier] Learner 17 到達/重返, 等待人數: 10/18
[Barrier] Learner 14 到達/重返, 等待人數: 11/18
[Barrier] Learner 9 到達/重返, 等待人數: 12/18
[Barrier] Learner 4 到達/重返, 等待人數: 13/18
[Barrier] Learner 2 到達/重返, 等待人數: 14/18
[Barrier] Learner 12 到達/重返, 等待人數: 15/18
[Barrier] Learner 6 到達/重返, 等待人數: 16/18
[Barrier] Learner 10 到達/重返, 等待人數: 17/18
[Barrier] Learner 7 到達/重返, 等待人數: 18/18
[Global EQ] 啟動 Leader SAT 尋找反例
[Barrier] Learner 7 到達/重返, 等待人數: 1/18
[Barrier] Learner 10 到達/重返, 等待人數: 2/18
[Barrier] Learner 9 到達/重返, 等待人數: 3/18
[Barrier] Learner 16 到達/重返, 等待人數: 4/18
[Barrier] Learner 4 到達/重返, 等待人數: 5/18
[Barrier] Learner 6 到達/重返, 等待人數: 6/18
[Barrier] Learner 12 到達/重返, 等待人數: 7/18
[Barrier] Learner 13 到達/重返, 等待人數: 8/18
[Barrier] Learner 1 到達/重返, 等待人數: 9/18
[Barrier] Learner 0 到達/重返, 等待人數: 10/18
[Barrier] Learner 2 到達/重返, 等待人數: 11/18
[Barrier] Learner 3 到達/重返, 等待人數: 12/18
[Barrier] Learner 8 到達/重返, 等待人數: 13/18
[Barrier] Learner 5 到達/重返, 等待人數: 14/18
[Barrier] Learner 14 到達/重返, 等待人數: 15/18
[Barrier] Learner 15 到達/重返, 等待人數: 16/18
[Barrier] Learner 11 到達/重返, 等待人數: 17/18
[Barrier] Learner 17 到達/重返, 等待人數: 18/18
[Global EQ] 啟動 Leader SAT 尋找反例
[Table] MQ/CE SAT 填 hash=0xdae1367005363d33
[Barrier] Learner 17 到達/重返, 等待人數: 1/18
[Barrier] Learner 0 到達/重返, 等待人數: 2/18
[Barrier] Learner 12 到達/重返, 等待人數: 3/18
[Barrier] Learner 2 到達/重返, 等待人數: 4/18
[Barrier] Learner 5 到達/重返, 等待人數: 5/18
[Barrier] Learner 8 到達/重返, 等待人數: 6/18
[Barrier] Learner 10 到達/重返, 等待人數: 7/18
[Barrier] Learner 16 到達/重返, 等待人數: 8/18
[Barrier] Learner 3 到達/重返, 等待人數: 9/18
[Barrier] Learner 9 到達/重返, 等待人數: 10/18
[Barrier] Learner 7 到達/重返, 等待人數: 11/18
[Barrier] Learner 1 到達/重返, 等待人數: 12/18
[Barrier] Learner 4 到達/重返, 等待人數: 13/18
[Barrier] Learner 6 到達/重返, 等待人數: 14/18
[Barrier] Learner 15 到達/重返, 等待人數: 15/18
[Barrier] Learner 11 到達/重返, 等待人數: 16/18
[Barrier] Learner 14 到達/重返, 等待人數: 17/18
[Table] MQ/CE SAT 填 hash=0x836fa1315d810bb3
[Table] MQ/CE SAT 填 hash=0x57b6d69209a672f3
[Barrier] Learner 13 到達/重返, 等待人數: 18/18
[Global EQ] 啟動 Leader SAT 尋找反例
[Barrier] Learner 5 到達/重返, 等待人數: 1/18
[Barrier] Learner 16 到達/重返, 等待人數: 2/18
[Barrier] Learner 15 到達/重返, 等待人數: 3/18
[Barrier] Learner 1 到達/重返, 等待人數: 4/18
[Barrier] Learner 12 到達/重返, 等待人數: 5/18
[Barrier] Learner 10 到達/重返, 等待人數: 6/18
[Barrier] Learner 4 到達/重返, 等待人數: 7/18
[Barrier] Learner 7 到達/重返, 等待人數: 8/18
[Barrier] Learner 6 到達/重返, 等待人數: 9/18
[Barrier] Learner 0 到達/重返, 等待人數: 10/18
[Barrier] Learner 8 到達/重返, 等待人數: 11/18
[Barrier] Learner 11 到達/重返, 等待人數: 12/18
[Barrier] Learner 17 到達/重返, 等待人數: 13/18
[Barrier] Learner 2 到達/重返, 等待人數: 14/18
[Barrier] Learner 9 到達/重返, 等待人數: 15/18
[Barrier] Learner 14 到達/重返, 等待人數: 16/18
[Barrier] Learner 13 到達/重返, 等待人數: 17/18
[Barrier] Learner 3 到達/重返, 等待人數: 18/18
[Global EQ] 啟動 Leader SAT 尋找反例
[Barrier] Learner 16 到達/重返, 等待人數: 1/18
[Barrier] Learner 7 到達/重返, 等待人數: 2/18
[Barrier] Learner 17 到達/重返, 等待人數: 3/18
[Barrier] Learner 11 到達/重返, 等待人數: 4/18
[Barrier] Learner 6 到達/重返, 等待人數: 5/18
[Barrier] Learner 8 到達/重返, 等待人數: 6/18
[Barrier] Learner 5 到達/重返, 等待人數: 7/18
[Barrier] Learner 14 到達/重返, 等待人數: 8/18
[Barrier] Learner 0 到達/重返, 等待人數: 9/18
[Barrier] Learner 10 到達/重返, 等待人數: 10/18
[Barrier] Learner 2 到達/重返, 等待人數: 11/18
[Barrier] Learner 4 到達/重返, 等待人數: 12/18
[Barrier] Learner 12 到達/重返, 等待人數: 13/18
[Barrier] Learner 15 到達/重返, 等待人數: 14/18
[Barrier] Learner 9 到達/重返, 等待人數: 15/18
[Table] MQ/CE SAT 填 hash=0x6429142ba1b880e4
[Table] MQ/CE SAT 填 hash=0x2f1746d376af2714
[Barrier] Learner 3 到達/重返, 等待人數: 16/18
[Barrier] Learner 1 到達/重返, 等待人數: 17/18
[Barrier] Learner 13 到達/重返, 等待人數: 18/18
[Global EQ] 啟動 Leader SAT 尋找反例
[Barrier] Learner 7 到達/重返, 等待人數: 1/18
[Barrier] Learner 4 到達/重返, 等待人數: 2/18
[Barrier] Learner 6 到達/重返, 等待人數: 3/18
[Barrier] Learner 11 到達/重返, 等待人數: 4/18
[Barrier] Learner 0 到達/重返, 等待人數: 5/18
[Barrier] Learner 2 到達/重返, 等待人數: 6/18
[Barrier] Learner 5 到達/重返, 等待人數: 7/18
[Barrier] Learner 16 到達/重返, 等待人數: 8/18
[Barrier] Learner 8 到達/重返, 等待人數: 9/18
[Barrier] Learner 1 到達/重返, 等待人數: 10/18
[Barrier] Learner 17 到達/重返, 等待人數: 11/18
[Barrier] Learner 14 到達/重返, 等待人數: 12/18
[Barrier] Learner 10 到達/重返, 等待人數: 13/18
[Barrier] Learner 9 到達/重返, 等待人數: 14/18
[Barrier] Learner 3 到達/重返, 等待人數: 15/18
[Barrier] Learner 12 到達/重返, 等待人數: 16/18
[Barrier] Learner 15 到達/重返, 等待人數: 17/18
[Barrier] Learner 13 到達/重返, 等待人數: 18/18
[Global EQ] 啟動 Leader SAT 尋找反例
[Barrier] Learner 11 到達/重返, 等待人數: 1/18
[Barrier] Learner 9 到達/重返, 等待人數: 2/18
[Barrier] Learner 13 到達/重返, 等待人數: 3/18
[Barrier] Learner 8 到達/重返, 等待人數: 4/18
[Barrier] Learner 16 到達/重返, 等待人數: 5/18
[Barrier] Learner 0 到達/重返, 等待人數: 6/18
[Barrier] Learner 1 到達/重返, 等待人數: 7/18
[Barrier] Learner 12 到達/重返, 等待人數: 8/18
[Barrier] Learner 4 到達/重返, 等待人數: 9/18
[Barrier] Learner 15 到達/重返, 等待人數: 10/18
[Barrier] Learner 14 到達/重返, 等待人數: 11/18
[Barrier] Learner 17 到達/重返, 等待人數: 12/18
[Barrier] Learner 2 到達/重返, 等待人數: 13/18
[Barrier] Learner 5 到達/重返, 等待人數: 14/18
[Barrier] Learner 7 到達/重返, 等待人數: 15/18
[Barrier] Learner 3 到達/重返, 等待人數: 16/18
[Barrier] Learner 10 到達/重返, 等待人數: 17/18
[Barrier] Learner 6 到達/重返, 等待人數: 18/18
[Global EQ] 啟動 Leader SAT 尋找反例
[Table] MQ/CE SAT 填 hash=0xd80e83c5d275c273
[Barrier] Learner 6 到達/重返, 等待人數: 1/18
[Barrier] Learner 7 到達/重返, 等待人數: 2/18
[Barrier] Learner 14 到達/重返, 等待人數: 3/18
[Barrier] Learner 8 到達/重返, 等待人數: 4/18
[Barrier] Learner 11 到達/重返, 等待人數: 5/18
[Barrier] Learner 10 到達/重返, 等待人數: 6/18
[Barrier] Learner 16 到達/重返, 等待人數: 7/18
[Barrier] Learner 0 到達/重返, 等待人數: 8/18
[Barrier] Learner 1 到達/重返, 等待人數: 9/18
[Barrier] Learner 4 到達/重返, 等待人數: 10/18
[Barrier] Learner 5 到達/重返, 等待人數: 11/18
[Barrier] Learner 12 到達/重返, 等待人數: 12/18
[Barrier] Learner 17 到達/重返, 等待人數: 13/18
[Barrier] Learner 9 到達/重返, 等待人數: 14/18
[Barrier] Learner 3 到達/重返, 等待人數: 15/18
[Barrier] Learner 2 到達/重返, 等待人數: 16/18
[Barrier] Learner 15 到達/重返, 等待人數: 17/18
[Table] MQ/CE SAT 填 hash=0x809cee872ac090f3
[Table] MQ/CE SAT 填 hash=0xb5aebbdf55c9eac3
[Table] MQ/CE SAT 填 hash=0xe86a48894b07944f
[Table] MQ/CE SAT 填 hash=0xba6b64af0c3843f7
[Table] MQ/CE SAT 填 hash=0xe5aecdbef8e5bb7
[Barrier] Learner 13 到達/重返, 等待人數: 18/18
[Global EQ] 啟動 Leader SAT 尋找反例
[Barrier] Learner 10 到達/重返, 等待人數: 1/18
[Barrier] Learner 15 到達/重返, 等待人數: 2/18
[Barrier] Learner 5 到達/重返, 等待人數: 3/18
[Barrier] Learner 9 到達/重返, 等待人數: 4/18
[Barrier] Learner 12 到達/重返, 等待人數: 5/18
[Barrier] Learner 17 到達/重返, 等待人數: 6/18
[Barrier] Learner 4 到達/重返, 等待人數: 7/18
[Barrier] Learner 3 到達/重返, 等待人數: 8/18
[Barrier] Learner 16 到達/重返, 等待人數: 9/18
[Barrier] Learner 7 到達/重返, 等待人數: 10/18
[Barrier] Learner 6 到達/重返, 等待人數: 11/18
[Barrier] Learner 0 到達/重返, 等待人數: 12/18
[Barrier] Learner 2 到達/重返, 等待人數: 13/18
[Barrier] Learner 14 到達/重返, 等待人數: 14/18
[Barrier] Learner 11 到達/重返, 等待人數: 15/18
[Barrier] Learner 8 到達/重返, 等待人數: 16/18
[Barrier] Learner 1 到達/重返, 等待人數: 17/18
[Table] MQ/CE SAT 填 hash=0xd9fbf24304c5a5d8
[Barrier] Learner 13 到達/重返, 等待人數: 18/18
[Global EQ] 啟動 Leader SAT 尋找反例
[Barrier] Learner 6 到達/重返, 等待人數: 1/18
[Barrier] Learner 1 到達/重返, 等待人數: 2/18
[Barrier] Learner 17 到達/重返, 等待人數: 3/18
[Barrier] Learner 7 到達/重返, 等待人數: 4/18
[Barrier] Learner 2 到達/重返, 等待人數: 5/18
[Barrier] Learner 9 到達/重返, 等待人數: 6/18
[Barrier] Learner 16 到達/重返, 等待人數: 7/18
[Barrier] Learner 11 到達/重返, 等待人數: 8/18
[Barrier] Learner 4 到達/重返, 等待人數: 9/18
[Barrier] Learner 15 到達/重返, 等待人數: 10/18
[Barrier] Learner 14 到達/重返, 等待人數: 11/18
[Barrier] Learner 12 到達/重返, 等待人數: 12/18
[Barrier] Learner 0 到達/重返, 等待人數: 13/18
[Barrier] Learner 8 到達/重返, 等待人數: 14/18
[Barrier] Learner 3 到達/重返, 等待人數: 15/18
[Barrier] Learner 10 到達/重返, 等待人數: 16/18
[Barrier] Learner 5 到達/重返, 等待人數: 17/18
[Barrier] Learner 13 到達/重返, 等待人數: 18/18
[Global EQ] 啟動 Leader SAT 尋找反例
[Barrier] Learner 2 到達/重返, 等待人數: 1/18
[Barrier] Learner 17 到達/重返, 等待人數: 2/18
[Barrier] Learner 7 到達/重返, 等待人數: 3/18
[Barrier] Learner 13 到達/重返, 等待人數: 4/18
[Barrier] Learner 11 到達/重返, 等待人數: 5/18
[Barrier] Learner 12 到達/重返, 等待人數: 6/18
[Barrier] Learner 16 到達/重返, 等待人數: 7/18
[Barrier] Learner 10 到達/重返, 等待人數: 8/18
[Barrier] Learner 4 到達/重返, 等待人數: 9/18
[Barrier] Learner 8 到達/重返, 等待人數: 10/18
[Barrier] Learner 5 到達/重返, 等待人數: 11/18
[Barrier] Learner 15 到達/重返, 等待人數: 12/18
[Barrier] Learner 14 到達/重返, 等待人數: 13/18
[Barrier] Learner 6 到達/重返, 等待人數: 14/18
[Barrier] Learner 1 到達/重返, 等待人數: 15/18
[Barrier] Learner 3 到達/重返, 等待人數: 16/18
[Barrier] Learner 9 到達/重返, 等待人數: 17/18
[Barrier] Learner 0 到達/重返, 等待人數: 18/18
[Global EQ] 啟動 Leader SAT 尋找反例
[Barrier] Learner 0 到達/重返, 等待人數: 1/18
[Barrier] Learner 15 到達/重返, 等待人數: 2/18
[Barrier] Learner 10 到達/重返, 等待人數: 3/18
[Barrier] Learner 16 到達/重返, 等待人數: 4/18
[Barrier] Learner 6 到達/重返, 等待人數: 5/18
[Barrier] Learner 13 到達/重返, 等待人數: 6/18
[Barrier] Learner 8 到達/重返, 等待人數: 7/18
[Barrier] Learner 2 到達/重返, 等待人數: 8/18
[Barrier] Learner 14 到達/重返, 等待人數: 9/18
[Barrier] Learner 17 到達/重返, 等待人數: 10/18
[Barrier] Learner 11 到達/重返, 等待人數: 11/18
[Barrier] Learner 5 到達/重返, 等待人數: 12/18
[Barrier] Learner 4 到達/重返, 等待人數: 13/18
[Barrier] Learner 12 到達/重返, 等待人數: 14/18
[Barrier] Learner 1 到達/重返, 等待人數: 15/18
[Table] MQ/CE SAT 填 hash=0xe3c2169f8ad8ec4d
[Table] MQ/CE SAT 填 hash=0x955282f26530bdb7
[Table] MQ/CE SAT 填 hash=0xda6913e6b3aa2b3d
[Barrier] Learner 9 到達/重返, 等待人數: 16/18
[Table] MQ/CE SAT 填 hash=0xca64504a903a1787
[Table] MQ/CE SAT 填 hash=0xf7ae13edeb3850d
[Barrier] Learner 7 到達/重返, 等待人數: 17/18
[Table] MQ/CE SAT 填 hash=0x2cbfe1461641aaa
[Table] MQ/CE SAT 填 hash=0xb799e49d6880fe2a
[Table] MQ/CE SAT 填 hash=0xbf6af7dd49d57c9a
[Table] MQ/CE SAT 填 hash=0x6b7b6fb0667f64da
[Table] MQ/CE SAT 填 hash=0xdcbf5494e975db81
[Table] MQ/CE SAT 填 hash=0xc3618e3feed706bb
[Barrier] Learner 3 到達/重返, 等待人數: 18/18
[Global EQ] 啟動 Leader SAT 尋找反例
[Barrier] Learner 2 到達/重返, 等待人數: 1/18
[Barrier] Learner 7 到達/重返, 等待人數: 2/18
[Barrier] Learner 1 到達/重返, 等待人數: 3/18
[Barrier] Learner 0 到達/重返, 等待人數: 4/18
[Barrier] Learner 16 到達/重返, 等待人數: 5/18
[Barrier] Learner 11 到達/重返, 等待人數: 6/18
[Barrier] Learner 14 到達/重返, 等待人數: 7/18
[Barrier] Learner 13 到達/重返, 等待人數: 8/18
[Barrier] Learner 6 到達/重返, 等待人數: 9/18
[Barrier] Learner 5 到達/重返, 等待人數: 10/18
[Barrier] Learner 4 到達/重返, 等待人數: 11/18
[Barrier] Learner 8 到達/重返, 等待人數: 12/18
[Barrier] Learner 15 到達/重返, 等待人數: 13/18
[Barrier] Learner 10 到達/重返, 等待人數: 14/18
[Barrier] Learner 17 到達/重返, 等待人數: 15/18
[Barrier] Learner 12 到達/重返, 等待人數: 16/18
[Barrier] Learner 9 到達/重返, 等待人數: 17/18
[Table] MQ/CE SAT 填 hash=0xc95a7c63fad7b570
[Table] MQ/CE SAT 填 hash=0x9da1b1c4a6fd1cb0
[Table] MQ/CE SAT 填 hash=0xd05d3e6e9c3ac63c
[Table] MQ/CE SAT 填 hash=0xe9bb04c396d99b02
[Table] MQ/CE SAT 填 hash=0xf669e7ee14290565
[Table] MQ/CE SAT 填 hash=0xfc54a3f9cbdb85e5
[Table] MQ/CE SAT 填 hash=0xcc0fa6e4a2177df5
[Barrier] Learner 3 到達/重返, 等待人數: 18/18
[Global EQ] 啟動 Leader SAT 尋找反例
[Barrier] Learner 8 到達/重返, 等待人數: 1/18
[Barrier] Learner 3 到達/重返, 等待人數: 2/18
[Barrier] Learner 7 到達/重返, 等待人數: 3/18
[Barrier] Learner 0 到達/重返, 等待人數: 4/18
[Barrier] Learner 1 到達/重返, 等待人數: 5/18
[Barrier] Learner 15 到達/重返, 等待人數: 6/18
[Barrier] Learner 13 到達/重返, 等待人數: 7/18
[Barrier] Learner 10 到達/重返, 等待人數: 8/18
[Barrier] Learner 12 到達/重返, 等待人數: 9/18
[Barrier] Learner 6 到達/重返, 等待人數: 10/18
[Barrier] Learner 5 到達/重返, 等待人數: 11/18
[Barrier] Learner 4 到達/重返, 等待人數: 12/18
[Barrier] Learner 14 到達/重返, 等待人數: 13/18
[Barrier] Learner 2 到達/重返, 等待人數: 14/18
[Barrier] Learner 11 到達/重返, 等待人數: 15/18
[Barrier] Learner 16 到達/重返, 等待人數: 16/18
[Barrier] Learner 9 到達/重返, 等待人數: 17/18
[Barrier] Learner 17 到達/重返, 等待人數: 18/18
[Global EQ] 啟動 Leader SAT 尋找反例
[Barrier] Learner 17 到達/重返, 等待人數: 1/18
[Barrier] Learner 4 到達/重返, 等待人數: 2/18
[Barrier] Learner 0 到達/重返, 等待人數: 3/18
[Barrier] Learner 16 到達/重返, 等待人數: 4/18
[Barrier] Learner 8 到達/重返, 等待人數: 5/18
[Barrier] Learner 14 到達/重返, 等待人數: 6/18
[Barrier] Learner 1 到達/重返, 等待人數: 7/18
[Barrier] Learner 13 到達/重返, 等待人數: 8/18
[Barrier] Learner 9 到達/重返, 等待人數: 9/18
[Barrier] Learner 7 到達/重返, 等待人數: 10/18
[Barrier] Learner 5 到達/重返, 等待人數: 11/18
[Barrier] Learner 6 到達/重返, 等待人數: 12/18
[Barrier] Learner 15 到達/重返, 等待人數: 13/18
[Barrier] Learner 2 到達/重返, 等待人數: 14/18
[Barrier] Learner 12 到達/重返, 等待人數: 15/18
[Barrier] Learner 11 到達/重返, 等待人數: 16/18
[Barrier] Learner 10 到達/重返, 等待人數: 17/18
[Barrier] Learner 3 到達/重返, 等待人數: 18/18
[Global EQ] 啟動 Leader SAT 尋找反例
[Table] MQ/CE SAT 填 hash=0x4801ac70099a3267
[Barrier] Learner 3 到達/重返, 等待人數: 1/18
[Barrier] Learner 1 到達/重返, 等待人數: 2/18
[Barrier] Learner 15 到達/重返, 等待人數: 3/18
[Barrier] Learner 8 到達/重返, 等待人數: 4/18
[Barrier] Learner 4 到達/重返, 等待人數: 5/18
[Barrier] Learner 9 到達/重返, 等待人數: 6/18
[Barrier] Learner 6 到達/重返, 等待人數: 7/18
[Barrier] Learner 11 到達/重返, 等待人數: 8/18
[Barrier] Learner 2 到達/重返, 等待人數: 9/18
[Barrier] Learner 17 到達/重返, 等待人數: 10/18
[Barrier] Learner 7 到達/重返, 等待人數: 11/18
[Barrier] Learner 14 到達/重返, 等待人數: 12/18
[Barrier] Learner 16 到達/重返, 等待人數: 13/18
[Barrier] Learner 10 到達/重返, 等待人數: 14/18
[Barrier] Learner 0 到達/重返, 等待人數: 15/18
[Barrier] Learner 5 到達/重返, 等待人數: 16/18
[Barrier] Learner 12 到達/重返, 等待人數: 17/18
[Table] MQ/CE SAT 填 hash=0x9f7341aeb14f63e7
[Table] MQ/CE SAT 填 hash=0x6cb7b504bc11ba5b
[Table] MQ/CE SAT 填 hash=0xb7e9ce7bb4f4d6db
[Table] MQ/CE SAT 填 hash=0xee838b4cd5d8734b
[Barrier] Learner 13 到達/重返, 等待人數: 18/18
[Global EQ] 啟動 Leader SAT 尋找反例
[Table] MQ/CE SAT 填 hash=0x7c1ea9375259c84f
[Barrier] Learner 13 到達/重返, 等待人數: 1/18
[Barrier] Learner 12 到達/重返, 等待人數: 2/18
[Barrier] Learner 15 到達/重返, 等待人數: 3/18
[Barrier] Learner 14 到達/重返, 等待人數: 4/18
[Barrier] Learner 5 到達/重返, 等待人數: 5/18
[Barrier] Learner 2 到達/重返, 等待人數: 6/18
[Barrier] Learner 3 到達/重返, 等待人數: 7/18
[Barrier] Learner 6 到達/重返, 等待人數: 8/18
[Barrier] Learner 17 到達/重返, 等待人數: 9/18
[Barrier] Learner 16 到達/重返, 等待人數: 10/18
[Barrier] Learner 7 到達/重返, 等待人數: 11/18
[Barrier] Learner 9 到達/重返, 等待人數: 12/18
[Barrier] Learner 10 到達/重返, 等待人數: 13/18
[Barrier] Learner 1 到達/重返, 等待人數: 14/18
[Barrier] Learner 11 到達/重返, 等待人數: 15/18
[Barrier] Learner 0 到達/重返, 等待人數: 16/18
[Table] MQ/CE SAT 填 hash=0xd3903e75fa0ef9cf
[Table] MQ/CE SAT 填 hash=0x9e7e711dcf059fff
[Barrier] Learner 8 到達/重返, 等待人數: 17/18
[Table] MQ/CE SAT 填 hash=0x6bc2e473d9c7f673
[Table] MQ/CE SAT 填 hash=0xba99a0bb9f68dbdb
[Table] MQ/CE SAT 填 hash=0xff4909154de9928f
[Table] MQ/CE SAT 填 hash=0x696ca3c5a3fc462f
[Table] MQ/CE SAT 填 hash=0x345ad66d78f2ec5f
[Table] MQ/CE SAT 填 hash=0x19f49c383b542d3
[Table] MQ/CE SAT 填 hash=0x1afd10187e541799
[Table] MQ/CE SAT 填 hash=0xcfcaf6a18570fb19
[Table] MQ/CE SAT 填 hash=0x52c054a7614a3b59
[Table] MQ/CE SAT 填 hash=0xa19710ef26eb20c1
[Table] MQ/CE SAT 填 hash=0x13e9c493054b785
[Barrier] Learner 4 到達/重返, 等待人數: 18/18
[Global EQ] 啟動 Leader SAT 尋找反例
[Barrier] Learner 3 到達/重返, 等待人數: 1/18
[Barrier] Learner 1 到達/重返, 等待人數: 2/18
[Barrier] Learner 16 到達/重返, 等待人數: 3/18
[Barrier] Learner 2 到達/重返, 等待人數: 4/18
[Barrier] Learner 0 到達/重返, 等待人數: 5/18
[Barrier] Learner 17 到達/重返, 等待人數: 6/18
[Barrier] Learner 11 到達/重返, 等待人數: 7/18
[Barrier] Learner 5 到達/重返, 等待人數: 8/18
[Barrier] Learner 6 到達/重返, 等待人數: 9/18
[Barrier] Learner 9 到達/重返, 等待人數: 10/18
[Barrier] Learner 15 到達/重返, 等待人數: 11/18
[Barrier] Learner 4 到達/重返, 等待人數: 12/18
[Barrier] Learner 13 到達/重返, 等待人數: 13/18
[Barrier] Learner 12 到達/重返, 等待人數: 14/18
[Barrier] Learner 7 到達/重返, 等待人數: 15/18
[Barrier] Learner 10 到達/重返, 等待人數: 16/18
[Barrier] Learner 8 到達/重返, 等待人數: 17/18
[Table] MQ/CE SAT 填 hash=0xaf286bd0b15ba473
[Table] MQ/CE SAT 填 hash=0x194c0681076e5813
[Table] MQ/CE SAT 填 hash=0x32a9ccd6020d2cd9
[Table] MQ/CE SAT 填 hash=0xcef8bbcfab85e659
[Table] MQ/CE SAT 填 hash=0xa95faf142f145819
[Table] MQ/CE SAT 填 hash=0x4b606219b132f54d
[Table] MQ/CE SAT 填 hash=0xdc4dad2be481f50f
[Barrier] Learner 14 到達/重返, 等待人數: 18/18
[Global EQ] 啟動 Leader SAT 尋找反例
[Barrier] Learner 8 到達/重返, 等待人數: 1/18
[Barrier] Learner 2 到達/重返, 等待人數: 2/18
[Barrier] Learner 0 到達/重返, 等待人數: 3/18
[Barrier] Learner 3 到達/重返, 等待人數: 4/18
[Barrier] Learner 1 到達/重返, 等待人數: 5/18
[Barrier] Learner 10 到達/重返, 等待人數: 6/18
[Barrier] Learner 15 到達/重返, 等待人數: 7/18
[Barrier] Learner 7 到達/重返, 等待人數: 8/18
[Barrier] Learner 4 到達/重返, 等待人數: 9/18
[Barrier] Learner 12 到達/重返, 等待人數: 10/18
[Barrier] Learner 13 到達/重返, 等待人數: 11/18
[Barrier] Learner 16 到達/重返, 等待人數: 12/18
[Barrier] Learner 17 到達/重返, 等待人數: 13/18
[Barrier] Learner 6 到達/重返, 等待人數: 14/18
[Barrier] Learner 5 到達/重返, 等待人數: 15/18
[Barrier] Learner 9 到達/重返, 等待人數: 16/18
[Barrier] Learner 11 到達/重返, 等待人數: 17/18
[Table] MQ/CE SAT 填 hash=0x3c74e6526505b33
[Table] MQ/CE SAT 填 hash=0x6deae9157c630ed3
[Table] MQ/CE SAT 填 hash=0x8748af6a7701e399
[Table] MQ/CE SAT 填 hash=0x23979e64207a9d19
[Table] MQ/CE SAT 填 hash=0x4930ab1f9cec2b59
[Table] MQ/CE SAT 填 hash=0x3c4e33a7cfa0658d
[Barrier] Learner 14 到達/重返, 等待人數: 18/18
[Global EQ] 啟動 Leader SAT 尋找反例
[Barrier] Learner 0 到達/重返, 等待人數: 1/18
[Barrier] Learner 13 到達/重返, 等待人數: 2/18
[Barrier] Learner 1 到達/重返, 等待人數: 3/18
[Barrier] Learner 12 到達/重返, 等待人數: 4/18
[Barrier] Learner 8 到達/重返, 等待人數: 5/18
[Barrier] Learner 7 到達/重返, 等待人數: 6/18
[Barrier] Learner 5 到達/重返, 等待人數: 7/18
[Barrier] Learner 6 到達/重返, 等待人數: 8/18
[Barrier] Learner 11 到達/重返, 等待人數: 9/18
[Barrier] Learner 16 到達/重返, 等待人數: 10/18
[Barrier] Learner 17 到達/重返, 等待人數: 11/18
[Barrier] Learner 10 到達/重返, 等待人數: 12/18
[Barrier] Learner 3 到達/重返, 等待人數: 13/18
[Barrier] Learner 2 到達/重返, 等待人數: 14/18
[Barrier] Learner 9 到達/重返, 等待人數: 15/18
[Barrier] Learner 15 到達/重返, 等待人數: 16/18
[Barrier] Learner 14 到達/重返, 等待人數: 17/18
[Table] MQ/CE SAT 填 hash=0xa7d773d6a634610f
[Table] MQ/CE SAT 填 hash=0x11fb0e86fc4714af
[Table] MQ/CE SAT 填 hash=0x2b58d4dbf6e5e975
[Table] MQ/CE SAT 填 hash=0x8f09e5e24d6d2ff5
[Table] MQ/CE SAT 填 hash=0x11ff43e829467035
[Table] MQ/CE SAT 填 hash=0x7653509e9e476781
[Table] MQ/CE SAT 填 hash=0x1b5fae4e32331c41
[Barrier] Learner 4 到達/重返, 等待人數: 18/18
[Global EQ] 啟動 Leader SAT 尋找反例
[Table] MQ/CE SAT 填 hash=0xa245f458e40fdea7
[Barrier] Learner 4 到達/重返, 等待人數: 1/18
[Barrier] Learner 15 到達/重返, 等待人數: 2/18
[Barrier] Learner 9 到達/重返, 等待人數: 3/18
[Barrier] Learner 16 到達/重返, 等待人數: 4/18
[Barrier] Learner 5 到達/重返, 等待人數: 5/18
[Barrier] Learner 6 到達/重返, 等待人數: 6/18
[Barrier] Learner 0 到達/重返, 等待人數: 7/18
[Barrier] Learner 10 到達/重返, 等待人數: 8/18
[Barrier] Learner 11 到達/重返, 等待人數: 9/18
[Barrier] Learner 3 到達/重返, 等待人數: 10/18
[Barrier] Learner 17 到達/重返, 等待人數: 11/18
[Barrier] Learner 12 到達/重返, 等待人數: 12/18
[Barrier] Learner 7 到達/重返, 等待人數: 13/18
[Barrier] Learner 1 到達/重返, 等待人數: 14/18
[Barrier] Learner 2 到達/重返, 等待人數: 15/18
[Barrier] Learner 8 到達/重返, 等待人數: 16/18
[Barrier] Learner 14 到達/重返, 等待人數: 17/18
[Table] MQ/CE SAT 填 hash=0x4ad45f1a3c5aad27
[Table] MQ/CE SAT 填 hash=0x634aebe74000201b
[Table] MQ/CE SAT 填 hash=0x99e4a8b860e3bc8b
[Table] MQ/CE SAT 填 hash=0x6432256f36f981ed
[Barrier] Learner 13 到達/重返, 等待人數: 18/18
[Global EQ] 啟動 Leader SAT 尋找反例
[Barrier] Learner 13 到達/重返, 等待人數: 1/18
[Barrier] Learner 7 到達/重返, 等待人數: 2/18
[Barrier] Learner 3 到達/重返, 等待人數: 3/18
[Barrier] Learner 11 到達/重返, 等待人數: 4/18
[Barrier] Learner 2 到達/重返, 等待人數: 5/18
[Barrier] Learner 9 到達/重返, 等待人數: 6/18
[Barrier] Learner 4 到達/重返, 等待人數: 7/18
[Barrier] Learner 5 到達/重返, 等待人數: 8/18
[Barrier] Learner 1 到達/重返, 等待人數: 9/18
[Barrier] Learner 10 到達/重返, 等待人數: 10/18
[Barrier] Learner 12 到達/重返, 等待人數: 11/18
[Barrier] Learner 0 到達/重返, 等待人數: 12/18
[Barrier] Learner 8 到達/重返, 等待人數: 13/18
[Barrier] Learner 6 到達/重返, 等待人數: 14/18
[Barrier] Learner 14 到達/重返, 等待人數: 15/18
[Barrier] Learner 16 到達/重返, 等待人數: 16/18
[Barrier] Learner 15 到達/重返, 等待人數: 17/18
[Table] MQ/CE SAT 填 hash=0xcf7686fde2edc15b
[Table] MQ/CE SAT 填 hash=0x69ff6da9f8726e43
[Table] MQ/CE SAT 填 hash=0xbe9e503e6d672503
[Barrier] Learner 17 到達/重返, 等待人數: 18/18
[Global EQ] 啟動 Leader SAT 尋找反例
[Barrier] Learner 17 到達/重返, 等待人數: 1/18
[Barrier] Learner 16 到達/重返, 等待人數: 2/18
[Barrier] Learner 9 到達/重返, 等待人數: 3/18
[Barrier] Learner 8 到達/重返, 等待人數: 4/18
[Barrier] Learner 12 到達/重返, 等待人數: 5/18
[Barrier] Learner 0 到達/重返, 等待人數: 6/18
[Barrier] Learner 14 到達/重返, 等待人數: 7/18
[Barrier] Learner 13 到達/重返, 等待人數: 8/18
[Barrier] Learner 1 到達/重返, 等待人數: 9/18
[Barrier] Learner 10 到達/重返, 等待人數: 10/18
[Barrier] Learner 6 到達/重返, 等待人數: 11/18
[Barrier] Learner 5 到達/重返, 等待人數: 12/18
[Barrier] Learner 4 到達/重返, 等待人數: 13/18
[Barrier] Learner 7 到達/重返, 等待人數: 14/18
[Barrier] Learner 15 到達/重返, 等待人數: 15/18
[Barrier] Learner 2 到達/重返, 等待人數: 16/18
[Barrier] Learner 11 到達/重返, 等待人數: 17/18
[Table] MQ/CE SAT 填 hash=0x26b6cdae5a3f6770
[Table] MQ/CE SAT 填 hash=0x3365b0d8d78ed1d3
[Table] MQ/CE SAT 填 hash=0x8804936d4c838893
[Barrier] Learner 3 到達/重返, 等待人數: 18/18
[Global EQ] 啟動 Leader SAT 尋找反例
[Barrier] Learner 3 到達/重返, 等待人數: 1/18
[Barrier] Learner 5 到達/重返, 等待人數: 2/18
[Barrier] Learner 1 到達/重返, 等待人數: 3/18
[Barrier] Learner 2 到達/重返, 等待人數: 4/18
[Barrier] Learner 14 到達/重返, 等待人數: 5/18
[Barrier] Learner 8 到達/重返, 等待人數: 6/18
[Barrier] Learner 10 到達/重返, 等待人數: 7/18
[Barrier] Learner 16 到達/重返, 等待人數: 8/18
[Barrier] Learner 9 到達/重返, 等待人數: 9/18
[Barrier] Learner 0 到達/重返, 等待人數: 10/18
[Barrier] Learner 4 到達/重返, 等待人數: 11/18
[Barrier] Learner 12 到達/重返, 等待人數: 12/18
[Barrier] Learner 11 到達/重返, 等待人數: 13/18
[Barrier] Learner 7 到達/重返, 等待人數: 14/18
[Barrier] Learner 6 到達/重返, 等待人數: 15/18
[Table] MQ/CE SAT 填 hash=0x3d718650eefe36d4
[Table] MQ/CE SAT 填 hash=0x76489b7d8ea58f5a
[Table] MQ/CE SAT 填 hash=0x56cf4ca5e99d0b9a
[Table] MQ/CE SAT 填 hash=0xd9f9ac83e52cd5da
[Barrier] Learner 15 到達/重返, 等待人數: 16/18
[Barrier] Learner 17 到達/重返, 等待人數: 17/18
[Table] MQ/CE SAT 填 hash=0x4bee5a741c9407ea
[Table] MQ/CE SAT 填 hash=0xfc9a39e0550a4a2
[Table] MQ/CE SAT 填 hash=0x82233469bd17bd86
[Barrier] Learner 13 到達/重返, 等待人數: 18/18
[Global EQ] 啟動 Leader SAT 尋找反例
[Barrier] Learner 13 到達/重返, 等待人數: 1/18
[Barrier] Learner 11 到達/重返, 等待人數: 2/18
[Barrier] Learner 9 到達/重返, 等待人數: 3/18
[Barrier] Learner 0 到達/重返, 等待人數: 4/18
[Barrier] Learner 1 到達/重返, 等待人數: 5/18
[Barrier] Learner 7 到達/重返, 等待人數: 6/18
[Barrier] Learner 2 到達/重返, 等待人數: 7/18
[Barrier] Learner 6 到達/重返, 等待人數: 8/18
[Barrier] Learner 15 到達/重返, 等待人數: 9/18
[Barrier] Learner 14 到達/重返, 等待人數: 10/18
[Barrier] Learner 4 到達/重返, 等待人數: 11/18
[Barrier] Learner 3 到達/重返, 等待人數: 12/18
[Barrier] Learner 12 到達/重返, 等待人數: 13/18
[Barrier] Learner 5 到達/重返, 等待人數: 14/18
[Barrier] Learner 17 到達/重返, 等待人數: 15/18
[Barrier] Learner 16 到達/重返, 等待人數: 16/18
[Barrier] Learner 8 到達/重返, 等待人數: 17/18
[Barrier] Learner 10 到達/重返, 等待人數: 18/18
[Global EQ] 啟動 Leader SAT 尋找反例
[Barrier] Learner 7 到達/重返, 等待人數: 1/18
[Barrier] Learner 1 到達/重返, 等待人數: 2/18
[Barrier] Learner 11 到達/重返, 等待人數: 3/18
[Barrier] Learner 15 到達/重返, 等待人數: 4/18
[Barrier] Learner 17 到達/重返, 等待人數: 5/18
[Barrier] Learner 14 到達/重返, 等待人數: 6/18
[Barrier] Learner 12 到達/重返, 等待人數: 7/18
[Barrier] Learner 3 到達/重返, 等待人數: 8/18
[Barrier] Learner 13 到達/重返, 等待人數: 9/18
[Barrier] Learner 2 到達/重返, 等待人數: 10/18
[Barrier] Learner 4 到達/重返, 等待人數: 11/18
[Barrier] Learner 9 到達/重返, 等待人數: 12/18
[Barrier] Learner 5 到達/重返, 等待人數: 13/18
[Barrier] Learner 6 到達/重返, 等待人數: 14/18
[Barrier] Learner 10 到達/重返, 等待人數: 15/18
[Barrier] Learner 16 到達/重返, 等待人數: 16/18
[Barrier] Learner 0 到達/重返, 等待人數: 17/18
[Table] MQ/CE SAT 填 hash=0x34266b052c2fdd61
[Barrier] Learner 8 到達/重返, 等待人數: 18/18
[Global EQ] 啟動 Leader SAT 尋找反例
[Barrier] Learner 8 到達/重返, 等待人數: 1/18
[Barrier] Learner 0 到達/重返, 等待人數: 2/18
[Barrier] Learner 13 到達/重返, 等待人數: 3/18
[Barrier] Learner 14 到達/重返, 等待人數: 4/18
[Barrier] Learner 16 到達/重返, 等待人數: 5/18
[Barrier] Learner 6 到達/重返, 等待人數: 6/18
[Barrier] Learner 2 到達/重返, 等待人數: 7/18
[Barrier] Learner 17 到達/重返, 等待人數: 8/18
[Barrier] Learner 4 到達/重返, 等待人數: 9/18
[Barrier] Learner 15 到達/重返, 等待人數: 10/18
[Barrier] Learner 12 到達/重返, 等待人數: 11/18
[Barrier] Learner 1 到達/重返, 等待人數: 12/18
[Barrier] Learner 3 到達/重返, 等待人數: 13/18
[Barrier] Learner 9 到達/重返, 等待人數: 14/18
[Barrier] Learner 5 到達/重返, 等待人數: 15/18
[Barrier] Learner 7 到達/重返, 等待人數: 16/18
[Barrier] Learner 10 到達/重返, 等待人數: 17/18
[Barrier] Learner 11 到達/重返, 等待人數: 18/18
[Global EQ] 啟動 Leader SAT 尋找反例
[Barrier] Learner 11 到達/重返, 等待人數: 1/18
[Barrier] Learner 2 到達/重返, 等待人數: 2/18
[Barrier] Learner 15 到達/重返, 等待人數: 3/18
[Barrier] Learner 17 到達/重返, 等待人數: 4/18
[Barrier] Learner 3 到達/重返, 等待人數: 5/18
[Barrier] Learner 7 到達/重返, 等待人數: 6/18
[Barrier] Learner 9 到達/重返, 等待人數: 7/18
[Barrier] Learner 1 到達/重返, 等待人數: 8/18
[Barrier] Learner 6 到達/重返, 等待人數: 9/18
[Barrier] Learner 4 到達/重返, 等待人數: 10/18
[Barrier] Learner 14 到達/重返, 等待人數: 11/18
[Barrier] Learner 12 到達/重返, 等待人數: 12/18
[Barrier] Learner 8 到達/重返, 等待人數: 13/18
[Barrier] Learner 13 到達/重返, 等待人數: 14/18
[Barrier] Learner 16 到達/重返, 等待人數: 15/18
[Barrier] Learner 0 到達/重返, 等待人數: 16/18
[Barrier] Learner 5 到達/重返, 等待人數: 17/18
[Barrier] Learner 10 到達/重返, 等待人數: 18/18
[Global EQ] 啟動 Leader SAT 尋找反例
[Barrier] Learner 10 到達/重返, 等待人數: 1/18
[Barrier] Learner 3 到達/重返, 等待人數: 2/18
[Barrier] Learner 15 到達/重返, 等待人數: 3/18
[Barrier] Learner 12 到達/重返, 等待人數: 4/18
[Barrier] Learner 16 到達/重返, 等待人數: 5/18
[Barrier] Learner 17 到達/重返, 等待人數: 6/18
[Barrier] Learner 9 到達/重返, 等待人數: 7/18
[Barrier] Learner 11 到達/重返, 等待人數: 8/18
[Barrier] Learner 8 到達/重返, 等待人數: 9/18
[Barrier] Learner 5 到達/重返, 等待人數: 10/18
[Barrier] Learner 6 到達/重返, 等待人數: 11/18
[Barrier] Learner 14 到達/重返, 等待人數: 12/18
[Barrier] Learner 7 到達/重返, 等待人數: 13/18
[Barrier] Learner 1 到達/重返, 等待人數: 14/18
[Barrier] Learner 13 到達/重返, 等待人數: 15/18
[Barrier] Learner 0 到達/重返, 等待人數: 16/18
[Barrier] Learner 4 到達/重返, 等待人數: 17/18
[Barrier] Learner 2 到達/重返, 等待人數: 18/18
[Global EQ] 啟動 Leader SAT 尋找反例
[Barrier] Learner 2 到達/重返, 等待人數: 1/18
[Barrier] Learner 16 到達/重返, 等待人數: 2/18
[Barrier] Learner 9 到達/重返, 等待人數: 3/18
[Barrier] Learner 12 到達/重返, 等待人數: 4/18
[Barrier] Learner 11 到達/重返, 等待人數: 5/18
[Barrier] Learner 6 到達/重返, 等待人數: 6/18
[Barrier] Learner 3 到達/重返, 等待人數: 7/18
[Barrier] Learner 7 到達/重返, 等待人數: 8/18
[Barrier] Learner 0 到達/重返, 等待人數: 9/18
[Barrier] Learner 4 到達/重返, 等待人數: 10/18
[Barrier] Learner 8 到達/重返, 等待人數: 11/18
[Barrier] Learner 15 到達/重返, 等待人數: 12/18
[Barrier] Learner 10 到達/重返, 等待人數: 13/18
[Barrier] Learner 5 到達/重返, 等待人數: 14/18
[Barrier] Learner 13 到達/重返, 等待人數: 15/18
[Barrier] Learner 14 到達/重返, 等待人數: 16/18
[Barrier] Learner 1 到達/重返, 等待人數: 17/18
[Table] MQ/CE SAT 填 hash=0xf5d7196a29a88c34
[Table] MQ/CE SAT 填 hash=0xf34dfbf244760fa
[Table] MQ/CE SAT 填 hash=0xd89b22ee0363c48a
[Barrier] Learner 17 到達/重返, 等待人數: 18/18
[Global EQ] 啟動 Leader SAT 尋找反例
[Barrier] Learner 15 到達/重返, 等待人數: 1/18
[Barrier] Learner 1 到達/重返, 等待人數: 2/18
[Barrier] Learner 10 到達/重返, 等待人數: 3/18
[Barrier] Learner 12 到達/重返, 等待人數: 4/18
[Barrier] Learner 7 到達/重返, 等待人數: 5/18
[Barrier] Learner 6 到達/重返, 等待人數: 6/18
[Barrier] Learner 9 到達/重返, 等待人數: 7/18
[Barrier] Learner 16 到達/重返, 等待人數: 8/18
[Barrier] Learner 3 到達/重返, 等待人數: 9/18
[Barrier] Learner 13 到達/重返, 等待人數: 10/18
[Barrier] Learner 17 到達/重返, 等待人數: 11/18
[Barrier] Learner 14 到達/重返, 等待人數: 12/18
[Barrier] Learner 4 到達/重返, 等待人數: 13/18
[Barrier] Learner 8 到達/重返, 等待人數: 14/18
[Barrier] Learner 11 到達/重返, 等待人數: 15/18
[Barrier] Learner 2 到達/重返, 等待人數: 16/18
[Barrier] Learner 0 到達/重返, 等待人數: 17/18
[Barrier] Learner 5 到達/重返, 等待人數: 18/18
[Global EQ] 啟動 Leader SAT 尋找反例
[Barrier] Learner 5 到達/重返, 等待人數: 1/18
[Barrier] Learner 2 到達/重返, 等待人數: 2/18
[Barrier] Learner 1 到達/重返, 等待人數: 3/18
[Barrier] Learner 12 到達/重返, 等待人數: 4/18
[Barrier] Learner 14 到達/重返, 等待人數: 5/18
[Barrier] Learner 8 到達/重返, 等待人數: 6/18
[Barrier] Learner 6 到達/重返, 等待人數: 7/18
[Barrier] Learner 0 到達/重返, 等待人數: 8/18
[Barrier] Learner 4 到達/重返, 等待人數: 9/18
[Barrier] Learner 16 到達/重返, 等待人數: 10/18
[Barrier] Learner 13 到達/重返, 等待人數: 11/18
[Barrier] Learner 3 到達/重返, 等待人數: 12/18
[Barrier] Learner 9 到達/重返, 等待人數: 13/18
[Barrier] Learner 10 到達/重返, 等待人數: 14/18
[Barrier] Learner 15 到達/重返, 等待人數: 15/18
[Barrier] Learner 11 到達/重返, 等待人數: 16/18
[Barrier] Learner 7 到達/重返, 等待人數: 17/18
[Table] MQ/CE SAT 填 hash=0xe596d31cb0c7840b
[Barrier] Learner 17 到達/重返, 等待人數: 18/18
[Global EQ] 啟動 Leader SAT 尋找反例
[Barrier] Learner 5 到達/重返, 等待人數: 1/18
[Barrier] Learner 3 到達/重返, 等待人數: 2/18
[Barrier] Learner 1 到達/重返, 等待人數: 3/18
[Barrier] Learner 16 到達/重返, 等待人數: 4/18
[Barrier] Learner 14 到達/重返, 等待人數: 5/18
[Barrier] Learner 6 到達/重返, 等待人數: 6/18
[Barrier] Learner 7 到達/重返, 等待人數: 7/18
[Barrier] Learner 2 到達/重返, 等待人數: 8/18
[Barrier] Learner 10 到達/重返, 等待人數: 9/18
[Barrier] Learner 13 到達/重返, 等待人數: 10/18
[Barrier] Learner 12 到達/重返, 等待人數: 11/18
[Barrier] Learner 15 到達/重返, 等待人數: 12/18
[Barrier] Learner 17 到達/重返, 等待人數: 13/18
[Barrier] Learner 11 到達/重返, 等待人數: 14/18
[Barrier] Learner 8 到達/重返, 等待人數: 15/18
[Barrier] Learner 0 到達/重返, 等待人數: 16/18
[Barrier] Learner 9 到達/重返, 等待人數: 17/18
[Barrier] Learner 4 到達/重返, 等待人數: 18/18
[Global EQ] 啟動 Leader SAT 尋找反例
[Barrier] Learner 9 到達/重返, 等待人數: 1/18
[Barrier] Learner 10 到達/重返, 等待人數: 2/18
[Barrier] Learner 2 到達/重返, 等待人數: 3/18
[Barrier] Learner 16 到達/重返, 等待人數: 4/18
[Barrier] Learner 12 到達/重返, 等待人數: 5/18
[Barrier] Learner 5 到達/重返, 等待人數: 6/18
[Barrier] Learner 8 到達/重返, 等待人數: 7/18
[Barrier] Learner 6 到達/重返, 等待人數: 8/18
[Barrier] Learner 1 到達/重返, 等待人數: 9/18
[Barrier] Learner 0 到達/重返, 等待人數: 10/18
[Barrier] Learner 7 到達/重返, 等待人數: 11/18
[Barrier] Learner 3 到達/重返, 等待人數: 12/18
[Barrier] Learner 13 到達/重返, 等待人數: 13/18
[Table] MQ/CE SAT 填 hash=0x10bec932a6b4bf2e
[Table] MQ/CE SAT 填 hash=0x81e525ed9e2a839a
[Table] MQ/CE SAT 填 hash=0x52f316794a8a344a
[Table] MQ/CE SAT 填 hash=0xd243d1ae59a5aba2
[Barrier] Learner 14 到達/重返, 等待人數: 14/18
[Table] MQ/CE SAT 填 hash=0xf76102ddac15ea68
[Table] MQ/CE SAT 填 hash=0x17c18b3d4817cffa
[Barrier] Learner 17 到達/重返, 等待人數: 15/18
[Barrier] Learner 15 到達/重返, 等待人數: 16/18
[Table] MQ/CE SAT 填 hash=0x898cd34a6b6dd0ba
[Table] MQ/CE SAT 填 hash=0xe505fe9352da266e
[Barrier] Learner 11 到達/重返, 等待人數: 17/18
[Table] MQ/CE SAT 填 hash=0xcba8383e583b51a8
[Table] MQ/CE SAT 填 hash=0x80761ec75f583528
[Table] MQ/CE SAT 填 hash=0xb24ea74a8a9bd868
[Table] MQ/CE SAT 填 hash=0x375a3d87f0c0736c
[Barrier] Learner 4 到達/重返, 等待人數: 18/18
[Global EQ] 啟動 Leader SAT 尋找反例
[Barrier] Learner 4 到達/重返, 等待人數: 1/18
[Barrier] Learner 2 到達/重返, 等待人數: 2/18
[Barrier] Learner 15 到達/重返, 等待人數: 3/18
[Barrier] Learner 14 到達/重返, 等待人數: 4/18
[Barrier] Learner 8 到達/重返, 等待人數: 5/18
[Barrier] Learner 10 到達/重返, 等待人數: 6/18
[Barrier] Learner 7 到達/重返, 等待人數: 7/18
[Barrier] Learner 11 到達/重返, 等待人數: 8/18
[Barrier] Learner 16 到達/重返, 等待人數: 9/18
[Barrier] Learner 0 到達/重返, 等待人數: 10/18
[Barrier] Learner 9 到達/重返, 等待人數: 11/18
[Barrier] Learner 6 到達/重返, 等待人數: 12/18
[Barrier] Learner 5 到達/重返, 等待人數: 13/18
[Barrier] Learner 12 到達/重返, 等待人數: 14/18
[Barrier] Learner 17 到達/重返, 等待人數: 15/18
[Table] MQ/CE SAT 填 hash=0xc20d331448f91f84
[Table] MQ/CE SAT 填 hash=0x9c742658cc879144
[Table] MQ/CE SAT 填 hash=0x5a7fe188d43271a8
[Barrier] Learner 13 到達/重返, 等待人數: 16/18
[Barrier] Learner 3 到達/重返, 等待人數: 17/18
[Barrier] Learner 1 到達/重返, 等待人數: 18/18
[Global EQ] 啟動 Leader SAT 尋找反例
[Barrier] Learner 1 到達/重返, 等待人數: 1/18
[Barrier] Learner 6 到達/重返, 等待人數: 2/18
[Barrier] Learner 8 到達/重返, 等待人數: 3/18
[Barrier] Learner 3 到達/重返, 等待人數: 4/18
[Barrier] Learner 13 到達/重返, 等待人數: 5/18
[Barrier] Learner 12 到達/重返, 等待人數: 6/18
[Barrier] Learner 9 到達/重返, 等待人數: 7/18
[Barrier] Learner 15 到達/重返, 等待人數: 8/18
[Barrier] Learner 2 到達/重返, 等待人數: 9/18
[Barrier] Learner 14 到達/重返, 等待人數: 10/18
[Barrier] Learner 16 到達/重返, 等待人數: 11/18
[Barrier] Learner 4 到達/重返, 等待人數: 12/18
[Barrier] Learner 17 到達/重返, 等待人數: 13/18
[Barrier] Learner 0 到達/重返, 等待人數: 14/18
[Barrier] Learner 11 到達/重返, 等待人數: 15/18
[Barrier] Learner 7 到達/重返, 等待人數: 16/18
[Table] MQ/CE SAT 填 hash=0x839fd298e73a6e0e
[Table] MQ/CE SAT 填 hash=0xb8b19ff11243c7de
[Table] MQ/CE SAT 填 hash=0xeb6d2c9b0781716a
[Table] MQ/CE SAT 填 hash=0xe15600203b383b62
[Barrier] Learner 10 到達/重返, 等待人數: 17/18
[Barrier] Learner 5 到達/重返, 等待人數: 18/18
[Global EQ] 啟動 Leader SAT 尋找反例
[Barrier] Learner 5 到達/重返, 等待人數: 1/18
[Barrier] Learner 3 到達/重返, 等待人數: 2/18
[Barrier] Learner 6 到達/重返, 等待人數: 3/18
[Barrier] Learner 12 到達/重返, 等待人數: 4/18
[Barrier] Learner 17 到達/重返, 等待人數: 5/18
[Barrier] Learner 10 到達/重返, 等待人數: 6/18
[Barrier] Learner 2 到達/重返, 等待人數: 7/18
[Barrier] Learner 11 到達/重返, 等待人數: 8/18
[Barrier] Learner 0 到達/重返, 等待人數: 9/18
[Barrier] Learner 15 到達/重返, 等待人數: 10/18
[Barrier] Learner 8 到達/重返, 等待人數: 11/18
[Barrier] Learner 14 到達/重返, 等待人數: 12/18
[Barrier] Learner 1 到達/重返, 等待人數: 13/18
[Barrier] Learner 4 到達/重返, 等待人數: 14/18
[Barrier] Learner 16 到達/重返, 等待人數: 15/18
[Barrier] Learner 9 到達/重返, 等待人數: 16/18
[Barrier] Learner 13 到達/重返, 等待人數: 17/18
[Barrier] Learner 7 到達/重返, 等待人數: 18/18
[Global EQ] 啟動 Leader SAT 尋找反例
[Barrier] Learner 7 到達/重返, 等待人數: 1/18
[Barrier] Learner 6 到達/重返, 等待人數: 2/18
[Barrier] Learner 11 到達/重返, 等待人數: 3/18
[Barrier] Learner 0 到達/重返, 等待人數: 4/18
[Barrier] Learner 13 到達/重返, 等待人數: 5/18
[Barrier] Learner 1 到達/重返, 等待人數: 6/18
[Barrier] Learner 14 到達/重返, 等待人數: 7/18
[Barrier] Learner 17 到達/重返, 等待人數: 8/18
[Barrier] Learner 2 到達/重返, 等待人數: 9/18
[Barrier] Learner 12 到達/重返, 等待人數: 10/18
[Barrier] Learner 9 到達/重返, 等待人數: 11/18
[Barrier] Learner 15 到達/重返, 等待人數: 12/18
[Barrier] Learner 3 到達/重返, 等待人數: 13/18
[Barrier] Learner 16 到達/重返, 等待人數: 14/18
[Table] MQ/CE SAT 填 hash=0x2317d382735d6794
[Table] MQ/CE SAT 填 hash=0xf05c46d87e1fbe08
[Table] MQ/CE SAT 填 hash=0x3c7599d76dfc3c5a
[Table] MQ/CE SAT 填 hash=0xa52a2d61853ca188
[Table] MQ/CE SAT 填 hash=0xf143806075191fda
[Barrier] Learner 5 到達/重返, 等待人數: 15/18
[Barrier] Learner 10 到達/重返, 等待人數: 16/18
[Table] MQ/CE SAT 填 hash=0x7351a4de59f8fe48
[Table] MQ/CE SAT 填 hash=0x4ed09e21c7380054
[Barrier] Learner 8 到達/重返, 等待人數: 17/18
[Table] MQ/CE SAT 填 hash=0x7a8968c11b129914
[Table] MQ/CE SAT 填 hash=0xaf9b3619461bf2e4
[Table] MQ/CE SAT 填 hash=0x7cdfa96f50de4958
[Table] MQ/CE SAT 填 hash=0x963d6fc44b7d1e1e
[Table] MQ/CE SAT 填 hash=0x9c282bd0032f9e9e
[Table] MQ/CE SAT 填 hash=0x1932cdca27565e5e
[Table] MQ/CE SAT 填 hash=0xdd0e16f41012fb16
[Table] MQ/CE SAT 填 hash=0xb4dec113b2556712
[Barrier] Learner 4 到達/重返, 等待人數: 18/18
[Global EQ] 啟動 Leader SAT 尋找反例
[Barrier] Learner 4 到達/重返, 等待人數: 1/18
[Barrier] Learner 17 到達/重返, 等待人數: 2/18
[Barrier] Learner 2 到達/重返, 等待人數: 3/18
[Barrier] Learner 10 到達/重返, 等待人數: 4/18
[Barrier] Learner 1 到達/重返, 等待人數: 5/18
[Barrier] Learner 12 到達/重返, 等待人數: 6/18
[Barrier] Learner 15 到達/重返, 等待人數: 7/18
[Barrier] Learner 3 到達/重返, 等待人數: 8/18
[Barrier] Learner 6 到達/重返, 等待人數: 9/18
[Barrier] Learner 7 到達/重返, 等待人數: 10/18
[Barrier] Learner 14 到達/重返, 等待人數: 11/18
[Barrier] Learner 11 到達/重返, 等待人數: 12/18
[Barrier] Learner 9 到達/重返, 等待人數: 13/18
[Barrier] Learner 13 到達/重返, 等待人數: 14/18
[Barrier] Learner 8 到達/重返, 等待人數: 15/18
[Barrier] Learner 16 到達/重返, 等待人數: 16/18
[Barrier] Learner 5 到達/重返, 等待人數: 17/18
[Table] MQ/CE SAT 填 hash=0xae4327a3b0eb0d18
[Table] MQ/CE SAT 填 hash=0xf975411aa9ce2998
[Barrier] Learner 0 到達/重返, 等待人數: 18/18
[Global EQ] 啟動 Leader SAT 尋找反例
[Barrier] Learner 0 到達/重返, 等待人數: 1/18
[Barrier] Learner 14 到達/重返, 等待人數: 2/18
[Barrier] Learner 10 到達/重返, 等待人數: 3/18
[Barrier] Learner 9 到達/重返, 等待人數: 4/18
[Barrier] Learner 12 到達/重返, 等待人數: 5/18
[Barrier] Learner 4 到達/重返, 等待人數: 6/18
[Barrier] Learner 6 到達/重返, 等待人數: 7/18
[Barrier] Learner 15 到達/重返, 等待人數: 8/18
[Barrier] Learner 16 到達/重返, 等待人數: 9/18
[Barrier] Learner 3 到達/重返, 等待人數: 10/18
[Barrier] Learner 1 到達/重返, 等待人數: 11/18
[Barrier] Learner 17 到達/重返, 等待人數: 12/18
[Barrier] Learner 7 到達/重返, 等待人數: 13/18
[Barrier] Learner 8 到達/重返, 等待人數: 14/18
[Barrier] Learner 13 到達/重返, 等待人數: 15/18
[Barrier] Learner 2 到達/重返, 等待人數: 16/18
[Barrier] Learner 11 到達/重返, 等待人數: 17/18
[Barrier] Learner 5 到達/重返, 等待人數: 18/18
[Global EQ] 啟動 Leader SAT 尋找反例
[Barrier] Learner 5 到達/重返, 等待人數: 1/18
[Barrier] Learner 7 到達/重返, 等待人數: 2/18
[Barrier] Learner 10 到達/重返, 等待人數: 3/18
[Barrier] Learner 17 到達/重返, 等待人數: 4/18
[Barrier] Learner 6 到達/重返, 等待人數: 5/18
[Barrier] Learner 8 到達/重返, 等待人數: 6/18
[Barrier] Learner 9 到達/重返, 等待人數: 7/18
[Barrier] Learner 12 到達/重返, 等待人數: 8/18
[Barrier] Learner 14 到達/重返, 等待人數: 9/18
[Barrier] Learner 2 到達/重返, 等待人數: 10/18
[Barrier] Learner 15 到達/重返, 等待人數: 11/18
[Barrier] Learner 11 到達/重返, 等待人數: 12/18
[Barrier] Learner 1 到達/重返, 等待人數: 13/18
[Barrier] Learner 16 到達/重返, 等待人數: 14/18
[Barrier] Learner 13 到達/重返, 等待人數: 15/18
[Barrier] Learner 4 到達/重返, 等待人數: 16/18
[Barrier] Learner 3 到達/重返, 等待人數: 17/18
[Table] MQ/CE SAT 填 hash=0x579006d23e3e1728
[Barrier] Learner 0 到達/重返, 等待人數: 18/18
[Global EQ] 啟動 Leader SAT 尋找反例
[Barrier] Learner 15 到達/重返, 等待人數: 1/18
[Barrier] Learner 3 到達/重返, 等待人數: 2/18
[Barrier] Learner 10 到達/重返, 等待人數: 3/18
[Barrier] Learner 4 到達/重返, 等待人數: 4/18
[Barrier] Learner 8 到達/重返, 等待人數: 5/18
[Barrier] Learner 6 到達/重返, 等待人數: 6/18
[Barrier] Learner 11 到達/重返, 等待人數: 7/18
[Barrier] Learner 17 到達/重返, 等待人數: 8/18
[Barrier] Learner 7 到達/重返, 等待人數: 9/18
[Barrier] Learner 1 到達/重返, 等待人數: 10/18
[Barrier] Learner 14 到達/重返, 等待人數: 11/18
[Barrier] Learner 0 到達/重返, 等待人數: 12/18
[Barrier] Learner 12 到達/重返, 等待人數: 13/18
[Barrier] Learner 5 到達/重返, 等待人數: 14/18
[Barrier] Learner 9 到達/重返, 等待人數: 15/18
[Barrier] Learner 16 到達/重返, 等待人數: 16/18
[Barrier] Learner 13 到達/重返, 等待人數: 17/18
[Barrier] Learner 2 到達/重返, 等待人數: 18/18
[Global EQ] 啟動 Leader SAT 尋找反例
[Barrier] Learner 2 到達/重返, 等待人數: 1/18
[Barrier] Learner 11 到達/重返, 等待人數: 2/18
[Barrier] Learner 14 到達/重返, 等待人數: 3/18
[Barrier] Learner 10 到達/重返, 等待人數: 4/18
[Barrier] Learner 7 到達/重返, 等待人數: 5/18
[Barrier] Learner 8 到達/重返, 等待人數: 6/18
[Barrier] Learner 17 到達/重返, 等待人數: 7/18
[Barrier] Learner 3 到達/重返, 等待人數: 8/18
[Barrier] Learner 0 到達/重返, 等待人數: 9/18
[Barrier] Learner 15 到達/重返, 等待人數: 10/18
[Barrier] Learner 9 到達/重返, 等待人數: 11/18
[Barrier] Learner 16 到達/重返, 等待人數: 12/18
[Barrier] Learner 5 到達/重返, 等待人數: 13/18
[Barrier] Learner 1 到達/重返, 等待人數: 14/18
[Barrier] Learner 6 到達/重返, 等待人數: 15/18
[Barrier] Learner 13 到達/重返, 等待人數: 16/18
[Barrier] Learner 12 到達/重返, 等待人數: 17/18
[Barrier] Learner 4 到達/重返, 等待人數: 18/18
[Global EQ] 啟動 Leader SAT 尋找反例
[Barrier] Learner 17 到達/重返, 等待人數: 1/18
[Barrier] Learner 4 到達/重返, 等待人數: 2/18
[Barrier] Learner 15 到達/重返, 等待人數: 3/18
[Barrier] Learner 11 到達/重返, 等待人數: 4/18
[Barrier] Learner 14 到達/重返, 等待人數: 5/18
[Barrier] Learner 3 到達/重返, 等待人數: 6/18
[Barrier] Learner 1 到達/重返, 等待人數: 7/18
[Barrier] Learner 6 到達/重返, 等待人數: 8/18
[Barrier] Learner 7 到達/重返, 等待人數: 9/18
[Barrier] Learner 8 到達/重返, 等待人數: 10/18
[Barrier] Learner 2 到達/重返, 等待人數: 11/18
[Barrier] Learner 0 到達/重返, 等待人數: 12/18
[Barrier] Learner 9 到達/重返, 等待人數: 13/18
[Barrier] Learner 5 到達/重返, 等待人數: 14/18
[Barrier] Learner 12 到達/重返, 等待人數: 15/18
[Barrier] Learner 16 到達/重返, 等待人數: 16/18
[Barrier] Learner 10 到達/重返, 等待人數: 17/18
[Barrier] Learner 13 到達/重返, 等待人數: 18/18
[Global EQ] 啟動 Leader SAT 尋找反例
[Barrier] Learner 13 到達/重返, 等待人數: 1/18
[Barrier] Learner 14 到達/重返, 等待人數: 2/18
[Barrier] Learner 7 到達/重返, 等待人數: 3/18
[Barrier] Learner 15 到達/重返, 等待人數: 4/18
[Barrier] Learner 17 到達/重返, 等待人數: 5/18
[Barrier] Learner 5 到達/重返, 等待人數: 6/18
[Barrier] Learner 9 到達/重返, 等待人數: 7/18
[Barrier] Learner 6 到達/重返, 等待人數: 8/18
[Barrier] Learner 16 到達/重返, 等待人數: 9/18
[Barrier] Learner 1 到達/重返, 等待人數: 10/18
[Barrier] Learner 8 到達/重返, 等待人數: 11/18
[Barrier] Learner 0 到達/重返, 等待人數: 12/18
[Barrier] Learner 12 到達/重返, 等待人數: 13/18
[Barrier] Learner 2 到達/重返, 等待人數: 14/18
[Barrier] Learner 11 到達/重返, 等待人數: 15/18
[Barrier] Learner 3 到達/重返, 等待人數: 16/18
[Barrier] Learner 10 到達/重返, 等待人數: 17/18
[Barrier] Learner 4 到達/重返, 等待人數: 18/18
[Global EQ] 啟動 Leader SAT 尋找反例
[Barrier] Learner 9 到達/重返, 等待人數: 1/18
[Barrier] Learner 15 到達/重返, 等待人數: 2/18
[Barrier] Learner 6 到達/重返, 等待人數: 3/18
[Barrier] Learner 13 到達/重返, 等待人數: 4/18
[Barrier] Learner 0 到達/重返, 等待人數: 5/18
[Barrier] Learner 17 到達/重返, 等待人數: 6/18
[Barrier] Learner 16 到達/重返, 等待人數: 7/18
[Barrier] Learner 8 到達/重返, 等待人數: 8/18
[Barrier] Learner 5 到達/重返, 等待人數: 9/18
[Barrier] Learner 11 到達/重返, 等待人數: 10/18
[Barrier] Learner 7 到達/重返, 等待人數: 11/18
[Barrier] Learner 14 到達/重返, 等待人數: 12/18
[Barrier] Learner 2 到達/重返, 等待人數: 13/18
[Barrier] Learner 12 到達/重返, 等待人數: 14/18
[Barrier] Learner 3 到達/重返, 等待人數: 15/18
[Barrier] Learner 10 到達/重返, 等待人數: 16/18
[Barrier] Learner 4 到達/重返, 等待人數: 17/18
[Barrier] Learner 1 到達/重返, 等待人數: 18/18
[Global EQ] 啟動 Leader SAT 尋找反例
[Barrier] Learner 11 到達/重返, 等待人數: 1/18
[Barrier] Learner 5 到達/重返, 等待人數: 2/18
[Barrier] Learner 6 到達/重返, 等待人數: 3/18
[Barrier] Learner 0 到達/重返, 等待人數: 4/18
[Barrier] Learner 7 到達/重返, 等待人數: 5/18
[Barrier] Learner 10 到達/重返, 等待人數: 6/18
[Barrier] Learner 15 到達/重返, 等待人數: 7/18
[Barrier] Learner 2 到達/重返, 等待人數: 8/18
[Barrier] Learner 17 到達/重返, 等待人數: 9/18
[Barrier] Learner 16 到達/重返, 等待人數: 10/18
[Barrier] Learner 4 到達/重返, 等待人數: 11/18
[Barrier] Learner 1 到達/重返, 等待人數: 12/18
[Barrier] Learner 13 到達/重返, 等待人數: 13/18
[Barrier] Learner 3 到達/重返, 等待人數: 14/18
[Barrier] Learner 9 到達/重返, 等待人數: 15/18
[Barrier] Learner 14 到達/重返, 等待人數: 16/18
[Barrier] Learner 8 到達/重返, 等待人數: 17/18
[Barrier] Learner 12 到達/重返, 等待人數: 18/18
[Global EQ] 啟動 Leader SAT 尋找反例
[Barrier] Learner 12 到達/重返, 等待人數: 1/18
[Barrier] Learner 16 到達/重返, 等待人數: 2/18
[Barrier] Learner 5 到達/重返, 等待人數: 3/18
[Barrier] Learner 4 到達/重返, 等待人數: 4/18
[Barrier] Learner 7 到達/重返, 等待人數: 5/18
[Barrier] Learner 14 到達/重返, 等待人數: 6/18
[Barrier] Learner 9 到達/重返, 等待人數: 7/18
[Barrier] Learner 10 到達/重返, 等待人數: 8/18
[Barrier] Learner 2 到達/重返, 等待人數: 9/18
[Barrier] Learner 11 到達/重返, 等待人數: 10/18
[Barrier] Learner 17 到達/重返, 等待人數: 11/18
[Barrier] Learner 15 到達/重返, 等待人數: 12/18
[Barrier] Learner 0 到達/重返, 等待人數: 13/18
[Barrier] Learner 8 到達/重返, 等待人數: 14/18
[Barrier] Learner 6 到達/重返, 等待人數: 15/18
[Table] MQ/CE SAT 填 hash=0x16ac15a8bdedd644
[Table] MQ/CE SAT 填 hash=0x3c4522643a5f6484
[Table] MQ/CE SAT 填 hash=0xfa50dd94420a44e8
[Barrier] Learner 1 到達/重返, 等待人數: 16/18
[Barrier] Learner 3 到達/重返, 等待人數: 17/18
[Barrier] Learner 13 到達/重返, 等待人數: 18/18
[Global EQ] 啟動 Leader SAT 尋找反例
[Barrier] Learner 5 到達/重返, 等待人數: 1/18
[Barrier] Learner 16 到達/重返, 等待人數: 2/18
[Barrier] Learner 17 到達/重返, 等待人數: 3/18
[Barrier] Learner 2 到達/重返, 等待人數: 4/18
[Barrier] Learner 10 到達/重返, 等待人數: 5/18
[Barrier] Learner 7 到達/重返, 等待人數: 6/18
[Barrier] Learner 14 到達/重返, 等待人數: 7/18
[Barrier] Learner 6 到達/重返, 等待人數: 8/18
[Barrier] Learner 3 到達/重返, 等待人數: 9/18
[Barrier] Learner 4 到達/重返, 等待人數: 10/18
[Barrier] Learner 1 到達/重返, 等待人數: 11/18
[Barrier] Learner 15 到達/重返, 等待人數: 12/18
[Barrier] Learner 9 到達/重返, 等待人數: 13/18
[Barrier] Learner 8 到達/重返, 等待人數: 14/18
[Barrier] Learner 11 到達/重返, 等待人數: 15/18
[Barrier] Learner 0 到達/重返, 等待人數: 16/18
[Barrier] Learner 12 到達/重返, 等待人數: 17/18
[Table] MQ/CE SAT 填 hash=0x15c291c211515357
[Table] MQ/CE SAT 填 hash=0xfc64cb6d16b27e91
[Table] MQ/CE SAT 填 hash=0x4796e4e40f959b11
[Table] MQ/CE SAT 填 hash=0x21fdd82893240cd1
[Barrier] Learner 13 到達/重返, 等待人數: 18/18
[Global EQ] 啟動 Leader SAT 尋找反例
[Barrier] Learner 6 到達/重返, 等待人數: 1/18
[Barrier] Learner 12 到達/重返, 等待人數: 2/18
[Barrier] Learner 5 到達/重返, 等待人數: 3/18
[Barrier] Learner 13 到達/重返, 等待人數: 4/18
[Barrier] Learner 1 到達/重返, 等待人數: 5/18
[Barrier] Learner 17 到達/重返, 等待人數: 6/18
[Barrier] Learner 14 到達/重返, 等待人數: 7/18
[Barrier] Learner 16 到達/重返, 等待人數: 8/18
[Barrier] Learner 7 到達/重返, 等待人數: 9/18
[Barrier] Learner 15 到達/重返, 等待人數: 10/18
[Barrier] Learner 9 到達/重返, 等待人數: 11/18
[Barrier] Learner 10 到達/重返, 等待人數: 12/18
[Barrier] Learner 0 到達/重返, 等待人數: 13/18
[Barrier] Learner 3 到達/重返, 等待人數: 14/18
[Barrier] Learner 4 到達/重返, 等待人數: 15/18
[Barrier] Learner 2 到達/重返, 等待人數: 16/18
[Barrier] Learner 8 到達/重返, 等待人數: 17/18
[Table] MQ/CE SAT 填 hash=0x1e80051791ce9fb4
[Barrier] Learner 11 到達/重返, 等待人數: 18/18
[Global EQ] 啟動 Leader SAT 尋找反例
[Barrier] Learner 0 到達/重返, 等待人數: 1/18
[Barrier] Learner 14 到達/重返, 等待人數: 2/18
[Barrier] Learner 12 到達/重返, 等待人數: 3/18
[Barrier] Learner 5 到達/重返, 等待人數: 4/18
[Barrier] Learner 17 到達/重返, 等待人數: 5/18
[Barrier] Learner 9 到達/重返, 等待人數: 6/18
[Barrier] Learner 10 到達/重返, 等待人數: 7/18
[Barrier] Learner 3 到達/重返, 等待人數: 8/18
[Barrier] Learner 2 到達/重返, 等待人數: 9/18
[Barrier] Learner 7 到達/重返, 等待人數: 10/18
[Barrier] Learner 8 到達/重返, 等待人數: 11/18
[Barrier] Learner 4 到達/重返, 等待人數: 12/18
[Barrier] Learner 1 到達/重返, 等待人數: 13/18
[Barrier] Learner 13 到達/重返, 等待人數: 14/18
[Barrier] Learner 16 到達/重返, 等待人數: 15/18
[Barrier] Learner 15 到達/重返, 等待人數: 16/18
[Barrier] Learner 11 到達/重返, 等待人數: 17/18
[Barrier] Learner 6 到達/重返, 等待人數: 18/18
[Global EQ] 啟動 Leader SAT 尋找反例
[Barrier] Learner 6 到達/重返, 等待人數: 1/18
[Barrier] Learner 12 到達/重返, 等待人數: 2/18
[Barrier] Learner 7 到達/重返, 等待人數: 3/18
[Barrier] Learner 16 到達/重返, 等待人數: 4/18
[Barrier] Learner 11 到達/重返, 等待人數: 5/18
[Barrier] Learner 13 到達/重返, 等待人數: 6/18
[Barrier] Learner 14 到達/重返, 等待人數: 7/18
[Barrier] Learner 10 到達/重返, 等待人數: 8/18
[Barrier] Learner 15 到達/重返, 等待人數: 9/18
[Barrier] Learner 17 到達/重返, 等待人數: 10/18
[Barrier] Learner 2 到達/重返, 等待人數: 11/18
[Barrier] Learner 0 到達/重返, 等待人數: 12/18
[Barrier] Learner 4 到達/重返, 等待人數: 13/18
[Barrier] Learner 8 到達/重返, 等待人數: 14/18
[Barrier] Learner 3 到達/重返, 等待人數: 15/18
[Barrier] Learner 9 到達/重返, 等待人數: 16/18
[Barrier] Learner 1 到達/重返, 等待人數: 17/18
[Barrier] Learner 5 到達/重返, 等待人數: 18/18
[Global EQ] 啟動 Leader SAT 尋找反例
[Barrier] Learner 5 到達/重返, 等待人數: 1/18
[Barrier] Learner 2 到達/重返, 等待人數: 2/18
[Barrier] Learner 15 到達/重返, 等待人數: 3/18
[Barrier] Learner 13 到達/重返, 等待人數: 4/18
[Barrier] Learner 10 到達/重返, 等待人數: 5/18
[Barrier] Learner 11 到達/重返, 等待人數: 6/18
[Barrier] Learner 0 到達/重返, 等待人數: 7/18
[Barrier] Learner 3 到達/重返, 等待人數: 8/18
[Barrier] Learner 14 到達/重返, 等待人數: 9/18
[Barrier] Learner 4 到達/重返, 等待人數: 10/18
[Barrier] Learner 1 到達/重返, 等待人數: 11/18
[Barrier] Learner 7 到達/重返, 等待人數: 12/18
[Barrier] Learner 16 到達/重返, 等待人數: 13/18
[Barrier] Learner 6 到達/重返, 等待人數: 14/18
[Barrier] Learner 9 到達/重返, 等待人數: 15/18
[Barrier] Learner 8 到達/重返, 等待人數: 16/18
[Barrier] Learner 12 到達/重返, 等待人數: 17/18
[Barrier] Learner 17 到達/重返, 等待人數: 18/18
[Global EQ] 啟動 Leader SAT 尋找反例
[Barrier] Learner 17 到達/重返, 等待人數: 1/18
[Barrier] Learner 11 到達/重返, 等待人數: 2/18
[Barrier] Learner 6 到達/重返, 等待人數: 3/18
[Barrier] Learner 10 到達/重返, 等待人數: 4/18
[Barrier] Learner 0 到達/重返, 等待人數: 5/18
[Barrier] Learner 4 到達/重返, 等待人數: 6/18
[Barrier] Learner 7 到達/重返, 等待人數: 7/18
[Barrier] Learner 15 到達/重返, 等待人數: 8/18
[Barrier] Learner 2 到達/重返, 等待人數: 9/18
[Barrier] Learner 8 到達/重返, 等待人數: 10/18
[Barrier] Learner 16 到達/重返, 等待人數: 11/18
[Barrier] Learner 14 到達/重返, 等待人數: 12/18
[Barrier] Learner 9 到達/重返, 等待人數: 13/18
[Barrier] Learner 5 到達/重返, 等待人數: 14/18
[Barrier] Learner 1 到達/重返, 等待人數: 15/18
[Barrier] Learner 3 到達/重返, 等待人數: 16/18
[Barrier] Learner 12 到達/重返, 等待人數: 17/18
[Barrier] Learner 13 到達/重返, 等待人數: 18/18
[Global EQ] 啟動 Leader SAT 尋找反例
[Barrier] Learner 13 到達/重返, 等待人數: 1/18
[Barrier] Learner 16 到達/重返, 等待人數: 2/18
[Barrier] Learner 7 到達/重返, 等待人數: 3/18
[Barrier] Learner 5 到達/重返, 等待人數: 4/18
[Barrier] Learner 3 到達/重返, 等待人數: 5/18
[Barrier] Learner 9 到達/重返, 等待人數: 6/18
[Barrier] Learner 2 到達/重返, 等待人數: 7/18
[Barrier] Learner 14 到達/重返, 等待人數: 8/18
[Barrier] Learner 8 到達/重返, 等待人數: 9/18
[Barrier] Learner 0 到達/重返, 等待人數: 10/18
[Barrier] Learner 10 到達/重返, 等待人數: 11/18
[Barrier] Learner 4 到達/重返, 等待人數: 12/18
[Barrier] Learner 15 到達/重返, 等待人數: 13/18
[Barrier] Learner 11 到達/重返, 等待人數: 14/18
[Barrier] Learner 12 到達/重返, 等待人數: 15/18
[Barrier] Learner 1 到達/重返, 等待人數: 16/18
[Barrier] Learner 6 到達/重返, 等待人數: 17/18
[Table] MQ/CE SAT 填 hash=0x997d801dc0eb05b9
[Table] MQ/CE SAT 填 hash=0x2c4a067b7f23ccd9
[Table] MQ/CE SAT 填 hash=0x1cf8159e9bf45d14
[Barrier] Learner 17 到達/重返, 等待人數: 18/18
[Global EQ] 啟動 Leader SAT 尋找反例
[Barrier] Learner 14 到達/重返, 等待人數: 1/18
[Barrier] Learner 16 到達/重返, 等待人數: 2/18
[Barrier] Learner 15 到達/重返, 等待人數: 3/18
[Barrier] Learner 10 到達/重返, 等待人數: 4/18
[Barrier] Learner 1 到達/重返, 等待人數: 5/18
[Barrier] Learner 2 到達/重返, 等待人數: 6/18
[Barrier] Learner 6 到達/重返, 等待人數: 7/18
[Barrier] Learner 5 到達/重返, 等待人數: 8/18
[Barrier] Learner 0 到達/重返, 等待人數: 9/18
[Barrier] Learner 8 到達/重返, 等待人數: 10/18
[Barrier] Learner 9 到達/重返, 等待人數: 11/18
[Barrier] Learner 17 到達/重返, 等待人數: 12/18
[Barrier] Learner 11 到達/重返, 等待人數: 13/18
[Barrier] Learner 3 到達/重返, 等待人數: 14/18
[Barrier] Learner 7 到達/重返, 等待人數: 15/18
[Barrier] Learner 4 到達/重返, 等待人數: 16/18
[Barrier] Learner 12 到達/重返, 等待人數: 17/18
[Barrier] Learner 13 到達/重返, 等待人數: 18/18
[Global EQ] 啟動 Leader SAT 尋找反例
[Barrier] Learner 13 到達/重返, 等待人數: 1/18
[Barrier] Learner 6 到達/重返, 等待人數: 2/18
[Barrier] Learner 1 到達/重返, 等待人數: 3/18
[Barrier] Learner 0 到達/重返, 等待人數: 4/18
[Barrier] Learner 2 到達/重返, 等待人數: 5/18
[Barrier] Learner 7 到達/重返, 等待人數: 6/18
[Barrier] Learner 5 到達/重返, 等待人數: 7/18
[Barrier] Learner 3 到達/重返, 等待人數: 8/18
[Barrier] Learner 10 到達/重返, 等待人數: 9/18
[Barrier] Learner 9 到達/重返, 等待人數: 10/18
[Barrier] Learner 14 到達/重返, 等待人數: 11/18
[Barrier] Learner 11 到達/重返, 等待人數: 12/18
[Barrier] Learner 17 到達/重返, 等待人數: 13/18
[Barrier] Learner 4 到達/重返, 等待人數: 14/18
[Barrier] Learner 16 到達/重返, 等待人數: 15/18
[Barrier] Learner 8 到達/重返, 等待人數: 16/18
[Barrier] Learner 12 到達/重返, 等待人數: 17/18
[Table] MQ/CE SAT 填 hash=0x9cbafa53edb017cf
[Barrier] Learner 15 到達/重返, 等待人數: 18/18
[Global EQ] 啟動 Leader SAT 尋找反例
[Barrier] Learner 13 到達/重返, 等待人數: 1/18
[Barrier] Learner 14 到達/重返, 等待人數: 2/18
[Barrier] Learner 17 到達/重返, 等待人數: 3/18
[Barrier] Learner 5 到達/重返, 等待人數: 4/18
[Barrier] Learner 7 到達/重返, 等待人數: 5/18
[Barrier] Learner 2 到達/重返, 等待人數: 6/18
[Barrier] Learner 12 到達/重返, 等待人數: 7/18
[Barrier] Learner 3 到達/重返, 等待人數: 8/18
[Barrier] Learner 10 到達/重返, 等待人數: 9/18
[Barrier] Learner 9 到達/重返, 等待人數: 10/18
[Barrier] Learner 1 到達/重返, 等待人數: 11/18
[Barrier] Learner 0 到達/重返, 等待人數: 12/18
[Barrier] Learner 8 到達/重返, 等待人數: 13/18
[Barrier] Learner 4 到達/重返, 等待人數: 14/18
[Barrier] Learner 16 到達/重返, 等待人數: 15/18
[Barrier] Learner 6 到達/重返, 等待人數: 16/18
[Table] MQ/CE SAT 填 hash=0xeb25bc772a4330ee
[Table] MQ/CE SAT 填 hash=0x973004ee8d5aa214
[Table] MQ/CE SAT 填 hash=0x8be313f8a13980fe
[Table] MQ/CE SAT 填 hash=0x12544fb487df63e4
[Barrier] Learner 15 到達/重返, 等待人數: 17/18
[Barrier] Learner 11 到達/重返, 等待人數: 18/18
[Global EQ] 啟動 Leader SAT 尋找反例
[Barrier] Learner 11 到達/重返, 等待人數: 1/18
[Barrier] Learner 13 到達/重返, 等待人數: 2/18
[Barrier] Learner 7 到達/重返, 等待人數: 3/18
[Barrier] Learner 6 到達/重返, 等待人數: 4/18
[Barrier] Learner 15 到達/重返, 等待人數: 5/18
[Barrier] Learner 3 到達/重返, 等待人數: 6/18
[Barrier] Learner 2 到達/重返, 等待人數: 7/18
[Barrier] Learner 9 到達/重返, 等待人數: 8/18
[Barrier] Learner 10 到達/重返, 等待人數: 9/18
[Barrier] Learner 16 到達/重返, 等待人數: 10/18
[Barrier] Learner 5 到達/重返, 等待人數: 11/18
[Barrier] Learner 14 到達/重返, 等待人數: 12/18
[Barrier] Learner 17 到達/重返, 等待人數: 13/18
[Barrier] Learner 12 到達/重返, 等待人數: 14/18
[Barrier] Learner 0 到達/重返, 等待人數: 15/18
[Barrier] Learner 4 到達/重返, 等待人數: 16/18
[Barrier] Learner 1 到達/重返, 等待人數: 17/18
[Table] MQ/CE SAT 填 hash=0x6938385d57393731
[Barrier] Learner 8 到達/重返, 等待人數: 18/18
[Global EQ] 啟動 Leader SAT 尋找反例
[Barrier] Learner 8 到達/重返, 等待人數: 1/18
[Barrier] Learner 10 到達/重返, 等待人數: 2/18
[Barrier] Learner 16 到達/重返, 等待人數: 3/18
[Barrier] Learner 15 到達/重返, 等待人數: 4/18
[Barrier] Learner 1 到達/重返, 等待人數: 5/18
[Barrier] Learner 14 到達/重返, 等待人數: 6/18
[Barrier] Learner 6 到達/重返, 等待人數: 7/18
[Barrier] Learner 9 到達/重返, 等待人數: 8/18
[Barrier] Learner 7 到達/重返, 等待人數: 9/18
[Barrier] Learner 4 到達/重返, 等待人數: 10/18
[Barrier] Learner 2 到達/重返, 等待人數: 11/18
[Barrier] Learner 3 到達/重返, 等待人數: 12/18
[Barrier] Learner 12 到達/重返, 等待人數: 13/18
[Barrier] Learner 11 到達/重返, 等待人數: 14/18
[Barrier] Learner 17 到達/重返, 等待人數: 15/18
[Barrier] Learner 0 到達/重返, 等待人數: 16/18
[Barrier] Learner 5 到達/重返, 等待人數: 17/18
[Barrier] Learner 13 到達/重返, 等待人數: 18/18
[Global EQ] 啟動 Leader SAT 尋找反例
[Barrier] Learner 13 到達/重返, 等待人數: 1/18
[Barrier] Learner 3 到達/重返, 等待人數: 2/18
[Barrier] Learner 17 到達/重返, 等待人數: 3/18
[Barrier] Learner 2 到達/重返, 等待人數: 4/18
[Barrier] Learner 7 到達/重返, 等待人數: 5/18
[Barrier] Learner 12 到達/重返, 等待人數: 6/18
[Barrier] Learner 9 到達/重返, 等待人數: 7/18
[Barrier] Learner 16 到達/重返, 等待人數: 8/18
[Barrier] Learner 5 到達/重返, 等待人數: 9/18
[Barrier] Learner 11 到達/重返, 等待人數: 10/18
[Barrier] Learner 14 到達/重返, 等待人數: 11/18
[Barrier] Learner 6 到達/重返, 等待人數: 12/18
[Barrier] Learner 8 到達/重返, 等待人數: 13/18
[Barrier] Learner 10 到達/重返, 等待人數: 14/18
[Barrier] Learner 4 到達/重返, 等待人數: 15/18
[Barrier] Learner 0 到達/重返, 等待人數: 16/18
[Barrier] Learner 1 到達/重返, 等待人數: 17/18
[Table] MQ/CE SAT 填 hash=0x740d3d1c9c74eed8
[Table] MQ/CE SAT 填 hash=0x2d3a058278587b4a
[Table] MQ/CE SAT 填 hash=0x9d069b5664a4183
[Barrier] Learner 15 到達/重返, 等待人數: 18/18
[Global EQ] 啟動 Leader SAT 尋找反例
[Barrier] Learner 17 到達/重返, 等待人數: 1/18
[Barrier] Learner 1 到達/重返, 等待人數: 2/18
[Barrier] Learner 13 到達/重返, 等待人數: 3/18
[Barrier] Learner 12 到達/重返, 等待人數: 4/18
[Barrier] Learner 11 到達/重返, 等待人數: 5/18
[Barrier] Learner 10 到達/重返, 等待人數: 6/18
[Barrier] Learner 14 到達/重返, 等待人數: 7/18
[Barrier] Learner 3 到達/重返, 等待人數: 8/18
[Barrier] Learner 5 到達/重返, 等待人數: 9/18
[Barrier] Learner 7 到達/重返, 等待人數: 10/18
[Barrier] Learner 4 到達/重返, 等待人數: 11/18
[Barrier] Learner 0 到達/重返, 等待人數: 12/18
[Barrier] Learner 8 到達/重返, 等待人數: 13/18
[Barrier] Learner 15 到達/重返, 等待人數: 14/18
[Barrier] Learner 2 到達/重返, 等待人數: 15/18
[Barrier] Learner 16 到達/重返, 等待人數: 16/18
[Barrier] Learner 9 到達/重返, 等待人數: 17/18
[Barrier] Learner 6 到達/重返, 等待人數: 18/18
[Global EQ] 啟動 Leader SAT 尋找反例
[Barrier] Learner 4 到達/重返, 等待人數: 1/18
[Barrier] Learner 2 到達/重返, 等待人數: 2/18
[Barrier] Learner 0 到達/重返, 等待人數: 3/18
[Barrier] Learner 8 到達/重返, 等待人數: 4/18
[Barrier] Learner 13 到達/重返, 等待人數: 5/18
[Barrier] Learner 14 到達/重返, 等待人數: 6/18
[Barrier] Learner 6 到達/重返, 等待人數: 7/18
[Barrier] Learner 3 到達/重返, 等待人數: 8/18
[Barrier] Learner 7 到達/重返, 等待人數: 9/18
[Barrier] Learner 12 到達/重返, 等待人數: 10/18
[Barrier] Learner 5 到達/重返, 等待人數: 11/18
[Barrier] Learner 17 到達/重返, 等待人數: 12/18
[Barrier] Learner 9 到達/重返, 等待人數: 13/18
[Barrier] Learner 16 到達/重返, 等待人數: 14/18
[Barrier] Learner 10 到達/重返, 等待人數: 15/18
[Barrier] Learner 1 到達/重返, 等待人數: 16/18
[Table] MQ/CE SAT 填 hash=0xce8f4d75ebf45f89
[Barrier] Learner 15 到達/重返, 等待人數: 17/18
[Table] MQ/CE SAT 填 hash=0x615bd3d3aa2d26a9
[Table] MQ/CE SAT 填 hash=0x58bc6f5e88e73a95
[Table] MQ/CE SAT 填 hash=0x847539fddcc1d355
[Table] MQ/CE SAT 填 hash=0x8a5ff609947453d5
[Table] MQ/CE SAT 填 hash=0xcc390cc7b628af45
[Table] MQ/CE SAT 填 hash=0x73e4736244797779
[Barrier] Learner 11 到達/重返, 等待人數: 18/18
[Global EQ] 啟動 Leader SAT 尋找反例
[Barrier] Learner 11 到達/重返, 等待人數: 1/18
[Barrier] Learner 4 到達/重返, 等待人數: 2/18
[Barrier] Learner 5 到達/重返, 等待人數: 3/18
[Barrier] Learner 1 到達/重返, 等待人數: 4/18
[Barrier] Learner 16 到達/重返, 等待人數: 5/18
[Barrier] Learner 2 到達/重返, 等待人數: 6/18
[Barrier] Learner 0 到達/重返, 等待人數: 7/18
[Barrier] Learner 10 到達/重返, 等待人數: 8/18
[Barrier] Learner 13 到達/重返, 等待人數: 9/18
[Barrier] Learner 14 到達/重返, 等待人數: 10/18
[Barrier] Learner 17 到達/重返, 等待人數: 11/18
[Barrier] Learner 15 到達/重返, 等待人數: 12/18
[Barrier] Learner 12 到達/重返, 等待人數: 13/18
[Barrier] Learner 8 到達/重返, 等待人數: 14/18
[Barrier] Learner 6 到達/重返, 等待人數: 15/18
[Barrier] Learner 7 到達/重返, 等待人數: 16/18
[Barrier] Learner 3 到達/重返, 等待人數: 17/18
[Table] MQ/CE SAT 填 hash=0x9aec36dfd6ad4ea4
[Table] MQ/CE SAT 填 hash=0x64527a0eb5c9b234
[Table] MQ/CE SAT 填 hash=0x8c81cfef13874638
[Barrier] Learner 9 到達/重返, 等待人數: 18/18
[Global EQ] 啟動 Leader SAT 尋找反例
[Barrier] Learner 13 到達/重返, 等待人數: 1/18
[Barrier] Learner 15 到達/重返, 等待人數: 2/18
[Barrier] Learner 14 到達/重返, 等待人數: 3/18
[Barrier] Learner 6 到達/重返, 等待人數: 4/18
[Barrier] Learner 4 到達/重返, 等待人數: 5/18
[Barrier] Learner 5 到達/重返, 等待人數: 6/18
[Barrier] Learner 3 到達/重返, 等待人數: 7/18
[Barrier] Learner 7 到達/重返, 等待人數: 8/18
[Barrier] Learner 8 到達/重返, 等待人數: 9/18
[Barrier] Learner 12 到達/重返, 等待人數: 10/18
[Barrier] Learner 1 到達/重返, 等待人數: 11/18
[Barrier] Learner 0 到達/重返, 等待人數: 12/18
[Barrier] Learner 2 到達/重返, 等待人數: 13/18
[Barrier] Learner 11 到達/重返, 等待人數: 14/18
[Barrier] Learner 16 到達/重返, 等待人數: 15/18
[Barrier] Learner 10 到達/重返, 等待人數: 16/18
[Barrier] Learner 17 到達/重返, 等待人數: 17/18
[Table] MQ/CE SAT 填 hash=0x44c70e68cf616b51
[Table] MQ/CE SAT 填 hash=0xe2d5197ae7dcee1
[Barrier] Learner 9 到達/重返, 等待人數: 18/18
[Global EQ] 啟動 Leader SAT 尋找反例
[Barrier] Learner 9 到達/重返, 等待人數: 1/18
[Barrier] Learner 3 到達/重返, 等待人數: 2/18
[Barrier] Learner 14 到達/重返, 等待人數: 3/18
[Barrier] Learner 7 到達/重返, 等待人數: 4/18
[Barrier] Learner 11 到達/重返, 等待人數: 5/18
[Barrier] Learner 17 到達/重返, 等待人數: 6/18
[Barrier] Learner 0 到達/重返, 等待人數: 7/18
[Barrier] Learner 2 到達/重返, 等待人數: 8/18
[Barrier] Learner 16 到達/重返, 等待人數: 9/18
[Barrier] Learner 13 到達/重返, 等待人數: 10/18
[Barrier] Learner 8 到達/重返, 等待人數: 11/18
[Barrier] Learner 15 到達/重返, 等待人數: 12/18
[Barrier] Learner 4 到達/重返, 等待人數: 13/18
[Barrier] Learner 12 到達/重返, 等待人數: 14/18
[Barrier] Learner 6 到達/重返, 等待人數: 15/18
[Barrier] Learner 1 到達/重返, 等待人數: 16/18
[Table] MQ/CE SAT 填 hash=0xd8bb27295923ef4a
[Table] MQ/CE SAT 填 hash=0xfe5433e4d5957d8a
[Table] MQ/CE SAT 填 hash=0x6b87ad87175cb66a
[Barrier] Learner 10 到達/重返, 等待人數: 17/18
[Barrier] Learner 5 到達/重返, 等待人數: 18/18
[Global EQ] 啟動 Leader SAT 尋找反例
[Barrier] Learner 5 到達/重返, 等待人數: 1/18
[Barrier] Learner 11 到達/重返, 等待人數: 2/18
[Barrier] Learner 14 到達/重返, 等待人數: 3/18
[Barrier] Learner 15 到達/重返, 等待人數: 4/18
[Barrier] Learner 3 到達/重返, 等待人數: 5/18
[Barrier] Learner 16 到達/重返, 等待人數: 6/18
[Barrier] Learner 13 到達/重返, 等待人數: 7/18
[Barrier] Learner 1 到達/重返, 等待人數: 8/18
[Barrier] Learner 17 到達/重返, 等待人數: 9/18
[Barrier] Learner 4 到達/重返, 等待人數: 10/18
[Barrier] Learner 7 到達/重返, 等待人數: 11/18
[Barrier] Learner 12 到達/重返, 等待人數: 12/18
[Barrier] Learner 0 到達/重返, 等待人數: 13/18
[Barrier] Learner 10 到達/重返, 等待人數: 14/18
[Barrier] Learner 6 到達/重返, 等待人數: 15/18
[Barrier] Learner 8 到達/重返, 等待人數: 16/18
[Table] MQ/CE SAT 填 hash=0x8e108aec7f09b9e3
[Table] MQ/CE SAT 填 hash=0x37e496f10215a585
[Barrier] Learner 2 到達/重返, 等待人數: 17/18
[Barrier] Learner 9 到達/重返, 等待人數: 18/18
[Global EQ] 啟動 Leader SAT 尋找反例
[Barrier] Learner 9 到達/重返, 等待人數: 1/18
[Barrier] Learner 6 到達/重返, 等待人數: 2/18
[Barrier] Learner 16 到達/重返, 等待人數: 3/18
[Barrier] Learner 13 到達/重返, 等待人數: 4/18
[Barrier] Learner 5 到達/重返, 等待人數: 5/18
[Barrier] Learner 4 到達/重返, 等待人數: 6/18
[Barrier] Learner 14 到達/重返, 等待人數: 7/18
[Barrier] Learner 2 到達/重返, 等待人數: 8/18
[Barrier] Learner 7 到達/重返, 等待人數: 9/18
[Barrier] Learner 17 到達/重返, 等待人數: 10/18
[Barrier] Learner 3 到達/重返, 等待人數: 11/18
[Barrier] Learner 11 到達/重返, 等待人數: 12/18
[Barrier] Learner 12 到達/重返, 等待人數: 13/18
[Barrier] Learner 0 到達/重返, 等待人數: 14/18
[Barrier] Learner 15 到達/重返, 等待人數: 15/18
[Barrier] Learner 8 到達/重返, 等待人數: 16/18
[Barrier] Learner 10 到達/重返, 等待人數: 17/18
[Barrier] Learner 1 到達/重返, 等待人數: 18/18
[Global EQ] 啟動 Leader SAT 尋找反例
[Barrier] Learner 17 到達/重返, 等待人數: 1/18
[Barrier] Learner 16 到達/重返, 等待人數: 2/18
[Barrier] Learner 14 到達/重返, 等待人數: 3/18
[Barrier] Learner 11 到達/重返, 等待人數: 4/18
[Barrier] Learner 5 到達/重返, 等待人數: 5/18
[Barrier] Learner 6 到達/重返, 等待人數: 6/18
[Barrier] Learner 12 到達/重返, 等待人數: 7/18
[Barrier] Learner 13 到達/重返, 等待人數: 8/18
[Barrier] Learner 2 到達/重返, 等待人數: 9/18
[Barrier] Learner 10 到達/重返, 等待人數: 10/18
[Barrier] Learner 8 到達/重返, 等待人數: 11/18
[Barrier] Learner 1 到達/重返, 等待人數: 12/18
[Barrier] Learner 9 到達/重返, 等待人數: 13/18
[Barrier] Learner 7 到達/重返, 等待人數: 14/18
[Barrier] Learner 15 到達/重返, 等待人數: 15/18
[Barrier] Learner 3 到達/重返, 等待人數: 16/18
[Barrier] Learner 4 到達/重返, 等待人數: 17/18
[Table] MQ/CE SAT 填 hash=0x4f73496dbca1ab99
[Table] MQ/CE SAT 填 hash=0x36158318c202d6d3
[Table] MQ/CE SAT 填 hash=0x5bae8fd43e746513
[Table] MQ/CE SAT 填 hash=0xfc6be755b56ab523
[Table] MQ/CE SAT 填 hash=0x76fb6e3ccee6334b
[Barrier] Learner 0 到達/重返, 等待人數: 18/18
[Global EQ] 啟動 Leader SAT 尋找反例
[Barrier] Learner 0 到達/重返, 等待人數: 1/18
[Barrier] Learner 7 到達/重返, 等待人數: 2/18
[Barrier] Learner 14 到達/重返, 等待人數: 3/18
[Barrier] Learner 8 到達/重返, 等待人數: 4/18
[Barrier] Learner 15 到達/重返, 等待人數: 5/18
[Barrier] Learner 10 到達/重返, 等待人數: 6/18
[Barrier] Learner 4 到達/重返, 等待人數: 7/18
[Barrier] Learner 2 到達/重返, 等待人數: 8/18
[Barrier] Learner 12 到達/重返, 等待人數: 9/18
[Barrier] Learner 9 到達/重返, 等待人數: 10/18
[Barrier] Learner 16 到達/重返, 等待人數: 11/18
[Barrier] Learner 1 到達/重返, 等待人數: 12/18
[Barrier] Learner 13 到達/重返, 等待人數: 13/18
[Barrier] Learner 17 到達/重返, 等待人數: 14/18
[Barrier] Learner 5 到達/重返, 等待人數: 15/18
[Barrier] Learner 3 到達/重返, 等待人數: 16/18
[Barrier] Learner 6 到達/重返, 等待人數: 17/18
[Barrier] Learner 11 到達/重返, 等待人數: 18/18
[Global EQ] 啟動 Leader SAT 尋找反例
[Barrier] Learner 2 到達/重返, 等待人數: 1/18
[Barrier] Learner 13 到達/重返, 等待人數: 2/18
[Barrier] Learner 4 到達/重返, 等待人數: 3/18
[Barrier] Learner 11 到達/重返, 等待人數: 4/18
[Barrier] Learner 0 到達/重返, 等待人數: 5/18
[Barrier] Learner 8 到達/重返, 等待人數: 6/18
[Barrier] Learner 1 到達/重返, 等待人數: 7/18
[Barrier] Learner 9 到達/重返, 等待人數: 8/18
[Barrier] Learner 10 到達/重返, 等待人數: 9/18
[Barrier] Learner 7 到達/重返, 等待人數: 10/18
[Barrier] Learner 16 到達/重返, 等待人數: 11/18
[Barrier] Learner 3 到達/重返, 等待人數: 12/18
[Barrier] Learner 15 到達/重返, 等待人數: 13/18
[Barrier] Learner 14 到達/重返, 等待人數: 14/18
[Barrier] Learner 5 到達/重返, 等待人數: 15/18
[Barrier] Learner 12 到達/重返, 等待人數: 16/18
[Barrier] Learner 6 到達/重返, 等待人數: 17/18
[Barrier] Learner 17 到達/重返, 等待人數: 18/18
[Global EQ] 啟動 Leader SAT 尋找反例
[Barrier] Learner 17 到達/重返, 等待人數: 1/18
[Barrier] Learner 16 到達/重返, 等待人數: 2/18
[Barrier] Learner 8 到達/重返, 等待人數: 3/18
[Barrier] Learner 10 到達/重返, 等待人數: 4/18
[Barrier] Learner 11 到達/重返, 等待人數: 5/18
[Barrier] Learner 1 到達/重返, 等待人數: 6/18
[Barrier] Learner 7 到達/重返, 等待人數: 7/18
[Barrier] Learner 12 到達/重返, 等待人數: 8/18
[Barrier] Learner 0 到達/重返, 等待人數: 9/18
[Barrier] Learner 5 到達/重返, 等待人數: 10/18
[Barrier] Learner 2 到達/重返, 等待人數: 11/18
[Barrier] Learner 14 到達/重返, 等待人數: 12/18
[Barrier] Learner 13 到達/重返, 等待人數: 13/18
[Barrier] Learner 15 到達/重返, 等待人數: 14/18
[Barrier] Learner 3 到達/重返, 等待人數: 15/18
[Barrier] Learner 4 到達/重返, 等待人數: 16/18
[Barrier] Learner 9 到達/重返, 等待人數: 17/18
[Barrier] Learner 6 到達/重返, 等待人數: 18/18
[Global EQ] 啟動 Leader SAT 尋找反例
[Barrier] Learner 6 到達/重返, 等待人數: 1/18
[Barrier] Learner 8 到達/重返, 等待人數: 2/18
[Barrier] Learner 2 到達/重返, 等待人數: 3/18
[Barrier] Learner 17 到達/重返, 等待人數: 4/18
[Barrier] Learner 12 到達/重返, 等待人數: 5/18
[Barrier] Learner 7 到達/重返, 等待人數: 6/18
[Barrier] Learner 3 到達/重返, 等待人數: 7/18
[Barrier] Learner 15 到達/重返, 等待人數: 8/18
[Barrier] Learner 16 到達/重返, 等待人數: 9/18
[Barrier] Learner 5 到達/重返, 等待人數: 10/18
[Barrier] Learner 11 到達/重返, 等待人數: 11/18
[Barrier] Learner 0 到達/重返, 等待人數: 12/18
[Barrier] Learner 13 到達/重返, 等待人數: 13/18
[Barrier] Learner 4 到達/重返, 等待人數: 14/18
[Barrier] Learner 1 到達/重返, 等待人數: 15/18
[Barrier] Learner 10 到達/重返, 等待人數: 16/18
[Barrier] Learner 14 到達/重返, 等待人數: 17/18
[Table] MQ/CE SAT 填 hash=0x3db3d9265021ad6f
[Table] MQ/CE SAT 填 hash=0x181acc6ad3b01f2f
[Table] MQ/CE SAT 填 hash=0x854e460d1577580f
[Table] MQ/CE SAT 填 hash=0x6a0167a4850589d7
[Table] MQ/CE SAT 填 hash=0x55e9bcb45626bfd5
[Barrier] Learner 9 到達/重返, 等待人數: 18/18
[Global EQ] 啟動 Leader SAT 尋找反例
[Barrier] Learner 9 到達/重返, 等待人數: 1/18
[Barrier] Learner 10 到達/重返, 等待人數: 2/18
[Barrier] Learner 8 到達/重返, 等待人數: 3/18
[Barrier] Learner 12 到達/重返, 等待人數: 4/18
[Barrier] Learner 7 到達/重返, 等待人數: 5/18
[Barrier] Learner 0 到達/重返, 等待人數: 6/18
[Barrier] Learner 14 到達/重返, 等待人數: 7/18
[Barrier] Learner 1 到達/重返, 等待人數: 8/18
[Barrier] Learner 16 到達/重返, 等待人數: 9/18
[Barrier] Learner 15 到達/重返, 等待人數: 10/18
[Barrier] Learner 17 到達/重返, 等待人數: 11/18
[Barrier] Learner 6 到達/重返, 等待人數: 12/18
[Barrier] Learner 5 到達/重返, 等待人數: 13/18
[Barrier] Learner 2 到達/重返, 等待人數: 14/18
[Barrier] Learner 13 到達/重返, 等待人數: 15/18
[Barrier] Learner 3 到達/重返, 等待人數: 16/18
[Barrier] Learner 11 到達/重返, 等待人數: 17/18
[Barrier] Learner 4 到達/重返, 等待人數: 18/18
[Global EQ] 啟動 Leader SAT 尋找反例
[Barrier] Learner 4 到達/重返, 等待人數: 1/18
[Barrier] Learner 7 到達/重返, 等待人數: 2/18
[Barrier] Learner 9 到達/重返, 等待人數: 3/18
[Barrier] Learner 0 到達/重返, 等待人數: 4/18
[Barrier] Learner 3 到達/重返, 等待人數: 5/18
[Barrier] Learner 17 到達/重返, 等待人數: 6/18
[Barrier] Learner 8 到達/重返, 等待人數: 7/18
[Barrier] Learner 16 到達/重返, 等待人數: 8/18
[Barrier] Learner 10 到達/重返, 等待人數: 9/18
[Barrier] Learner 2 到達/重返, 等待人數: 10/18
[Barrier] Learner 11 到達/重返, 等待人數: 11/18
[Barrier] Learner 12 到達/重返, 等待人數: 12/18
[Barrier] Learner 13 到達/重返, 等待人數: 13/18
[Barrier] Learner 6 到達/重返, 等待人數: 14/18
[Barrier] Learner 15 到達/重返, 等待人數: 15/18
[Barrier] Learner 1 到達/重返, 等待人數: 16/18
[Barrier] Learner 5 到達/重返, 等待人數: 17/18
[Barrier] Learner 14 到達/重返, 等待人數: 18/18
[Global EQ] 啟動 Leader SAT 尋找反例
[Barrier] Learner 7 到達/重返, 等待人數: 1/18
[Barrier] Learner 14 到達/重返, 等待人數: 2/18
[Barrier] Learner 11 到達/重返, 等待人數: 3/18
[Barrier] Learner 0 到達/重返, 等待人數: 4/18
[Barrier] Learner 3 到達/重返, 等待人數: 5/18
[Barrier] Learner 8 到達/重返, 等待人數: 6/18
[Barrier] Learner 2 到達/重返, 等待人數: 7/18
[Barrier] Learner 1 到達/重返, 等待人數: 8/18
[Barrier] Learner 13 到達/重返, 等待人數: 9/18
[Barrier] Learner 4 到達/重返, 等待人數: 10/18
[Barrier] Learner 9 到達/重返, 等待人數: 11/18
[Barrier] Learner 17 到達/重返, 等待人數: 12/18
[Barrier] Learner 5 到達/重返, 等待人數: 13/18
[Barrier] Learner 10 到達/重返, 等待人數: 14/18
[Barrier] Learner 16 到達/重返, 等待人數: 15/18
[Barrier] Learner 12 到達/重返, 等待人數: 16/18
[Barrier] Learner 6 到達/重返, 等待人數: 17/18
[Barrier] Learner 15 到達/重返, 等待人數: 18/18
[Global EQ] 啟動 Leader SAT 尋找反例
[Barrier] Learner 5 到達/重返, 等待人數: 1/18
[Barrier] Learner 10 到達/重返, 等待人數: 2/18
[Barrier] Learner 9 到達/重返, 等待人數: 3/18
[Barrier] Learner 3 到達/重返, 等待人數: 4/18
[Barrier] Learner 4 到達/重返, 等待人數: 5/18
[Barrier] Learner 1 到達/重返, 等待人數: 6/18
[Barrier] Learner 7 到達/重返, 等待人數: 7/18
[Barrier] Learner 8 到達/重返, 等待人數: 8/18
[Barrier] Learner 13 到達/重返, 等待人數: 9/18
[Barrier] Learner 17 到達/重返, 等待人數: 10/18
[Barrier] Learner 11 到達/重返, 等待人數: 11/18
[Barrier] Learner 14 到達/重返, 等待人數: 12/18
[Barrier] Learner 2 到達/重返, 等待人數: 13/18
[Barrier] Learner 12 到達/重返, 等待人數: 14/18
[Barrier] Learner 0 到達/重返, 等待人數: 15/18
[Barrier] Learner 6 到達/重返, 等待人數: 16/18
[Barrier] Learner 16 到達/重返, 等待人數: 17/18
[Table] MQ/CE SAT 填 hash=0xabc85cf4cf4fd107
[Table] MQ/CE SAT 填 hash=0x790cd04ada12277b
[Table] MQ/CE SAT 填 hash=0xdcbde15130996dfb
[Barrier] Learner 15 到達/重返, 等待人數: 18/18
[Global EQ] 啟動 Leader SAT 尋找反例
[Barrier] Learner 15 到達/重返, 等待人數: 1/18
[Barrier] Learner 1 到達/重返, 等待人數: 2/18
[Barrier] Learner 0 到達/重返, 等待人數: 3/18
[Barrier] Learner 5 到達/重返, 等待人數: 4/18
[Barrier] Learner 7 到達/重返, 等待人數: 5/18
[Barrier] Learner 12 到達/重返, 等待人數: 6/18
[Barrier] Learner 8 到達/重返, 等待人數: 7/18
[Barrier] Learner 2 到達/重返, 等待人數: 8/18
[Barrier] Learner 17 到達/重返, 等待人數: 9/18
[Barrier] Learner 11 到達/重返, 等待人數: 10/18
[Barrier] Learner 4 到達/重返, 等待人數: 11/18
[Barrier] Learner 10 到達/重返, 等待人數: 12/18
[Barrier] Learner 14 到達/重返, 等待人數: 13/18
[Barrier] Learner 6 到達/重返, 等待人數: 14/18
[Barrier] Learner 3 到達/重返, 等待人數: 15/18
[Barrier] Learner 16 到達/重返, 等待人數: 16/18
[Barrier] Learner 9 到達/重返, 等待人數: 17/18
[Table] MQ/CE SAT 填 hash=0xc54aad4a75be319a
[Table] MQ/CE SAT 填 hash=0x107cc6c16ea14e1a
[Table] MQ/CE SAT 填 hash=0x7db04063b06886fa
[Table] MQ/CE SAT 填 hash=0x98fd1ecc40da5532
[Table] MQ/CE SAT 填 hash=0xc12c74ac9e97e936
[Barrier] Learner 13 到達/重返, 等待人數: 18/18
[Global EQ] 啟動 Leader SAT 尋找反例
[Barrier] Learner 5 到達/重返, 等待人數: 1/18
[Barrier] Learner 7 到達/重返, 等待人數: 2/18
[Barrier] Learner 9 到達/重返, 等待人數: 3/18
[Barrier] Learner 3 到達/重返, 等待人數: 4/18
[Barrier] Learner 0 到達/重返, 等待人數: 5/18
[Barrier] Learner 1 到達/重返, 等待人數: 6/18
[Barrier] Learner 17 到達/重返, 等待人數: 7/18
[Barrier] Learner 11 到達/重返, 等待人數: 8/18
[Barrier] Learner 10 到達/重返, 等待人數: 9/18
[Barrier] Learner 14 到達/重返, 等待人數: 10/18
[Barrier] Learner 8 到達/重返, 等待人數: 11/18
[Barrier] Learner 4 到達/重返, 等待人數: 12/18
[Barrier] Learner 12 到達/重返, 等待人數: 13/18
[Barrier] Learner 2 到達/重返, 等待人數: 14/18
[Barrier] Learner 16 到達/重返, 等待人數: 15/18
[Barrier] Learner 15 到達/重返, 等待人數: 16/18
[Barrier] Learner 6 到達/重返, 等待人數: 17/18
[Table] MQ/CE SAT 填 hash=0x96067891353dc9a7
[Barrier] Learner 13 到達/重返, 等待人數: 18/18
[Global EQ] 啟動 Leader SAT 尋找反例
[Barrier] Learner 13 到達/重返, 等待人數: 1/18
[Barrier] Learner 5 到達/重返, 等待人數: 2/18
[Barrier] Learner 12 到達/重返, 等待人數: 3/18
[Barrier] Learner 16 到達/重返, 等待人數: 4/18
[Barrier] Learner 8 到達/重返, 等待人數: 5/18
[Barrier] Learner 7 到達/重返, 等待人數: 6/18
[Barrier] Learner 0 到達/重返, 等待人數: 7/18
[Barrier] Learner 3 到達/重返, 等待人數: 8/18
[Barrier] Learner 10 到達/重返, 等待人數: 9/18
[Barrier] Learner 2 到達/重返, 等待人數: 10/18
[Barrier] Learner 1 到達/重返, 等待人數: 11/18
[Barrier] Learner 15 到達/重返, 等待人數: 12/18
[Barrier] Learner 9 到達/重返, 等待人數: 13/18
[Barrier] Learner 17 到達/重返, 等待人數: 14/18
[Barrier] Learner 6 到達/重返, 等待人數: 15/18
[Barrier] Learner 4 到達/重返, 等待人數: 16/18
[Barrier] Learner 14 到達/重返, 等待人數: 17/18
[Table] MQ/CE SAT 填 hash=0xa8f640ba6f82d149
[Table] MQ/CE SAT 填 hash=0xc2e00a0edef9ee35
[Table] MQ/CE SAT 填 hash=0x9d46fd5362885ff5
[Table] MQ/CE SAT 填 hash=0xace923d325315cd5
[Barrier] Learner 11 到達/重返, 等待人數: 18/18
[Global EQ] 啟動 Leader SAT 尋找反例
[Barrier] Learner 5 到達/重返, 等待人數: 1/18
[Barrier] Learner 0 到達/重返, 等待人數: 2/18
[Barrier] Learner 7 到達/重返, 等待人數: 3/18
[Barrier] Learner 13 到達/重返, 等待人數: 4/18
[Barrier] Learner 2 到達/重返, 等待人數: 5/18
[Barrier] Learner 10 到達/重返, 等待人數: 6/18
[Barrier] Learner 14 到達/重返, 等待人數: 7/18
[Barrier] Learner 1 到達/重返, 等待人數: 8/18
[Barrier] Learner 4 到達/重返, 等待人數: 9/18
[Barrier] Learner 6 到達/重返, 等待人數: 10/18
[Barrier] Learner 3 到達/重返, 等待人數: 11/18
[Barrier] Learner 9 到達/重返, 等待人數: 12/18
[Barrier] Learner 8 到達/重返, 等待人數: 13/18
[Barrier] Learner 12 到達/重返, 等待人數: 14/18
[Barrier] Learner 16 到達/重返, 等待人數: 15/18
[Barrier] Learner 15 到達/重返, 等待人數: 16/18
[Barrier] Learner 17 到達/重返, 等待人數: 17/18
[Barrier] Learner 11 到達/重返, 等待人數: 18/18
[Global EQ] 啟動 Leader SAT 尋找反例
[Barrier] Learner 4 到達/重返, 等待人數: 1/18
[Barrier] Learner 16 到達/重返, 等待人數: 2/18
[Barrier] Learner 13 到達/重返, 等待人數: 3/18
[Barrier] Learner 1 到達/重返, 等待人數: 4/18
[Barrier] Learner 14 到達/重返, 等待人數: 5/18
[Barrier] Learner 6 到達/重返, 等待人數: 6/18
[Barrier] Learner 15 到達/重返, 等待人數: 7/18
[Barrier] Learner 3 到達/重返, 等待人數: 8/18
[Barrier] Learner 5 到達/重返, 等待人數: 9/18
[Barrier] Learner 9 到達/重返, 等待人數: 10/18
[Barrier] Learner 8 到達/重返, 等待人數: 11/18
[Barrier] Learner 7 到達/重返, 等待人數: 12/18
[Barrier] Learner 0 到達/重返, 等待人數: 13/18
[Barrier] Learner 10 到達/重返, 等待人數: 14/18
[Barrier] Learner 17 到達/重返, 等待人數: 15/18
[Barrier] Learner 11 到達/重返, 等待人數: 16/18
[Barrier] Learner 2 到達/重返, 等待人數: 17/18
[Barrier] Learner 12 到達/重返, 等待人數: 18/18
[Global EQ] 啟動 Leader SAT 尋找反例
[Barrier] Learner 12 到達/重返, 等待人數: 1/18
[Barrier] Learner 3 到達/重返, 等待人數: 2/18
[Barrier] Learner 4 到達/重返, 等待人數: 3/18
[Barrier] Learner 2 到達/重返, 等待人數: 4/18
[Barrier] Learner 13 到達/重返, 等待人數: 5/18
[Barrier] Learner 6 到達/重返, 等待人數: 6/18
[Barrier] Learner 1 到達/重返, 等待人數: 7/18
[Barrier] Learner 15 到達/重返, 等待人數: 8/18
[Barrier] Learner 0 到達/重返, 等待人數: 9/18
[Barrier] Learner 8 到達/重返, 等待人數: 10/18
[Barrier] Learner 14 到達/重返, 等待人數: 11/18
[Barrier] Learner 9 到達/重返, 等待人數: 12/18
[Barrier] Learner 5 到達/重返, 等待人數: 13/18
[Barrier] Learner 10 到達/重返, 等待人數: 14/18
[Barrier] Learner 17 到達/重返, 等待人數: 15/18
[Barrier] Learner 7 到達/重返, 等待人數: 16/18
[Barrier] Learner 16 到達/重返, 等待人數: 17/18
[Barrier] Learner 11 到達/重返, 等待人數: 18/18
[Global EQ] 啟動 Leader SAT 尋找反例
[Barrier] Learner 6 到達/重返, 等待人數: 1/18
[Barrier] Learner 14 到達/重返, 等待人數: 2/18
[Barrier] Learner 13 到達/重返, 等待人數: 3/18
[Barrier] Learner 11 到達/重返, 等待人數: 4/18
[Barrier] Learner 15 到達/重返, 等待人數: 5/18
[Barrier] Learner 12 到達/重返, 等待人數: 6/18
[Barrier] Learner 10 到達/重返, 等待人數: 7/18
[Barrier] Learner 8 到達/重返, 等待人數: 8/18
[Barrier] Learner 7 到達/重返, 等待人數: 9/18
[Barrier] Learner 9 到達/重返, 等待人數: 10/18
[Barrier] Learner 2 到達/重返, 等待人數: 11/18
[Barrier] Learner 4 到達/重返, 等待人數: 12/18
[Barrier] Learner 1 到達/重返, 等待人數: 13/18
[Barrier] Learner 16 到達/重返, 等待人數: 14/18
[Barrier] Learner 17 到達/重返, 等待人數: 15/18
[Barrier] Learner 5 到達/重返, 等待人數: 16/18
[Barrier] Learner 3 到達/重返, 等待人數: 17/18
[Barrier] Learner 0 到達/重返, 等待人數: 18/18
[Global EQ] 啟動 Leader SAT 尋找反例
[Table] MQ/CE SAT 填 hash=0xa98243b9e45b196f
[Barrier] Learner 0 到達/重返, 等待人數: 1/18
[Barrier] Learner 2 到達/重返, 等待人數: 2/18
[Barrier] Learner 16 到達/重返, 等待人數: 3/18
[Barrier] Learner 1 到達/重返, 等待人數: 4/18
[Barrier] Learner 17 到達/重返, 等待人數: 5/18
[Barrier] Learner 15 到達/重返, 等待人數: 6/18
[Barrier] Learner 6 到達/重返, 等待人數: 7/18
[Barrier] Learner 12 到達/重返, 等待人數: 8/18
[Barrier] Learner 4 到達/重返, 等待人數: 9/18
[Barrier] Learner 11 到達/重返, 等待人數: 10/18
[Barrier] Learner 7 到達/重返, 等待人數: 11/18
[Barrier] Learner 3 到達/重返, 等待人數: 12/18
[Barrier] Learner 13 到達/重返, 等待人數: 13/18
[Barrier] Learner 8 到達/重返, 等待人數: 14/18
[Barrier] Learner 9 到達/重返, 等待人數: 15/18
[Barrier] Learner 5 到達/重返, 等待人數: 16/18
[Barrier] Learner 14 到達/重返, 等待人數: 17/18
[Table] MQ/CE SAT 填 hash=0x5210ae7b3ca5e7ef
[Table] MQ/CE SAT 填 hash=0x1cfee123119c8e1f
[Table] MQ/CE SAT 填 hash=0x6b6e74d03744bcb5
[Barrier] Learner 10 到達/重返, 等待人數: 18/18
[Global EQ] 啟動 Leader SAT 尋找反例
[Barrier] Learner 15 到達/重返, 等待人數: 1/18
[Barrier] Learner 0 到達/重返, 等待人數: 2/18
[Barrier] Learner 11 到達/重返, 等待人數: 3/18
[Barrier] Learner 1 到達/重返, 等待人數: 4/18
[Barrier] Learner 6 到達/重返, 等待人數: 5/18
[Barrier] Learner 2 到達/重返, 等待人數: 6/18
[Barrier] Learner 17 到達/重返, 等待人數: 7/18
[Barrier] Learner 4 到達/重返, 等待人數: 8/18
[Barrier] Learner 7 到達/重返, 等待人數: 9/18
[Barrier] Learner 13 到達/重返, 等待人數: 10/18
[Barrier] Learner 12 到達/重返, 等待人數: 11/18
[Barrier] Learner 3 到達/重返, 等待人數: 12/18
[Barrier] Learner 8 到達/重返, 等待人數: 13/18
[Barrier] Learner 5 到達/重返, 等待人數: 14/18
[Barrier] Learner 9 到達/重返, 等待人數: 15/18
[Barrier] Learner 10 到達/重返, 等待人數: 16/18
[Barrier] Learner 16 到達/重返, 等待人數: 17/18
[Table] MQ/CE SAT 填 hash=0x20c38cceca24d2e4
[Table] MQ/CE SAT 填 hash=0x4c475595fe48e1a4
[Table] MQ/CE SAT 填 hash=0x9416c454e3551644
[Table] MQ/CE SAT 填 hash=0xd307e4a317853de
[Table] MQ/CE SAT 填 hash=0xfe21264e594fd02f
[Barrier] Learner 14 到達/重返, 等待人數: 18/18
[Global EQ] 啟動 Leader SAT 尋找反例
[Barrier] Learner 5 到達/重返, 等待人數: 1/18
[Barrier] Learner 9 到達/重返, 等待人數: 2/18
[Barrier] Learner 17 到達/重返, 等待人數: 3/18
[Barrier] Learner 7 到達/重返, 等待人數: 4/18
[Barrier] Learner 0 到達/重返, 等待人數: 5/18
[Barrier] Learner 10 到達/重返, 等待人數: 6/18
[Barrier] Learner 12 到達/重返, 等待人數: 7/18
[Barrier] Learner 11 到達/重返, 等待人數: 8/18
[Barrier] Learner 6 到達/重返, 等待人數: 9/18
[Barrier] Learner 16 到達/重返, 等待人數: 10/18
[Barrier] Learner 8 到達/重返, 等待人數: 11/18
[Barrier] Learner 15 到達/重返, 等待人數: 12/18
[Barrier] Learner 2 到達/重返, 等待人數: 13/18
[Barrier] Learner 13 到達/重返, 等待人數: 14/18
[Barrier] Learner 4 到達/重返, 等待人數: 15/18
[Barrier] Learner 3 到達/重返, 等待人數: 16/18
[Barrier] Learner 1 到達/重返, 等待人數: 17/18
[Table] MQ/CE SAT 填 hash=0x4acb4dd6a719ac1e
[Table] MQ/CE SAT 填 hash=0x1f128337533f135e
[Table] MQ/CE SAT 填 hash=0xb4eee886fd2c5fbe
[Table] MQ/CE SAT 填 hash=0x7fdd1b2ed22305ee
[Table] MQ/CE SAT 填 hash=0xb298a7d8c760af7a
[Table] MQ/CE SAT 填 hash=0x4ee796d270d968fa
[Table] MQ/CE SAT 填 hash=0x3f457052ae306c1a
[Table] MQ/CE SAT 填 hash=0x6774c6330bee001e
[Barrier] Learner 14 到達/重返, 等待人數: 18/18
[Global EQ] 啟動 Leader SAT 尋找反例
[Barrier] Learner 6 到達/重返, 等待人數: 1/18
[Barrier] Learner 3 到達/重返, 等待人數: 2/18
[Barrier] Learner 5 到達/重返, 等待人數: 3/18
[Barrier] Learner 0 到達/重返, 等待人數: 4/18
[Barrier] Learner 13 到達/重返, 等待人數: 5/18
[Barrier] Learner 9 到達/重返, 等待人數: 6/18
[Barrier] Learner 2 到達/重返, 等待人數: 7/18
[Barrier] Learner 8 到達/重返, 等待人數: 8/18
[Barrier] Learner 17 到達/重返, 等待人數: 9/18
[Barrier] Learner 1 到達/重返, 等待人數: 10/18
[Barrier] Learner 10 到達/重返, 等待人數: 11/18
[Barrier] Learner 7 到達/重返, 等待人數: 12/18
[Barrier] Learner 4 到達/重返, 等待人數: 13/18
[Barrier] Learner 12 到達/重返, 等待人數: 14/18
[Barrier] Learner 16 到達/重返, 等待人數: 15/18
[Barrier] Learner 11 到達/重返, 等待人數: 16/18
[Barrier] Learner 15 到達/重返, 等待人數: 17/18
[Table] MQ/CE SAT 填 hash=0xc698f093a229247
[Table] MQ/CE SAT 填 hash=0xa8b87e02e39b4bc7
[Table] MQ/CE SAT 填 hash=0x41a4c244793d1d67
[Table] MQ/CE SAT 填 hash=0xb9246a39a704164f
[Barrier] Learner 14 到達/重返, 等待人數: 18/18
[Global EQ] 啟動 Leader SAT 尋找反例
[Barrier] Learner 5 到達/重返, 等待人數: 1/18
[Barrier] Learner 6 到達/重返, 等待人數: 2/18
[Barrier] Learner 7 到達/重返, 等待人數: 3/18
[Barrier] Learner 16 到達/重返, 等待人數: 4/18
[Barrier] Learner 11 到達/重返, 等待人數: 5/18
[Barrier] Learner 2 到達/重返, 等待人數: 6/18
[Barrier] Learner 17 到達/重返, 等待人數: 7/18
[Barrier] Learner 8 到達/重返, 等待人數: 8/18
[Barrier] Learner 1 到達/重返, 等待人數: 9/18
[Barrier] Learner 15 到達/重返, 等待人數: 10/18
[Barrier] Learner 9 到達/重返, 等待人數: 11/18
[Barrier] Learner 13 到達/重返, 等待人數: 12/18
[Barrier] Learner 0 到達/重返, 等待人數: 13/18
[Barrier] Learner 4 到達/重返, 等待人數: 14/18
[Barrier] Learner 3 到達/重返, 等待人數: 15/18
[Barrier] Learner 10 到達/重返, 等待人數: 16/18
[Barrier] Learner 12 到達/重返, 等待人數: 17/18
[Table] MQ/CE SAT 填 hash=0xdc3dd063d998c2fb
[Table] MQ/CE SAT 填 hash=0x76c6b70fef1d6fe3
[Barrier] Learner 14 到達/重返, 等待人數: 18/18
[Global EQ] 啟動 Leader SAT 尋找反例
[Barrier] Learner 10 到達/重返, 等待人數: 1/18
[Barrier] Learner 1 到達/重返, 等待人數: 2/18
[Barrier] Learner 7 到達/重返, 等待人數: 3/18
[Barrier] Learner 4 到達/重返, 等待人數: 4/18
[Barrier] Learner 9 到達/重返, 等待人數: 5/18
[Barrier] Learner 8 到達/重返, 等待人數: 6/18
[Barrier] Learner 3 到達/重返, 等待人數: 7/18
[Barrier] Learner 12 到達/重返, 等待人數: 8/18
[Barrier] Learner 0 到達/重返, 等待人數: 9/18
[Barrier] Learner 17 到達/重返, 等待人數: 10/18
[Barrier] Learner 13 到達/重返, 等待人數: 11/18
[Barrier] Learner 15 到達/重返, 等待人數: 12/18
[Barrier] Learner 14 到達/重返, 等待人數: 13/18
[Barrier] Learner 2 到達/重返, 等待人數: 14/18
[Barrier] Learner 5 到達/重返, 等待人數: 15/18
[Barrier] Learner 6 到達/重返, 等待人數: 16/18
[Barrier] Learner 11 到達/重返, 等待人數: 17/18
[Barrier] Learner 16 到達/重返, 等待人數: 18/18
[Global EQ] 啟動 Leader SAT 尋找反例
[Global EQ] SAT 證明全部正確 (UNSAT)！
Number of Variables Used : 32
Number of Variables Used : 32
Number of Variables Used : 32
Number of Variables Used : 32
Number of Variables Used : 32
Number of Variables Used : 32
[Learner 3 (dec1_z)] 收斂完成！
Number of Variables Used : 32
Number of Variables Used : 32
[Learner 5 (dec2_z)] 收斂完成！
Number of Variables Used : 32
Number of Variables Used : 32
[Learner 0 (dec0_x)] 收斂完成！
[Learner 11 (dec5_z)] 收斂完成！
Number of Variables Used : 32
Number of Variables Used : 32
Number of Variables Used : 32
[Learner 15 (dec7_z)] 收斂完成！
[Learner 6 (dec3_x)] 收斂完成！
[Learner 16 (dec8_x)] 收斂完成！
Number of Variables Used : 32
Number of Variables Used : 32
[Learner 7 (dec3_z)] 收斂完成！
[Learner 4 (dec2_x)] 收斂完成！
[Learner 1 (dec0_z)] 收斂完成！
[Learner 9 (dec4_z)] 收斂完成！
[Learner 14 (dec7_x)] 收斂完成！
Number of Variables Used : 32
[Learner 13 (dec6_z)] 收斂完成！
[Learner 10 (dec5_x)] 收斂完成！
Number of Variables Used : 32
[Learner 12 (dec6_x)] 收斂完成！
[Learner 2 (dec1_x)] 收斂完成！
Number of Variables Used : 32
[Learner 8 (dec4_x)] 收斂完成！
[Learner 17 (dec8_z)] 收斂完成！
[Barrier] Learner 3 到達/重返, 等待人數: 1/18
[Barrier] Learner 7 到達/重返, 等待人數: 2/18
[Barrier] Learner 15 到達/重返, 等待人數: 3/18
[Barrier] Learner 12 到達/重返, 等待人數: 4/18
[Barrier] Learner 6 到達/重返, 等待人數: 5/18
[Barrier] Learner 8 到達/重返, 等待人數: 6/18
[Barrier] Learner 14 到達/重返, 等待人數: 7/18
[Barrier] Learner 17 到達/重返, 等待人數: 8/18
[Barrier] Learner 2 到達/重返, 等待人數: 9/18
[Barrier] Learner 5 到達/重返, 等待人數: 10/18
[Barrier] Learner 1 到達/重返, 等待人數: 11/18
[Barrier] Learner 9 到達/重返, 等待人數: 12/18
[Barrier] Learner 13 到達/重返, 等待人數: 13/18
[Barrier] Learner 10 到達/重返, 等待人數: 14/18
[Barrier] Learner 11 到達/重返, 等待人數: 15/18
[Barrier] Learner 4 到達/重返, 等待人數: 16/18
[Barrier] Learner 0 到達/重返, 等待人數: 17/18
[Barrier] Learner 16 到達/重返, 等待人數: 18/18
[Global EQ] 啟動 Leader SAT 尋找反例
[Table] MQ/CE SAT 填 hash=0x29034675a49f07c2
[checkpoint] wrote /home/alan23273850/flag-analysis2/[[9,1,3]]_surface_code_seq/decoder/cms/path_2_hr0_eq1_ok.txt
[Barrier] Learner 16 到達/重返, 等待人數: 1/18
[Barrier] Learner 15 到達/重返, 等待人數: 2/18
[Barrier] Learner 14 到達/重返, 等待人數: 3/18
[Barrier] Learner 7 到達/重返, 等待人數: 4/18
[Barrier] Learner 3 到達/重返, 等待人數: 5/18
[Barrier] Learner 11 到達/重返, 等待人數: 6/18
[Barrier] Learner 13 到達/重返, 等待人數: 7/18
[Barrier] Learner 0 到達/重返, 等待人數: 8/18
[Barrier] Learner 8 到達/重返, 等待人數: 9/18
[Barrier] Learner 1 到達/重返, 等待人數: 10/18
[Barrier] Learner 4 到達/重返, 等待人數: 11/18
[Barrier] Learner 10 到達/重返, 等待人數: 12/18
[Barrier] Learner 12 到達/重返, 等待人數: 13/18
[Barrier] Learner 9 到達/重返, 等待人數: 14/18
[Barrier] Learner 5 到達/重返, 等待人數: 15/18
[Barrier] Learner 6 到達/重返, 等待人數: 16/18
[Barrier] Learner 17 到達/重返, 等待人數: 17/18
[Barrier] Learner 2 到達/重返, 等待人數: 18/18
[Global EQ] 啟動 Leader SAT 尋找反例
[Table] MQ/CE SAT 填 hash=0xbd956a8984aee9b
[Barrier] Learner 2 到達/重返, 等待人數: 1/18
[Barrier] Learner 13 到達/重返, 等待人數: 2/18
[Barrier] Learner 3 到達/重返, 等待人數: 3/18
[Barrier] Learner 12 到達/重返, 等待人數: 4/18
[Barrier] Learner 8 到達/重返, 等待人數: 5/18
[Barrier] Learner 17 到達/重返, 等待人數: 6/18
[Barrier] Learner 16 到達/重返, 等待人數: 7/18
[Barrier] Learner 9 到達/重返, 等待人數: 8/18
[Barrier] Learner 11 到達/重返, 等待人數: 9/18
[Barrier] Learner 10 到達/重返, 等待人數: 10/18
[Barrier] Learner 7 到達/重返, 等待人數: 11/18
[Barrier] Learner 4 到達/重返, 等待人數: 12/18
[Barrier] Learner 1 到達/重返, 等待人數: 13/18
[Barrier] Learner 0 到達/重返, 等待人數: 14/18
[Barrier] Learner 15 到達/重返, 等待人數: 15/18
[Barrier] Learner 5 到達/重返, 等待人數: 16/18
[Barrier] Learner 6 到達/重返, 等待人數: 17/18
[Table] MQ/CE SAT 填 hash=0x634aebe74000201b
[Table] MQ/CE SAT 填 hash=0xf08c784007d92063
[Table] MQ/CE SAT 填 hash=0x47fe0d7eaf8e51e3
[Barrier] Learner 14 到達/重返, 等待人數: 18/18
[Global EQ] 啟動 Leader SAT 尋找反例
[Table] MQ/CE SAT 填 hash=0x2a57e8916c8ec9db
[Barrier] Learner 14 到達/重返, 等待人數: 1/18
[Barrier] Learner 16 到達/重返, 等待人數: 2/18
[Barrier] Learner 17 到達/重返, 等待人數: 3/18
[Barrier] Learner 4 到達/重返, 等待人數: 4/18
[Barrier] Learner 3 到達/重返, 等待人數: 5/18
[Barrier] Learner 7 到達/重返, 等待人數: 6/18
[Barrier] Learner 15 到達/重返, 等待人數: 7/18
[Barrier] Learner 6 到達/重返, 等待人數: 8/18
[Barrier] Learner 11 到達/重返, 等待人數: 9/18
[Barrier] Learner 2 到達/重返, 等待人數: 10/18
[Barrier] Learner 8 到達/重返, 等待人數: 11/18
[Barrier] Learner 10 到達/重返, 等待人數: 12/18
[Barrier] Learner 9 到達/重返, 等待人數: 13/18
[Barrier] Learner 13 到達/重返, 等待人數: 14/18
[Barrier] Learner 12 到達/重返, 等待人數: 15/18
[Barrier] Learner 1 到達/重返, 等待人數: 16/18
[Barrier] Learner 5 到達/重返, 等待人數: 17/18
[Table] MQ/CE SAT 填 hash=0xf5461b394185700b
[Table] MQ/CE SAT 填 hash=0x18afb7065393a9d2
[Barrier] Learner 0 到達/重返, 等待人數: 18/18
[Global EQ] 啟動 Leader SAT 尋找反例
[Table] MQ/CE SAT 填 hash=0x9c9cf013248308a3
[Barrier] Learner 0 到達/重返, 等待人數: 1/18
[Barrier] Learner 9 到達/重返, 等待人數: 2/18
[Barrier] Learner 5 到達/重返, 等待人數: 3/18
[Barrier] Learner 14 到達/重返, 等待人數: 4/18
[Barrier] Learner 3 到達/重返, 等待人數: 5/18
[Barrier] Learner 17 到達/重返, 等待人數: 6/18
[Barrier] Learner 10 到達/重返, 等待人數: 7/18
[Barrier] Learner 1 到達/重返, 等待人數: 8/18
[Barrier] Learner 4 到達/重返, 等待人數: 9/18
[Barrier] Learner 15 到達/重返, 等待人數: 10/18
[Barrier] Learner 7 到達/重返, 等待人數: 11/18
[Barrier] Learner 13 到達/重返, 等待人數: 12/18
[Barrier] Learner 6 到達/重返, 等待人數: 13/18
[Barrier] Learner 16 到達/重返, 等待人數: 14/18
[Barrier] Learner 11 到達/重返, 等待人數: 15/18
[Barrier] Learner 8 到達/重返, 等待人數: 16/18
[Barrier] Learner 12 到達/重返, 等待人數: 17/18
[Barrier] Learner 2 到達/重返, 等待人數: 18/18
[Global EQ] 啟動 Leader SAT 尋找反例
[Table] MQ/CE SAT 填 hash=0xfdd3d2935584cd03
[Barrier] Learner 2 到達/重返, 等待人數: 1/18
[Barrier] Learner 16 到達/重返, 等待人數: 2/18
[Barrier] Learner 14 到達/重返, 等待人數: 3/18
[Barrier] Learner 12 到達/重返, 等待人數: 4/18
[Barrier] Learner 15 到達/重返, 等待人數: 5/18
[Barrier] Learner 5 到達/重返, 等待人數: 6/18
[Barrier] Learner 11 到達/重返, 等待人數: 7/18
[Barrier] Learner 10 到達/重返, 等待人數: 8/18
[Barrier] Learner 13 到達/重返, 等待人數: 9/18
[Barrier] Learner 0 到達/重返, 等待人數: 10/18
[Barrier] Learner 8 到達/重返, 等待人數: 11/18
[Barrier] Learner 6 到達/重返, 等待人數: 12/18
[Barrier] Learner 4 到達/重返, 等待人數: 13/18
[Barrier] Learner 3 到達/重返, 等待人數: 14/18
[Barrier] Learner 7 到達/重返, 等待人數: 15/18
[Barrier] Learner 9 到達/重返, 等待人數: 16/18
[Barrier] Learner 1 到達/重返, 等待人數: 17/18
[Table] MQ/CE SAT 填 hash=0xad7526d29a09a4fb
[Barrier] Learner 17 到達/重返, 等待人數: 18/18
[Global EQ] 啟動 Leader SAT 尋找反例
[Table] MQ/CE SAT 填 hash=0xe484abfdca09f568
[Barrier] Learner 12 到達/重返, 等待人數: 1/18
[Barrier] Learner 11 到達/重返, 等待人數: 2/18
[Barrier] Learner 0 到達/重返, 等待人數: 3/18
[Barrier] Learner 17 到達/重返, 等待人數: 4/18
[Barrier] Learner 2 到達/重返, 等待人數: 5/18
[Barrier] Learner 15 到達/重返, 等待人數: 6/18
[Barrier] Learner 5 到達/重返, 等待人數: 7/18
[Barrier] Learner 9 到達/重返, 等待人數: 8/18
[Barrier] Learner 1 到達/重返, 等待人數: 9/18
[Barrier] Learner 10 到達/重返, 等待人數: 10/18
[Barrier] Learner 14 到達/重返, 等待人數: 11/18
[Barrier] Learner 7 到達/重返, 等待人數: 12/18
[Barrier] Learner 6 到達/重返, 等待人數: 13/18
[Barrier] Learner 16 到達/重返, 等待人數: 14/18
[Barrier] Learner 8 到達/重返, 等待人數: 15/18
[Barrier] Learner 13 到達/重返, 等待人數: 16/18
[Barrier] Learner 4 到達/重返, 等待人數: 17/18
[Table] MQ/CE SAT 填 hash=0xfde27252c4a8ca2e
[Table] MQ/CE SAT 填 hash=0xa91557d41f83491
[Table] MQ/CE SAT 填 hash=0xb4e0c6c77c728ff1
[Table] MQ/CE SAT 填 hash=0xa087f6c99afbda1
[Table] MQ/CE SAT 填 hash=0xf2d654d992512433
[Table] MQ/CE SAT 填 hash=0x40357108abfda130
[Table] MQ/CE SAT 填 hash=0xeb0db8638ec07380
[Barrier] Learner 3 到達/重返, 等待人數: 18/18
[Global EQ] 啟動 Leader SAT 尋找反例
[Table] MQ/CE SAT 填 hash=0xe62771af1501b9d0
[Barrier] Learner 11 到達/重返, 等待人數: 1/18
[Barrier] Learner 3 到達/重返, 等待人數: 2/18
[Barrier] Learner 13 到達/重返, 等待人數: 3/18
[Barrier] Learner 16 到達/重返, 等待人數: 4/18
[Barrier] Learner 15 到達/重返, 等待人數: 5/18
[Barrier] Learner 7 到達/重返, 等待人數: 6/18
[Barrier] Learner 6 到達/重返, 等待人數: 7/18
[Barrier] Learner 5 到達/重返, 等待人數: 8/18
[Barrier] Learner 8 到達/重返, 等待人數: 9/18
[Barrier] Learner 10 到達/重返, 等待人數: 10/18
[Barrier] Learner 14 到達/重返, 等待人數: 11/18
[Barrier] Learner 17 到達/重返, 等待人數: 12/18
[Barrier] Learner 0 到達/重返, 等待人數: 13/18
[Barrier] Learner 12 到達/重返, 等待人數: 14/18
[Barrier] Learner 4 到達/重返, 等待人數: 15/18
[Barrier] Learner 9 到達/重返, 等待人數: 16/18
[Barrier] Learner 2 到達/重返, 等待人數: 17/18
[Table] MQ/CE SAT 填 hash=0x3b4f2a54323ee780
[Barrier] Learner 1 到達/重返, 等待人數: 18/18
[Global EQ] 啟動 Leader SAT 尋找反例
[Table] MQ/CE SAT 填 hash=0x18ca93491feff297
[Barrier] Learner 14 到達/重返, 等待人數: 1/18
[Barrier] Learner 13 到達/重返, 等待人數: 2/18
[Barrier] Learner 9 到達/重返, 等待人數: 3/18
[Barrier] Learner 1 到達/重返, 等待人數: 4/18
[Barrier] Learner 12 到達/重返, 等待人數: 5/18
[Barrier] Learner 8 到達/重返, 等待人數: 6/18
[Barrier] Learner 0 到達/重返, 等待人數: 7/18
[Barrier] Learner 16 到達/重返, 等待人數: 8/18
[Barrier] Learner 6 到達/重返, 等待人數: 9/18
[Barrier] Learner 7 到達/重返, 等待人數: 10/18
[Barrier] Learner 11 到達/重返, 等待人數: 11/18
[Barrier] Learner 15 到達/重返, 等待人數: 12/18
[Barrier] Learner 2 到達/重返, 等待人數: 13/18
[Barrier] Learner 10 到達/重返, 等待人數: 14/18
[Barrier] Learner 4 到達/重返, 等待人數: 15/18
[Barrier] Learner 5 到達/重返, 等待人數: 16/18
[Barrier] Learner 17 到達/重返, 等待人數: 17/18
[Table] MQ/CE SAT 填 hash=0x4ddc60a14af94c67
[Table] MQ/CE SAT 填 hash=0x673a26f64598212d
[Table] MQ/CE SAT 填 hash=0x5a8b43cbc848b6ca
[Table] MQ/CE SAT 填 hash=0x3721a7feb63a7d03
[Table] MQ/CE SAT 填 hash=0x8cd236b47bc021a3
[Table] MQ/CE SAT 填 hash=0x37aa7e0f5e82f3f3
[Table] MQ/CE SAT 填 hash=0xc387fe6136567c22
[Barrier] Learner 3 到達/重返, 等待人數: 18/18
[Global EQ] 啟動 Leader SAT 尋找反例
[Barrier] Learner 3 到達/重返, 等待人數: 1/18
[Barrier] Learner 4 到達/重返, 等待人數: 2/18
[Barrier] Learner 2 到達/重返, 等待人數: 3/18
[Barrier] Learner 8 到達/重返, 等待人數: 4/18
[Barrier] Learner 14 到達/重返, 等待人數: 5/18
[Barrier] Learner 16 到達/重返, 等待人數: 6/18
[Barrier] Learner 0 到達/重返, 等待人數: 7/18
[Barrier] Learner 12 到達/重返, 等待人數: 8/18
[Barrier] Learner 11 到達/重返, 等待人數: 9/18
[Barrier] Learner 7 到達/重返, 等待人數: 10/18
[Barrier] Learner 15 到達/重返, 等待人數: 11/18
[Barrier] Learner 6 到達/重返, 等待人數: 12/18
[Barrier] Learner 13 到達/重返, 等待人數: 13/18
[Barrier] Learner 5 到達/重返, 等待人數: 14/18
[Barrier] Learner 17 到達/重返, 等待人數: 15/18
[Barrier] Learner 1 到達/重返, 等待人數: 16/18
[Barrier] Learner 10 到達/重返, 等待人數: 17/18
[Barrier] Learner 9 到達/重返, 等待人數: 18/18
[Global EQ] 啟動 Leader SAT 尋找反例
[Table] MQ/CE SAT 填 hash=0xf5b63ba5caa085b
[Barrier] Learner 9 到達/重返, 等待人數: 1/18
[Barrier] Learner 10 到達/重返, 等待人數: 2/18
[Barrier] Learner 13 到達/重返, 等待人數: 3/18
[Barrier] Learner 16 到達/重返, 等待人數: 4/18
[Barrier] Learner 0 到達/重返, 等待人數: 5/18
[Barrier] Learner 4 到達/重返, 等待人數: 6/18
[Barrier] Learner 15 到達/重返, 等待人數: 7/18
[Barrier] Learner 8 到達/重返, 等待人數: 8/18
[Barrier] Learner 2 到達/重返, 等待人數: 9/18
[Barrier] Learner 11 到達/重返, 等待人數: 10/18
[Barrier] Learner 7 到達/重返, 等待人數: 11/18
[Barrier] Learner 3 到達/重返, 等待人數: 12/18
[Barrier] Learner 6 到達/重返, 等待人數: 13/18
[Barrier] Learner 17 到達/重返, 等待人數: 14/18
[Barrier] Learner 5 到達/重返, 等待人數: 15/18
[Barrier] Learner 12 到達/重返, 等待人數: 16/18
[Barrier] Learner 1 到達/重返, 等待人數: 17/18
[Table] MQ/CE SAT 填 hash=0xb7e9ce7bb4f4d6db
[Barrier] Learner 14 到達/重返, 等待人數: 18/18
[Global EQ] 啟動 Leader SAT 尋找反例
[Table] MQ/CE SAT 填 hash=0x231549fce06d04c1
[Barrier] Learner 14 到達/重返, 等待人數: 1/18
[Barrier] Learner 1 到達/重返, 等待人數: 2/18
[Barrier] Learner 8 到達/重返, 等待人數: 3/18
[Barrier] Learner 12 到達/重返, 等待人數: 4/18
[Barrier] Learner 16 到達/重返, 等待人數: 5/18
[Barrier] Learner 4 到達/重返, 等待人數: 6/18
[Barrier] Learner 5 到達/重返, 等待人數: 7/18
[Barrier] Learner 17 到達/重返, 等待人數: 8/18
[Barrier] Learner 6 到達/重返, 等待人數: 9/18
[Barrier] Learner 2 到達/重返, 等待人數: 10/18
[Barrier] Learner 9 到達/重返, 等待人數: 11/18
[Barrier] Learner 13 到達/重返, 等待人數: 12/18
[Barrier] Learner 10 到達/重返, 等待人數: 13/18
[Barrier] Learner 0 到達/重返, 等待人數: 14/18
[Barrier] Learner 15 到達/重返, 等待人數: 15/18
[Barrier] Learner 11 到達/重返, 等待人數: 16/18
[Barrier] Learner 7 到達/重返, 等待人數: 17/18
[Table] MQ/CE SAT 填 hash=0x9b783a7e5ce2ffb
[Table] MQ/CE SAT 填 hash=0xfd08a07d687ec598
[Table] MQ/CE SAT 填 hash=0xa75811c7a2f920f8
[Table] MQ/CE SAT 填 hash=0xe80cbe722fa93fa8
[Table] MQ/CE SAT 填 hash=0x7b2a052962c5019a
[Table] MQ/CE SAT 填 hash=0x9025e7349b9a878a
[Barrier] Learner 3 到達/重返, 等待人數: 18/18
[Global EQ] 啟動 Leader SAT 尋找反例
[Table] MQ/CE SAT 填 hash=0x8e9ed3ab137ad207
[Barrier] Learner 14 到達/重返, 等待人數: 1/18
[Barrier] Learner 3 到達/重返, 等待人數: 2/18
[Barrier] Learner 7 到達/重返, 等待人數: 3/18
[Barrier] Learner 2 到達/重返, 等待人數: 4/18
[Barrier] Learner 5 到達/重返, 等待人數: 5/18
[Barrier] Learner 10 到達/重返, 等待人數: 6/18
[Barrier] Learner 17 到達/重返, 等待人數: 7/18
[Barrier] Learner 6 到達/重返, 等待人數: 8/18
[Barrier] Learner 9 到達/重返, 等待人數: 9/18
[Barrier] Learner 0 到達/重返, 等待人數: 10/18
[Barrier] Learner 8 到達/重返, 等待人數: 11/18
[Barrier] Learner 13 到達/重返, 等待人數: 12/18
[Barrier] Learner 15 到達/重返, 等待人數: 13/18
[Barrier] Learner 1 到達/重返, 等待人數: 14/18
[Barrier] Learner 11 到達/重返, 等待人數: 15/18
[Barrier] Learner 16 到達/重返, 等待人數: 16/18
[Barrier] Learner 4 到達/重返, 等待人數: 17/18
[Table] MQ/CE SAT 填 hash=0xba579e4a67556ac7
[Table] MQ/CE SAT 填 hash=0x73b6d81e0368eaa3
[Barrier] Learner 12 到達/重返, 等待人數: 18/18
[Global EQ] 啟動 Leader SAT 尋找反例
[Barrier] Learner 14 到達/重返, 等待人數: 1/18
[Barrier] Learner 15 到達/重返, 等待人數: 2/18
[Barrier] Learner 12 到達/重返, 等待人數: 3/18
[Barrier] Learner 3 到達/重返, 等待人數: 4/18
[Barrier] Learner 8 到達/重返, 等待人數: 5/18
[Barrier] Learner 6 到達/重返, 等待人數: 6/18
[Barrier] Learner 9 到達/重返, 等待人數: 7/18
[Barrier] Learner 1 到達/重返, 等待人數: 8/18
[Barrier] Learner 2 到達/重返, 等待人數: 9/18
[Barrier] Learner 5 到達/重返, 等待人數: 10/18
[Barrier] Learner 13 到達/重返, 等待人數: 11/18
[Barrier] Learner 0 到達/重返, 等待人數: 12/18
[Barrier] Learner 17 到達/重返, 等待人數: 13/18
[Barrier] Learner 7 到達/重返, 等待人數: 14/18
[Barrier] Learner 4 到達/重返, 等待人數: 15/18
[Barrier] Learner 10 到達/重返, 等待人數: 16/18
[Barrier] Learner 16 到達/重返, 等待人數: 17/18
[Barrier] Learner 11 到達/重返, 等待人數: 18/18
[Global EQ] 啟動 Leader SAT 尋找反例
[Barrier] Learner 11 到達/重返, 等待人數: 1/18
[Barrier] Learner 0 到達/重返, 等待人數: 2/18
[Barrier] Learner 5 到達/重返, 等待人數: 3/18
[Barrier] Learner 1 到達/重返, 等待人數: 4/18
[Barrier] Learner 15 到達/重返, 等待人數: 5/18
[Barrier] Learner 7 到達/重返, 等待人數: 6/18
[Barrier] Learner 12 到達/重返, 等待人數: 7/18
[Barrier] Learner 16 到達/重返, 等待人數: 8/18
[Barrier] Learner 6 到達/重返, 等待人數: 9/18
[Barrier] Learner 9 到達/重返, 等待人數: 10/18
[Barrier] Learner 14 到達/重返, 等待人數: 11/18
[Barrier] Learner 3 到達/重返, 等待人數: 12/18
[Barrier] Learner 13 到達/重返, 等待人數: 13/18
[Barrier] Learner 17 到達/重返, 等待人數: 14/18
[Table] MQ/CE SAT 填 hash=0x1d1e8bca5ab29978
[Table] MQ/CE SAT 填 hash=0xf9b4effd48a45fb1
[Table] MQ/CE SAT 填 hash=0xdaba28f43db51590
[Barrier] Learner 10 到達/重返, 等待人數: 15/18
[Barrier] Learner 2 到達/重返, 等待人數: 16/18
[Barrier] Learner 8 到達/重返, 等待人數: 17/18
[Barrier] Learner 4 到達/重返, 等待人數: 18/18
[Global EQ] 啟動 Leader SAT 尋找反例
[Barrier] Learner 4 到達/重返, 等待人數: 1/18
[Barrier] Learner 8 到達/重返, 等待人數: 2/18
[Barrier] Learner 15 到達/重返, 等待人數: 3/18
[Barrier] Learner 13 到達/重返, 等待人數: 4/18
[Barrier] Learner 10 到達/重返, 等待人數: 5/18
[Barrier] Learner 6 到達/重返, 等待人數: 6/18
[Barrier] Learner 9 到達/重返, 等待人數: 7/18
[Barrier] Learner 12 到達/重返, 等待人數: 8/18
[Barrier] Learner 17 到達/重返, 等待人數: 9/18
[Barrier] Learner 14 到達/重返, 等待人數: 10/18
[Barrier] Learner 0 到達/重返, 等待人數: 11/18
[Barrier] Learner 11 到達/重返, 等待人數: 12/18
[Barrier] Learner 2 到達/重返, 等待人數: 13/18
[Barrier] Learner 3 到達/重返, 等待人數: 14/18
[Barrier] Learner 16 到達/重返, 等待人數: 15/18
[Barrier] Learner 7 到達/重返, 等待人數: 16/18
[Barrier] Learner 5 到達/重返, 等待人數: 17/18
[Table] MQ/CE SAT 填 hash=0x1b393f07400b13a0
[Table] MQ/CE SAT 填 hash=0x3497055c3aa9e866
[Table] MQ/CE SAT 填 hash=0x3ea2dad452194d67
[Table] MQ/CE SAT 填 hash=0xe8f24c1e8c93a8c7
[Table] MQ/CE SAT 填 hash=0x6e7b21fee5759737
[Barrier] Learner 1 到達/重返, 等待人數: 18/18
[Global EQ] 啟動 Leader SAT 尋找反例
[Barrier] Learner 14 到達/重返, 等待人數: 1/18
[Barrier] Learner 4 到達/重返, 等待人數: 2/18
[Barrier] Learner 17 到達/重返, 等待人數: 3/18
[Barrier] Learner 11 到達/重返, 等待人數: 4/18
[Barrier] Learner 13 到達/重返, 等待人數: 5/18
[Barrier] Learner 2 到達/重返, 等待人數: 6/18
[Barrier] Learner 0 到達/重返, 等待人數: 7/18
[Barrier] Learner 6 到達/重返, 等待人數: 8/18
[Barrier] Learner 5 到達/重返, 等待人數: 9/18
[Barrier] Learner 8 到達/重返, 等待人數: 10/18
[Barrier] Learner 12 到達/重返, 等待人數: 11/18
[Barrier] Learner 10 到達/重返, 等待人數: 12/18
[Barrier] Learner 9 到達/重返, 等待人數: 13/18
[Barrier] Learner 15 到達/重返, 等待人數: 14/18
[Barrier] Learner 16 到達/重返, 等待人數: 15/18
[Barrier] Learner 3 到達/重返, 等待人數: 16/18
[Barrier] Learner 7 到達/重返, 等待人數: 17/18
[Barrier] Learner 1 到達/重返, 等待人數: 18/18
[Global EQ] 啟動 Leader SAT 尋找反例
[Barrier] Learner 1 到達/重返, 等待人數: 1/18
[Barrier] Learner 7 到達/重返, 等待人數: 2/18
[Barrier] Learner 6 到達/重返, 等待人數: 3/18
[Barrier] Learner 12 到達/重返, 等待人數: 4/18
[Barrier] Learner 0 到達/重返, 等待人數: 5/18
[Barrier] Learner 3 到達/重返, 等待人數: 6/18
[Barrier] Learner 5 到達/重返, 等待人數: 7/18
[Barrier] Learner 11 到達/重返, 等待人數: 8/18
[Barrier] Learner 9 到達/重返, 等待人數: 9/18
[Barrier] Learner 16 到達/重返, 等待人數: 10/18
[Barrier] Learner 17 到達/重返, 等待人數: 11/18
[Barrier] Learner 14 到達/重返, 等待人數: 12/18
[Barrier] Learner 8 到達/重返, 等待人數: 13/18
[Barrier] Learner 13 到達/重返, 等待人數: 14/18
[Barrier] Learner 2 到達/重返, 等待人數: 15/18
[Barrier] Learner 10 到達/重返, 等待人數: 16/18
[Barrier] Learner 4 到達/重返, 等待人數: 17/18
[Barrier] Learner 15 到達/重返, 等待人數: 18/18
[Global EQ] 啟動 Leader SAT 尋找反例
[Table] MQ/CE SAT 填 hash=0x43761a9b020377b
[Barrier] Learner 15 到達/重返, 等待人數: 1/18
[Barrier] Learner 1 到達/重返, 等待人數: 2/18
[Barrier] Learner 7 到達/重返, 等待人數: 3/18
[Barrier] Learner 3 到達/重返, 等待人數: 4/18
[Barrier] Learner 6 到達/重返, 等待人數: 5/18
[Barrier] Learner 8 到達/重返, 等待人數: 6/18
[Barrier] Learner 9 到達/重返, 等待人數: 7/18
[Barrier] Learner 16 到達/重返, 等待人數: 8/18
[Barrier] Learner 10 到達/重返, 等待人數: 9/18
[Barrier] Learner 12 到達/重返, 等待人數: 10/18
[Barrier] Learner 11 到達/重返, 等待人數: 11/18
[Barrier] Learner 14 到達/重返, 等待人數: 12/18
[Barrier] Learner 0 到達/重返, 等待人數: 13/18
[Barrier] Learner 13 到達/重返, 等待人數: 14/18
[Barrier] Learner 2 到達/重返, 等待人數: 15/18
[Barrier] Learner 4 到達/重返, 等待人數: 16/18
[Barrier] Learner 5 到達/重返, 等待人數: 17/18
[Table] MQ/CE SAT 填 hash=0x9ec04855c5a4e463
[Table] MQ/CE SAT 填 hash=0x1d9527feaabf0c41
[Table] MQ/CE SAT 填 hash=0xb81e0eaac043b929
[Table] MQ/CE SAT 填 hash=0xab6f2b8042f44ec6
[Table] MQ/CE SAT 填 hash=0x54acf0a92cddbc46
[Table] MQ/CE SAT 填 hash=0xfefc61f3675817a6
[Table] MQ/CE SAT 填 hash=0xff8538040fa08e96
[Table] MQ/CE SAT 填 hash=0xa9d4a94e4a1ae9f6
[Table] MQ/CE SAT 填 hash=0x8ed41d48048450c8
[Barrier] Learner 17 到達/重返, 等待人數: 18/18
[Global EQ] 啟動 Leader SAT 尋找反例
[Barrier] Learner 17 到達/重返, 等待人數: 1/18
[Barrier] Learner 9 到達/重返, 等待人數: 2/18
[Barrier] Learner 7 到達/重返, 等待人數: 3/18
[Barrier] Learner 16 到達/重返, 等待人數: 4/18
[Barrier] Learner 12 到達/重返, 等待人數: 5/18
[Barrier] Learner 0 到達/重返, 等待人數: 6/18
[Barrier] Learner 15 到達/重返, 等待人數: 7/18
[Barrier] Learner 14 到達/重返, 等待人數: 8/18
[Barrier] Learner 4 到達/重返, 等待人數: 9/18
[Barrier] Learner 5 到達/重返, 等待人數: 10/18
[Barrier] Learner 13 到達/重返, 等待人數: 11/18
[Barrier] Learner 6 到達/重返, 等待人數: 12/18
[Barrier] Learner 2 到達/重返, 等待人數: 13/18
[Barrier] Learner 8 到達/重返, 等待人數: 14/18
[Barrier] Learner 11 到達/重返, 等待人數: 15/18
[Barrier] Learner 1 到達/重返, 等待人數: 16/18
[Barrier] Learner 10 到達/重返, 等待人數: 17/18
[Table] MQ/CE SAT 填 hash=0x19967955f5134f38
[Table] MQ/CE SAT 填 hash=0x32f43faaefb223fe
[Table] MQ/CE SAT 填 hash=0x3fa322d56d018e61
[Table] MQ/CE SAT 填 hash=0xf8e923f228fd1488
[Table] MQ/CE SAT 填 hash=0xa338953c63776fe8
[Table] MQ/CE SAT 填 hash=0x6283e891d6c75138
[Barrier] Learner 3 到達/重返, 等待人數: 18/18
[Global EQ] 啟動 Leader SAT 尋找反例
[Barrier] Learner 12 到達/重返, 等待人數: 1/18
[Barrier] Learner 3 到達/重返, 等待人數: 2/18
[Barrier] Learner 15 到達/重返, 等待人數: 3/18
[Barrier] Learner 17 到達/重返, 等待人數: 4/18
[Barrier] Learner 14 到達/重返, 等待人數: 5/18
[Barrier] Learner 11 到達/重返, 等待人數: 6/18
[Barrier] Learner 1 到達/重返, 等待人數: 7/18
[Barrier] Learner 4 到達/重返, 等待人數: 8/18
[Barrier] Learner 6 到達/重返, 等待人數: 9/18
[Barrier] Learner 5 到達/重返, 等待人數: 10/18
[Barrier] Learner 2 到達/重返, 等待人數: 11/18
[Barrier] Learner 7 到達/重返, 等待人數: 12/18
[Barrier] Learner 8 到達/重返, 等待人數: 13/18
[Barrier] Learner 13 到達/重返, 等待人數: 14/18
[Barrier] Learner 16 到達/重返, 等待人數: 15/18
[Barrier] Learner 9 到達/重返, 等待人數: 16/18
[Barrier] Learner 10 到達/重返, 等待人數: 17/18
[Table] MQ/CE SAT 填 hash=0xee037ca4b563aaf1
[Table] MQ/CE SAT 填 hash=0xd4a5b64fbac4d62b
[Table] MQ/CE SAT 填 hash=0xc7f6d3253d756bc8
[Table] MQ/CE SAT 填 hash=0xa48d37582b673201
[Table] MQ/CE SAT 填 hash=0x4edca8a265e18d61
[Barrier] Learner 0 到達/重返, 等待人數: 18/18
[Global EQ] 啟動 Leader SAT 尋找反例
[Table] MQ/CE SAT 填 hash=0xe0a54d3dd10d8d3a
[Barrier] Learner 0 到達/重返, 等待人數: 1/18
[Barrier] Learner 13 到達/重返, 等待人數: 2/18
[Barrier] Learner 1 到達/重返, 等待人數: 3/18
[Barrier] Learner 2 到達/重返, 等待人數: 4/18
[Barrier] Learner 11 到達/重返, 等待人數: 5/18
[Barrier] Learner 7 到達/重返, 等待人數: 6/18
[Barrier] Learner 9 到達/重返, 等待人數: 7/18
[Barrier] Learner 5 到達/重返, 等待人數: 8/18
[Barrier] Learner 12 到達/重返, 等待人數: 9/18
[Barrier] Learner 14 到達/重返, 等待人數: 10/18
[Barrier] Learner 15 到達/重返, 等待人數: 11/18
[Barrier] Learner 3 到達/重返, 等待人數: 12/18
[Barrier] Learner 16 到達/重返, 等待人數: 13/18
[Barrier] Learner 17 到達/重返, 等待人數: 14/18
[Barrier] Learner 6 到達/重返, 等待人數: 15/18
[Table] MQ/CE SAT 填 hash=0x15b71a95fc16e70a
[Table] MQ/CE SAT 填 hash=0xf24d7ec8ea08ad43
[Table] MQ/CE SAT 填 hash=0x6b67a94bc19c8baa
[Table] MQ/CE SAT 填 hash=0x5b4a395e5816729b
[Table] MQ/CE SAT 填 hash=0x7eb3d52b6a24ac62
[Table] MQ/CE SAT 填 hash=0xfc59544101781244
[Table] MQ/CE SAT 填 hash=0x908376b7ec77ca7
[Table] MQ/CE SAT 填 hash=0xb3e07ec6618a4ef7
[Table] MQ/CE SAT 填 hash=0x54079ac9cbf4ad81
[Barrier] Learner 4 到達/重返, 等待人數: 16/18
[Barrier] Learner 10 到達/重返, 等待人數: 17/18
[Barrier] Learner 8 到達/重返, 等待人數: 18/18
[Global EQ] 啟動 Leader SAT 尋找反例
[Table] MQ/CE SAT 填 hash=0x671f9a3d4cf47129
[Barrier] Learner 8 到達/重返, 等待人數: 1/18
[Barrier] Learner 6 到達/重返, 等待人數: 2/18
[Barrier] Learner 13 到達/重返, 等待人數: 3/18
[Barrier] Learner 1 到達/重返, 等待人數: 4/18
[Barrier] Learner 3 到達/重返, 等待人數: 5/18
[Barrier] Learner 4 到達/重返, 等待人數: 6/18
[Barrier] Learner 9 到達/重返, 等待人數: 7/18
[Barrier] Learner 15 到達/重返, 等待人數: 8/18
[Barrier] Learner 17 到達/重返, 等待人數: 9/18
[Barrier] Learner 12 到達/重返, 等待人數: 10/18
[Barrier] Learner 7 到達/重返, 等待人數: 11/18
[Barrier] Learner 16 到達/重返, 等待人數: 12/18
[Barrier] Learner 14 到達/重返, 等待人數: 13/18
[Barrier] Learner 11 到達/重返, 等待人數: 14/18
[Barrier] Learner 5 到達/重返, 等待人數: 15/18
[Barrier] Learner 2 到達/重返, 等待人數: 16/18
[Barrier] Learner 0 到達/重返, 等待人數: 17/18
[Table] MQ/CE SAT 填 hash=0xbe912f7bf4a9a2a9
[Table] MQ/CE SAT 填 hash=0x546d94cb9e96ef09
[Table] MQ/CE SAT 填 hash=0x3b0fce76a3f81a43
[Table] MQ/CE SAT 填 hash=0x2e60eb4c26a8afe0
[Table] MQ/CE SAT 填 hash=0x13140ce39636e1a8
[Table] MQ/CE SAT 填 hash=0xbdec543e78f9b3f8
[Table] MQ/CE SAT 填 hash=0xd06d010d9b2b2b66
[Barrier] Learner 10 到達/重返, 等待人數: 18/18
[Global EQ] 啟動 Leader SAT 尋找反例
[Barrier] Learner 11 到達/重返, 等待人數: 1/18
[Barrier] Learner 1 到達/重返, 等待人數: 2/18
[Barrier] Learner 13 到達/重返, 等待人數: 3/18
[Barrier] Learner 2 到達/重返, 等待人數: 4/18
[Barrier] Learner 8 到達/重返, 等待人數: 5/18
[Barrier] Learner 10 到達/重返, 等待人數: 6/18
[Barrier] Learner 3 到達/重返, 等待人數: 7/18
[Barrier] Learner 6 到達/重返, 等待人數: 8/18
[Barrier] Learner 12 到達/重返, 等待人數: 9/18
[Barrier] Learner 5 到達/重返, 等待人數: 10/18
[Barrier] Learner 17 到達/重返, 等待人數: 11/18
[Barrier] Learner 15 到達/重返, 等待人數: 12/18
[Barrier] Learner 14 到達/重返, 等待人數: 13/18
[Barrier] Learner 4 到達/重返, 等待人數: 14/18
[Barrier] Learner 16 到達/重返, 等待人數: 15/18
[Barrier] Learner 7 到達/重返, 等待人數: 16/18
[Barrier] Learner 9 到達/重返, 等待人數: 17/18
[Barrier] Learner 0 到達/重返, 等待人數: 18/18
[Global EQ] 啟動 Leader SAT 尋找反例
[Barrier] Learner 0 到達/重返, 等待人數: 1/18
[Barrier] Learner 16 到達/重返, 等待人數: 2/18
[Barrier] Learner 9 到達/重返, 等待人數: 3/18
[Barrier] Learner 6 到達/重返, 等待人數: 4/18
[Barrier] Learner 7 到達/重返, 等待人數: 5/18
[Barrier] Learner 13 到達/重返, 等待人數: 6/18
[Barrier] Learner 11 到達/重返, 等待人數: 7/18
[Barrier] Learner 14 到達/重返, 等待人數: 8/18
[Barrier] Learner 5 到達/重返, 等待人數: 9/18
[Barrier] Learner 12 到達/重返, 等待人數: 10/18
[Barrier] Learner 3 到達/重返, 等待人數: 11/18
[Barrier] Learner 15 到達/重返, 等待人數: 12/18
[Barrier] Learner 17 到達/重返, 等待人數: 13/18
[Barrier] Learner 1 到達/重返, 等待人數: 14/18
[Barrier] Learner 2 到達/重返, 等待人數: 15/18
[Table] MQ/CE SAT 填 hash=0xc74786e8d66eb874
[Table] MQ/CE SAT 填 hash=0xd3f66a1353be22d7
[Table] MQ/CE SAT 填 hash=0xdc4368f40f443e64
[Table] MQ/CE SAT 填 hash=0xc1bb01ea2a08834
[Table] MQ/CE SAT 填 hash=0x166666d2631d9a5e
[Barrier] Learner 10 到達/重返, 等待人數: 16/18
[Barrier] Learner 8 到達/重返, 等待人數: 17/18
[Barrier] Learner 4 到達/重返, 等待人數: 18/18
[Global EQ] 啟動 Leader SAT 尋找反例
[Table] MQ/CE SAT 填 hash=0x9305b45c4ed9e255
[Barrier] Learner 4 到達/重返, 等待人數: 1/18
[Barrier] Learner 14 到達/重返, 等待人數: 2/18
[Barrier] Learner 7 到達/重返, 等待人數: 3/18
[Barrier] Learner 8 到達/重返, 等待人數: 4/18
[Barrier] Learner 10 到達/重返, 等待人數: 5/18
[Barrier] Learner 9 到達/重返, 等待人數: 6/18
[Barrier] Learner 6 到達/重返, 等待人數: 7/18
[Barrier] Learner 12 到達/重返, 等待人數: 8/18
[Barrier] Learner 5 到達/重返, 等待人數: 9/18
[Barrier] Learner 17 到達/重返, 等待人數: 10/18
[Barrier] Learner 15 到達/重返, 等待人數: 11/18
[Barrier] Learner 11 到達/重返, 等待人數: 12/18
[Barrier] Learner 16 到達/重返, 等待人數: 13/18
[Barrier] Learner 2 到達/重返, 等待人數: 14/18
[Barrier] Learner 0 到達/重返, 等待人數: 15/18
[Table] MQ/CE SAT 填 hash=0x604a27b2599c38c9
[Table] MQ/CE SAT 填 hash=0x5df3e70423d08885
[Table] MQ/CE SAT 填 hash=0x46ec615d5efd6403
[Table] MQ/CE SAT 填 hash=0x2b385a5a2e92def9
[Table] MQ/CE SAT 填 hash=0x2a14f296f52ff5a2
[Barrier] Learner 13 到達/重返, 等待人數: 16/18
[Barrier] Learner 3 到達/重返, 等待人數: 17/18
[Table] MQ/CE SAT 填 hash=0x1e89772fb1437496
[Table] MQ/CE SAT 填 hash=0x28954ca7c8b2d997
[Table] MQ/CE SAT 填 hash=0x3d912eb301885f87
[Table] MQ/CE SAT 填 hash=0xc42bb0b4aafb3bd7
[Table] MQ/CE SAT 填 hash=0x8d5b0cc524089893
[Table] MQ/CE SAT 填 hash=0xe1f9ef5998fd4f53
[Barrier] Learner 1 到達/重返, 等待人數: 18/18
[Global EQ] 啟動 Leader SAT 尋找反例
[Barrier] Learner 1 到達/重返, 等待人數: 1/18
[Barrier] Learner 6 到達/重返, 等待人數: 2/18
[Barrier] Learner 10 到達/重返, 等待人數: 3/18
[Barrier] Learner 15 到達/重返, 等待人數: 4/18
[Barrier] Learner 4 到達/重返, 等待人數: 5/18
[Barrier] Learner 16 到達/重返, 等待人數: 6/18
[Barrier] Learner 13 到達/重返, 等待人數: 7/18
[Barrier] Learner 14 到達/重返, 等待人數: 8/18
[Barrier] Learner 11 到達/重返, 等待人數: 9/18
[Barrier] Learner 12 到達/重返, 等待人數: 10/18
[Barrier] Learner 7 到達/重返, 等待人數: 11/18
[Barrier] Learner 17 到達/重返, 等待人數: 12/18
[Barrier] Learner 0 到達/重返, 等待人數: 13/18
[Barrier] Learner 9 到達/重返, 等待人數: 14/18
[Barrier] Learner 2 到達/重返, 等待人數: 15/18
[Barrier] Learner 5 到達/重返, 等待人數: 16/18
[Barrier] Learner 8 到達/重返, 等待人數: 17/18
[Barrier] Learner 3 到達/重返, 等待人數: 18/18
[Global EQ] 啟動 Leader SAT 尋找反例
[Barrier] Learner 3 到達/重返, 等待人數: 1/18
[Barrier] Learner 17 到達/重返, 等待人數: 2/18
[Barrier] Learner 9 到達/重返, 等待人數: 3/18
[Barrier] Learner 11 到達/重返, 等待人數: 4/18
[Barrier] Learner 8 到達/重返, 等待人數: 5/18
[Barrier] Learner 15 到達/重返, 等待人數: 6/18
[Barrier] Learner 1 到達/重返, 等待人數: 7/18
[Barrier] Learner 2 到達/重返, 等待人數: 8/18
[Barrier] Learner 12 到達/重返, 等待人數: 9/18
[Barrier] Learner 16 到達/重返, 等待人數: 10/18
[Barrier] Learner 14 到達/重返, 等待人數: 11/18
[Barrier] Learner 5 到達/重返, 等待人數: 12/18
[Barrier] Learner 4 到達/重返, 等待人數: 13/18
[Barrier] Learner 6 到達/重返, 等待人數: 14/18
[Barrier] Learner 7 到達/重返, 等待人數: 15/18
[Barrier] Learner 10 到達/重返, 等待人數: 16/18
[Barrier] Learner 0 到達/重返, 等待人數: 17/18
[Table] MQ/CE SAT 填 hash=0x539b4487dc4cce66
[Table] MQ/CE SAT 填 hash=0xfe738be2bf0fa0b6
[Table] MQ/CE SAT 填 hash=0x39238e923efeac28
[Barrier] Learner 13 到達/重返, 等待人數: 18/18
[Global EQ] 啟動 Leader SAT 尋找反例
[Table] MQ/CE SAT 填 hash=0x24f4775cdbb2e970
[Barrier] Learner 13 到達/重返, 等待人數: 1/18
[Barrier] Learner 14 到達/重返, 等待人數: 2/18
[Barrier] Learner 12 到達/重返, 等待人數: 3/18
[Barrier] Learner 2 到達/重返, 等待人數: 4/18
[Barrier] Learner 0 到達/重返, 等待人數: 5/18
[Barrier] Learner 15 到達/重返, 等待人數: 6/18
[Barrier] Learner 6 到達/重返, 等待人數: 7/18
[Barrier] Learner 1 到達/重返, 等待人數: 8/18
[Barrier] Learner 7 到達/重返, 等待人數: 9/18
[Barrier] Learner 4 到達/重返, 等待人數: 10/18
[Barrier] Learner 8 到達/重返, 等待人數: 11/18
[Barrier] Learner 17 到達/重返, 等待人數: 12/18
[Barrier] Learner 16 到達/重返, 等待人數: 13/18
[Barrier] Learner 11 到達/重返, 等待人數: 14/18
[Barrier] Learner 3 到達/重返, 等待人數: 15/18
[Barrier] Learner 5 到達/重返, 等待人數: 16/18
[Barrier] Learner 10 到達/重返, 等待人數: 17/18
[Table] MQ/CE SAT 填 hash=0xcd82e21e33fdb7f0
[Table] MQ/CE SAT 填 hash=0x294af765f0711c0
[Table] MQ/CE SAT 填 hash=0x35503c205444bb4c
[Table] MQ/CE SAT 填 hash=0x4eae02754ee39012
[Table] MQ/CE SAT 填 hash=0x3361240cbe71c1da
[Table] MQ/CE SAT 填 hash=0xff7883fac638813
[Table] MQ/CE SAT 填 hash=0x64966ad421583ed3
[Table] MQ/CE SAT 填 hash=0xba46f989e6dde373
[Table] MQ/CE SAT 填 hash=0xca9a88f937e94163
[Table] MQ/CE SAT 填 hash=0x9b4c3280dbee9952
[Barrier] Learner 9 到達/重返, 等待人數: 18/18
[Global EQ] 啟動 Leader SAT 尋找反例
[Barrier] Learner 13 到達/重返, 等待人數: 1/18
[Barrier] Learner 7 到達/重返, 等待人數: 2/18
[Barrier] Learner 8 到達/重返, 等待人數: 3/18
[Barrier] Learner 6 到達/重返, 等待人數: 4/18
[Barrier] Learner 4 到達/重返, 等待人數: 5/18
[Barrier] Learner 11 到達/重返, 等待人數: 6/18
[Barrier] Learner 17 到達/重返, 等待人數: 7/18
[Barrier] Learner 1 到達/重返, 等待人數: 8/18
[Barrier] Learner 3 到達/重返, 等待人數: 9/18
[Barrier] Learner 14 到達/重返, 等待人數: 10/18
[Barrier] Learner 9 到達/重返, 等待人數: 11/18
[Barrier] Learner 0 到達/重返, 等待人數: 12/18
[Barrier] Learner 2 到達/重返, 等待人數: 13/18
[Barrier] Learner 10 到達/重返, 等待人數: 14/18
[Barrier] Learner 5 到達/重返, 等待人數: 15/18
[Barrier] Learner 15 到達/重返, 等待人數: 16/18
[Barrier] Learner 16 到達/重返, 等待人數: 17/18
[Barrier] Learner 12 到達/重返, 等待人數: 18/18
[Global EQ] 啟動 Leader SAT 尋找反例
[Barrier] Learner 12 到達/重返, 等待人數: 1/18
[Barrier] Learner 4 到達/重返, 等待人數: 2/18
[Barrier] Learner 2 到達/重返, 等待人數: 3/18
[Barrier] Learner 15 到達/重返, 等待人數: 4/18
[Barrier] Learner 9 到達/重返, 等待人數: 5/18
[Barrier] Learner 10 到達/重返, 等待人數: 6/18
[Barrier] Learner 6 到達/重返, 等待人數: 7/18
[Barrier] Learner 0 到達/重返, 等待人數: 8/18
[Barrier] Learner 14 到達/重返, 等待人數: 9/18
[Barrier] Learner 5 到達/重返, 等待人數: 10/18
[Barrier] Learner 17 到達/重返, 等待人數: 11/18
[Barrier] Learner 11 到達/重返, 等待人數: 12/18
[Barrier] Learner 7 到達/重返, 等待人數: 13/18
[Barrier] Learner 16 到達/重返, 等待人數: 14/18
[Barrier] Learner 8 到達/重返, 等待人數: 15/18
[Barrier] Learner 3 到達/重返, 等待人數: 16/18
[Table] MQ/CE SAT 填 hash=0x3b941f1da724b0d5
[Table] MQ/CE SAT 填 hash=0x68251c57c1b5705
[Table] MQ/CE SAT 填 hash=0xd0b25aab5bf7883d
[Table] MQ/CE SAT 填 hash=0x1729c0ad94f51600
[Table] MQ/CE SAT 填 hash=0xa46baba894e814bd
[Table] MQ/CE SAT 填 hash=0x48a966a56cba6880
[Table] MQ/CE SAT 填 hash=0x54fdf1c0b005fced
[Barrier] Learner 1 到達/重返, 等待人數: 17/18
[Barrier] Learner 13 到達/重返, 等待人數: 18/18
[Global EQ] 啟動 Leader SAT 尋找反例
[Barrier] Learner 13 到達/重返, 等待人數: 1/18
[Barrier] Learner 8 到達/重返, 等待人數: 2/18
[Barrier] Learner 5 到達/重返, 等待人數: 3/18
[Barrier] Learner 9 到達/重返, 等待人數: 4/18
[Barrier] Learner 12 到達/重返, 等待人數: 5/18
[Barrier] Learner 6 到達/重返, 等待人數: 6/18
[Barrier] Learner 14 到達/重返, 等待人數: 7/18
[Barrier] Learner 2 到達/重返, 等待人數: 8/18
[Barrier] Learner 3 到達/重返, 等待人數: 9/18
[Barrier] Learner 15 到達/重返, 等待人數: 10/18
[Barrier] Learner 10 到達/重返, 等待人數: 11/18
[Barrier] Learner 1 到達/重返, 等待人數: 12/18
[Barrier] Learner 16 到達/重返, 等待人數: 13/18
[Barrier] Learner 17 到達/重返, 等待人數: 14/18
[Barrier] Learner 4 到達/重返, 等待人數: 15/18
[Barrier] Learner 11 到達/重返, 等待人數: 16/18
[Barrier] Learner 7 到達/重返, 等待人數: 17/18
[Barrier] Learner 0 到達/重返, 等待人數: 18/18
[Global EQ] 啟動 Leader SAT 尋找反例
[Barrier] Learner 9 到達/重返, 等待人數: 1/18
[Barrier] Learner 0 到達/重返, 等待人數: 2/18
[Barrier] Learner 1 到達/重返, 等待人數: 3/18
[Barrier] Learner 10 到達/重返, 等待人數: 4/18
[Barrier] Learner 2 到達/重返, 等待人數: 5/18
[Barrier] Learner 5 到達/重返, 等待人數: 6/18
[Barrier] Learner 12 到達/重返, 等待人數: 7/18
[Barrier] Learner 8 到達/重返, 等待人數: 8/18
[Barrier] Learner 4 到達/重返, 等待人數: 9/18
[Barrier] Learner 13 到達/重返, 等待人數: 10/18
[Barrier] Learner 7 到達/重返, 等待人數: 11/18
[Barrier] Learner 14 到達/重返, 等待人數: 12/18
[Barrier] Learner 11 到達/重返, 等待人數: 13/18
[Barrier] Learner 6 到達/重返, 等待人數: 14/18
[Barrier] Learner 16 到達/重返, 等待人數: 15/18
[Barrier] Learner 17 到達/重返, 等待人數: 16/18
[Barrier] Learner 15 到達/重返, 等待人數: 17/18
[Table] MQ/CE SAT 填 hash=0x5fb90e225f356241
[Barrier] Learner 3 到達/重返, 等待人數: 18/18
[Global EQ] 啟動 Leader SAT 尋找反例
[Barrier] Learner 4 到達/重返, 等待人數: 1/18
[Barrier] Learner 14 到達/重返, 等待人數: 2/18
[Barrier] Learner 9 到達/重返, 等待人數: 3/18
[Barrier] Learner 6 到達/重返, 等待人數: 4/18
[Barrier] Learner 5 到達/重返, 等待人數: 5/18
[Barrier] Learner 0 到達/重返, 等待人數: 6/18
[Barrier] Learner 3 到達/重返, 等待人數: 7/18
[Barrier] Learner 16 到達/重返, 等待人數: 8/18
[Barrier] Learner 13 到達/重返, 等待人數: 9/18
[Barrier] Learner 17 到達/重返, 等待人數: 10/18
[Barrier] Learner 2 到達/重返, 等待人數: 11/18
[Barrier] Learner 11 到達/重返, 等待人數: 12/18
[Barrier] Learner 15 到達/重返, 等待人數: 13/18
[Barrier] Learner 7 到達/重返, 等待人數: 14/18
[Barrier] Learner 12 到達/重返, 等待人數: 15/18
[Barrier] Learner 8 到達/重返, 等待人數: 16/18
[Barrier] Learner 1 到達/重返, 等待人數: 17/18
[Table] MQ/CE SAT 填 hash=0xfcfbff8cf6e1bd89
[Table] MQ/CE SAT 填 hash=0xc7ea3234cbd863b9
[Table] MQ/CE SAT 填 hash=0xfaa5bedec1160d45
[Table] MQ/CE SAT 填 hash=0xe147f889c677387f
[Table] MQ/CE SAT 填 hash=0x7c137816e702d17d
[Table] MQ/CE SAT 填 hash=0x716e08966f6ac240
[Table] MQ/CE SAT 填 hash=0x45275993a85b4ec0
[Table] MQ/CE SAT 填 hash=0xcab02f74013d3d30
[Barrier] Learner 10 到達/重返, 等待人數: 18/18
[Global EQ] 啟動 Leader SAT 尋找反例
[Table] MQ/CE SAT 填 hash=0xbab451de4a78209
[Barrier] Learner 10 到達/重返, 等待人數: 1/18
[Barrier] Learner 14 到達/重返, 等待人數: 2/18
[Barrier] Learner 2 到達/重返, 等待人數: 3/18
[Barrier] Learner 8 到達/重返, 等待人數: 4/18
[Barrier] Learner 16 到達/重返, 等待人數: 5/18
[Barrier] Learner 7 到達/重返, 等待人數: 6/18
[Barrier] Learner 17 到達/重返, 等待人數: 7/18
[Barrier] Learner 13 到達/重返, 等待人數: 8/18
[Barrier] Learner 3 到達/重返, 等待人數: 9/18
[Barrier] Learner 9 到達/重返, 等待人數: 10/18
[Barrier] Learner 1 到達/重返, 等待人數: 11/18
[Barrier] Learner 11 到達/重返, 等待人數: 12/18
[Barrier] Learner 15 到達/重返, 等待人數: 13/18
[Barrier] Learner 6 到達/重返, 等待人數: 14/18
[Barrier] Learner 4 到達/重返, 等待人數: 15/18
[Barrier] Learner 0 到達/重返, 等待人數: 16/18
[Barrier] Learner 12 到達/重返, 等待人數: 17/18
[Table] MQ/CE SAT 填 hash=0x615bd3d3aa2d26a9
[Barrier] Learner 5 到達/重返, 等待人數: 18/18
[Global EQ] 啟動 Leader SAT 尋找反例
[Barrier] Learner 10 到達/重返, 等待人數: 1/18
[Barrier] Learner 5 到達/重返, 等待人數: 2/18
[Barrier] Learner 17 到達/重返, 等待人數: 3/18
[Barrier] Learner 9 到達/重返, 等待人數: 4/18
[Barrier] Learner 8 到達/重返, 等待人數: 5/18
[Barrier] Learner 11 到達/重返, 等待人數: 6/18
[Barrier] Learner 12 到達/重返, 等待人數: 7/18
[Barrier] Learner 2 到達/重返, 等待人數: 8/18
[Barrier] Learner 0 到達/重返, 等待人數: 9/18
[Barrier] Learner 1 到達/重返, 等待人數: 10/18
[Barrier] Learner 15 到達/重返, 等待人數: 11/18
[Barrier] Learner 4 到達/重返, 等待人數: 12/18
[Barrier] Learner 6 到達/重返, 等待人數: 13/18
[Barrier] Learner 14 到達/重返, 等待人數: 14/18
[Barrier] Learner 7 到達/重返, 等待人數: 15/18
[Barrier] Learner 16 到達/重返, 等待人數: 16/18
[Barrier] Learner 13 到達/重返, 等待人數: 17/18
[Barrier] Learner 3 到達/重返, 等待人數: 18/18
[Global EQ] 啟動 Leader SAT 尋找反例
[Barrier] Learner 3 到達/重返, 等待人數: 1/18
[Barrier] Learner 17 到達/重返, 等待人數: 2/18
[Barrier] Learner 13 到達/重返, 等待人數: 3/18
[Barrier] Learner 6 到達/重返, 等待人數: 4/18
[Barrier] Learner 10 到達/重返, 等待人數: 5/18
[Barrier] Learner 12 到達/重返, 等待人數: 6/18
[Barrier] Learner 8 到達/重返, 等待人數: 7/18
[Barrier] Learner 15 到達/重返, 等待人數: 8/18
[Barrier] Learner 2 到達/重返, 等待人數: 9/18
[Barrier] Learner 7 到達/重返, 等待人數: 10/18
[Barrier] Learner 0 到達/重返, 等待人數: 11/18
[Barrier] Learner 1 到達/重返, 等待人數: 12/18
[Barrier] Learner 11 到達/重返, 等待人數: 13/18
[Barrier] Learner 4 到達/重返, 等待人數: 14/18
[Barrier] Learner 16 到達/重返, 等待人數: 15/18
[Barrier] Learner 14 到達/重返, 等待人數: 16/18
[Barrier] Learner 9 到達/重返, 等待人數: 17/18
[Table] MQ/CE SAT 填 hash=0xd69977c5b99e2839
[Table] MQ/CE SAT 填 hash=0xc9ea949b3c4ebdd6
[Table] MQ/CE SAT 填 hash=0xdee676a6752443c6
[Table] MQ/CE SAT 填 hash=0xebebdd108808d96
[Table] MQ/CE SAT 填 hash=0x496ec080886f9908
[Barrier] Learner 5 到達/重返, 等待人數: 18/18
[Global EQ] 啟動 Leader SAT 尋找反例
[Barrier] Learner 13 到達/重返, 等待人數: 1/18
[Barrier] Learner 14 到達/重返, 等待人數: 2/18
[Barrier] Learner 12 到達/重返, 等待人數: 3/18
[Barrier] Learner 7 到達/重返, 等待人數: 4/18
[Barrier] Learner 11 到達/重返, 等待人數: 5/18
[Barrier] Learner 4 到達/重返, 等待人數: 6/18
[Barrier] Learner 6 到達/重返, 等待人數: 7/18
[Barrier] Learner 16 到達/重返, 等待人數: 8/18
[Barrier] Learner 10 到達/重返, 等待人數: 9/18
[Barrier] Learner 17 到達/重返, 等待人數: 10/18
[Barrier] Learner 9 到達/重返, 等待人數: 11/18
[Barrier] Learner 1 到達/重返, 等待人數: 12/18
[Barrier] Learner 2 到達/重返, 等待人數: 13/18
[Barrier] Learner 8 到達/重返, 等待人數: 14/18
[Barrier] Learner 5 到達/重返, 等待人數: 15/18
[Barrier] Learner 0 到達/重返, 等待人數: 16/18
[Barrier] Learner 3 到達/重返, 等待人數: 17/18
[Barrier] Learner 15 到達/重返, 等待人數: 18/18
[Global EQ] 啟動 Leader SAT 尋找反例
[Barrier] Learner 15 到達/重返, 等待人數: 1/18
[Barrier] Learner 0 到達/重返, 等待人數: 2/18
[Barrier] Learner 1 到達/重返, 等待人數: 3/18
[Barrier] Learner 3 到達/重返, 等待人數: 4/18
[Barrier] Learner 17 到達/重返, 等待人數: 5/18
[Barrier] Learner 16 到達/重返, 等待人數: 6/18
[Barrier] Learner 10 到達/重返, 等待人數: 7/18
[Barrier] Learner 7 到達/重返, 等待人數: 8/18
[Barrier] Learner 4 到達/重返, 等待人數: 9/18
[Barrier] Learner 11 到達/重返, 等待人數: 10/18
[Barrier] Learner 6 到達/重返, 等待人數: 11/18
[Barrier] Learner 14 到達/重返, 等待人數: 12/18
[Barrier] Learner 12 到達/重返, 等待人數: 13/18
[Barrier] Learner 9 到達/重返, 等待人數: 14/18
[Barrier] Learner 13 到達/重返, 等待人數: 15/18
[Barrier] Learner 2 到達/重返, 等待人數: 16/18
[Barrier] Learner 8 到達/重返, 等待人數: 17/18
[Table] MQ/CE SAT 填 hash=0xb6838c78c76a5459
[Table] MQ/CE SAT 填 hash=0xf1338f2847595fcb
[Barrier] Learner 5 到達/重返, 等待人數: 18/18
[Global EQ] 啟動 Leader SAT 尋找反例
[Barrier] Learner 10 到達/重返, 等待人數: 1/18
[Barrier] Learner 12 到達/重返, 等待人數: 2/18
[Barrier] Learner 9 到達/重返, 等待人數: 3/18
[Barrier] Learner 7 到達/重返, 等待人數: 4/18
[Barrier] Learner 2 到達/重返, 等待人數: 5/18
[Barrier] Learner 0 到達/重返, 等待人數: 6/18
[Barrier] Learner 4 到達/重返, 等待人數: 7/18
[Barrier] Learner 1 到達/重返, 等待人數: 8/18
[Barrier] Learner 8 到達/重返, 等待人數: 9/18
[Barrier] Learner 14 到達/重返, 等待人數: 10/18
[Barrier] Learner 6 到達/重返, 等待人數: 11/18
[Barrier] Learner 15 到達/重返, 等待人數: 12/18
[Barrier] Learner 13 到達/重返, 等待人數: 13/18
[Barrier] Learner 11 到達/重返, 等待人數: 14/18
[Barrier] Learner 17 到達/重返, 等待人數: 15/18
[Barrier] Learner 3 到達/重返, 等待人數: 16/18
[Barrier] Learner 5 到達/重返, 等待人數: 17/18
[Barrier] Learner 16 到達/重返, 等待人數: 18/18
[Global EQ] 啟動 Leader SAT 尋找反例
[Barrier] Learner 16 到達/重返, 等待人數: 1/18
[Barrier] Learner 15 到達/重返, 等待人數: 2/18
[Barrier] Learner 4 到達/重返, 等待人數: 3/18
[Barrier] Learner 14 到達/重返, 等待人數: 4/18
[Barrier] Learner 1 到達/重返, 等待人數: 5/18
[Barrier] Learner 10 到達/重返, 等待人數: 6/18
[Barrier] Learner 3 到達/重返, 等待人數: 7/18
[Barrier] Learner 0 到達/重返, 等待人數: 8/18
[Barrier] Learner 9 到達/重返, 等待人數: 9/18
[Barrier] Learner 6 到達/重返, 等待人數: 10/18
[Barrier] Learner 13 到達/重返, 等待人數: 11/18
[Barrier] Learner 12 到達/重返, 等待人數: 12/18
[Barrier] Learner 11 到達/重返, 等待人數: 13/18
[Barrier] Learner 17 到達/重返, 等待人數: 14/18
[Barrier] Learner 2 到達/重返, 等待人數: 15/18
[Barrier] Learner 5 到達/重返, 等待人數: 16/18
[Barrier] Learner 7 到達/重返, 等待人數: 17/18
[Barrier] Learner 8 到達/重返, 等待人數: 18/18
[Global EQ] 啟動 Leader SAT 尋找反例
[Barrier] Learner 13 到達/重返, 等待人數: 1/18
[Barrier] Learner 8 到達/重返, 等待人數: 2/18
[Barrier] Learner 14 到達/重返, 等待人數: 3/18
[Barrier] Learner 10 到達/重返, 等待人數: 4/18
[Barrier] Learner 9 到達/重返, 等待人數: 5/18
[Barrier] Learner 1 到達/重返, 等待人數: 6/18
[Barrier] Learner 15 到達/重返, 等待人數: 7/18
[Barrier] Learner 0 到達/重返, 等待人數: 8/18
[Barrier] Learner 7 到達/重返, 等待人數: 9/18
[Barrier] Learner 11 到達/重返, 等待人數: 10/18
[Barrier] Learner 3 到達/重返, 等待人數: 11/18
[Barrier] Learner 6 到達/重返, 等待人數: 12/18
[Barrier] Learner 5 到達/重返, 等待人數: 13/18
[Barrier] Learner 12 到達/重返, 等待人數: 14/18
[Barrier] Learner 2 到達/重返, 等待人數: 15/18
[Barrier] Learner 16 到達/重返, 等待人數: 16/18
[Barrier] Learner 17 到達/重返, 等待人數: 17/18
[Table] MQ/CE SAT 填 hash=0x8933b7ff29585bba
[Table] MQ/CE SAT 填 hash=0x56782b55341ab22e
[Table] MQ/CE SAT 填 hash=0x3d1a6500397bdd68
[Barrier] Learner 4 到達/重返, 等待人數: 18/18
[Global EQ] 啟動 Leader SAT 尋找反例
[Table] MQ/CE SAT 填 hash=0xa34451136437d471
[Barrier] Learner 9 到達/重返, 等待人數: 1/18
[Barrier] Learner 13 到達/重返, 等待人數: 2/18
[Barrier] Learner 2 到達/重返, 等待人數: 3/18
[Barrier] Learner 6 到達/重返, 等待人數: 4/18
[Barrier] Learner 14 到達/重返, 等待人數: 5/18
[Barrier] Learner 11 到達/重返, 等待人數: 6/18
[Barrier] Learner 15 到達/重返, 等待人數: 7/18
[Barrier] Learner 16 到達/重返, 等待人數: 8/18
[Barrier] Learner 0 到達/重返, 等待人數: 9/18
[Barrier] Learner 1 到達/重返, 等待人數: 10/18
[Barrier] Learner 3 到達/重返, 等待人數: 11/18
[Barrier] Learner 7 到達/重返, 等待人數: 12/18
[Barrier] Learner 10 到達/重返, 等待人數: 13/18
[Barrier] Learner 8 到達/重返, 等待人數: 14/18
[Barrier] Learner 12 到達/重返, 等待人數: 15/18
[Barrier] Learner 17 到達/重返, 等待人數: 16/18
[Barrier] Learner 5 到達/重返, 等待人數: 17/18
[Table] MQ/CE SAT 填 hash=0x3920b6630e2520d1
[Table] MQ/CE SAT 填 hash=0x1fc2f00e13864c0b
[Barrier] Learner 4 到達/重返, 等待人數: 18/18
[Global EQ] 啟動 Leader SAT 尋找反例
[Barrier] Learner 1 到達/重返, 等待人數: 1/18
[Barrier] Learner 15 到達/重返, 等待人數: 2/18
[Barrier] Learner 7 到達/重返, 等待人數: 3/18
[Barrier] Learner 9 到達/重返, 等待人數: 4/18
[Barrier] Learner 0 到達/重返, 等待人數: 5/18
[Barrier] Learner 2 到達/重返, 等待人數: 6/18
[Barrier] Learner 11 到達/重返, 等待人數: 7/18
[Barrier] Learner 12 到達/重返, 等待人數: 8/18
[Barrier] Learner 13 到達/重返, 等待人數: 9/18
[Barrier] Learner 17 到達/重返, 等待人數: 10/18
[Barrier] Learner 3 到達/重返, 等待人數: 11/18
[Barrier] Learner 4 到達/重返, 等待人數: 12/18
[Barrier] Learner 6 到達/重返, 等待人數: 13/18
[Barrier] Learner 5 到達/重返, 等待人數: 14/18
[Barrier] Learner 14 到達/重返, 等待人數: 15/18
[Barrier] Learner 8 到達/重返, 等待人數: 16/18
[Barrier] Learner 16 到達/重返, 等待人數: 17/18
[Barrier] Learner 10 到達/重返, 等待人數: 18/18
[Global EQ] 啟動 Leader SAT 尋找反例
[Barrier] Learner 12 到達/重返, 等待人數: 1/18
[Barrier] Learner 13 到達/重返, 等待人數: 2/18
[Barrier] Learner 14 到達/重返, 等待人數: 3/18
[Barrier] Learner 11 到達/重返, 等待人數: 4/18
[Barrier] Learner 3 到達/重返, 等待人數: 5/18
[Barrier] Learner 1 到達/重返, 等待人數: 6/18
[Barrier] Learner 17 到達/重返, 等待人數: 7/18
[Barrier] Learner 2 到達/重返, 等待人數: 8/18
[Barrier] Learner 0 到達/重返, 等待人數: 9/18
[Barrier] Learner 5 到達/重返, 等待人數: 10/18
[Barrier] Learner 15 到達/重返, 等待人數: 11/18
[Barrier] Learner 6 到達/重返, 等待人數: 12/18
[Barrier] Learner 7 到達/重返, 等待人數: 13/18
[Barrier] Learner 16 到達/重返, 等待人數: 14/18
[Barrier] Learner 8 到達/重返, 等待人數: 15/18
[Barrier] Learner 9 到達/重返, 等待人數: 16/18
[Table] MQ/CE SAT 填 hash=0xf35752af7f6b0f5a
[Table] MQ/CE SAT 填 hash=0x4ac8e7ee272040da
[Table] MQ/CE SAT 填 hash=0x28692007aa74692a
[Table] MQ/CE SAT 填 hash=0x7fdab54652299aaa
[Table] MQ/CE SAT 填 hash=0x1e51f38cde2b3322
[Table] MQ/CE SAT 填 hash=0xf266b77fca20a6f8
[Barrier] Learner 10 到達/重返, 等待人數: 17/18
[Table] MQ/CE SAT 填 hash=0x8a89360a5f02aaf0
[Barrier] Learner 4 到達/重返, 等待人數: 18/18
[Global EQ] 啟動 Leader SAT 尋找反例
[Barrier] Learner 4 到達/重返, 等待人數: 1/18
[Barrier] Learner 6 到達/重返, 等待人數: 2/18
[Barrier] Learner 13 到達/重返, 等待人數: 3/18
[Barrier] Learner 3 到達/重返, 等待人數: 4/18
[Barrier] Learner 7 到達/重返, 等待人數: 5/18
[Barrier] Learner 1 到達/重返, 等待人數: 6/18
[Barrier] Learner 0 到達/重返, 等待人數: 7/18
[Barrier] Learner 15 到達/重返, 等待人數: 8/18
[Barrier] Learner 11 到達/重返, 等待人數: 9/18
[Barrier] Learner 10 到達/重返, 等待人數: 10/18
[Barrier] Learner 2 到達/重返, 等待人數: 11/18
[Barrier] Learner 5 到達/重返, 等待人數: 12/18
[Barrier] Learner 17 到達/重返, 等待人數: 13/18
[Barrier] Learner 12 到達/重返, 等待人數: 14/18
[Barrier] Learner 8 到達/重返, 等待人數: 15/18
[Barrier] Learner 9 到達/重返, 等待人數: 16/18
[Barrier] Learner 16 到達/重返, 等待人數: 17/18
[Barrier] Learner 14 到達/重返, 等待人數: 18/18
[Global EQ] 啟動 Leader SAT 尋找反例
[Barrier] Learner 14 到達/重返, 等待人數: 1/18
[Barrier] Learner 6 到達/重返, 等待人數: 2/18
[Barrier] Learner 15 到達/重返, 等待人數: 3/18
[Barrier] Learner 3 到達/重返, 等待人數: 4/18
[Barrier] Learner 0 到達/重返, 等待人數: 5/18
[Barrier] Learner 13 到達/重返, 等待人數: 6/18
[Barrier] Learner 2 到達/重返, 等待人數: 7/18
[Barrier] Learner 16 到達/重返, 等待人數: 8/18
[Barrier] Learner 11 到達/重返, 等待人數: 9/18
[Barrier] Learner 1 到達/重返, 等待人數: 10/18
[Barrier] Learner 17 到達/重返, 等待人數: 11/18
[Barrier] Learner 12 到達/重返, 等待人數: 12/18
[Barrier] Learner 8 到達/重返, 等待人數: 13/18
[Barrier] Learner 10 到達/重返, 等待人數: 14/18
[Barrier] Learner 4 到達/重返, 等待人數: 15/18
[Barrier] Learner 7 到達/重返, 等待人數: 16/18
[Barrier] Learner 9 到達/重返, 等待人數: 17/18
[Table] MQ/CE SAT 填 hash=0x3e66d1c7d9e52b95
[Barrier] Learner 5 到達/重返, 等待人數: 18/18
[Global EQ] 啟動 Leader SAT 尋找反例
[Table] MQ/CE SAT 填 hash=0xbd875b955f474092
[Barrier] Learner 5 到達/重返, 等待人數: 1/18
[Barrier] Learner 9 到達/重返, 等待人數: 2/18
[Barrier] Learner 15 到達/重返, 等待人數: 3/18
[Barrier] Learner 1 到達/重返, 等待人數: 4/18
[Barrier] Learner 8 到達/重返, 等待人數: 5/18
[Barrier] Learner 14 到達/重返, 等待人數: 6/18
[Barrier] Learner 3 到達/重返, 等待人數: 7/18
[Barrier] Learner 11 到達/重返, 等待人數: 8/18
[Barrier] Learner 17 到達/重返, 等待人數: 9/18
[Barrier] Learner 13 到達/重返, 等待人數: 10/18
[Barrier] Learner 2 到達/重返, 等待人數: 11/18
[Barrier] Learner 6 到達/重返, 等待人數: 12/18
[Barrier] Learner 12 到達/重返, 等待人數: 13/18
[Barrier] Learner 4 到達/重返, 等待人數: 14/18
[Barrier] Learner 7 到達/重返, 等待人數: 15/18
[Barrier] Learner 0 到達/重返, 等待人數: 16/18
[Barrier] Learner 16 到達/重返, 等待人數: 17/18
[Barrier] Learner 10 到達/重返, 等待人數: 18/18
[Global EQ] 啟動 Leader SAT 尋找反例
[Barrier] Learner 2 到達/重返, 等待人數: 1/18
[Barrier] Learner 3 到達/重返, 等待人數: 2/18
[Barrier] Learner 15 到達/重返, 等待人數: 3/18
[Barrier] Learner 13 到達/重返, 等待人數: 4/18
[Barrier] Learner 6 到達/重返, 等待人數: 5/18
[Barrier] Learner 5 到達/重返, 等待人數: 6/18
[Barrier] Learner 14 到達/重返, 等待人數: 7/18
[Barrier] Learner 7 到達/重返, 等待人數: 8/18
[Barrier] Learner 11 到達/重返, 等待人數: 9/18
[Barrier] Learner 4 到達/重返, 等待人數: 10/18
[Barrier] Learner 8 到達/重返, 等待人數: 11/18
[Barrier] Learner 16 到達/重返, 等待人數: 12/18
[Barrier] Learner 1 到達/重返, 等待人數: 13/18
[Barrier] Learner 9 到達/重返, 等待人數: 14/18
[Barrier] Learner 17 到達/重返, 等待人數: 15/18
[Barrier] Learner 12 到達/重返, 等待人數: 16/18
[Barrier] Learner 0 到達/重返, 等待人數: 17/18
[Barrier] Learner 10 到達/重返, 等待人數: 18/18
[Global EQ] 啟動 Leader SAT 尋找反例
[Barrier] Learner 11 到達/重返, 等待人數: 1/18
[Barrier] Learner 14 到達/重返, 等待人數: 2/18
[Barrier] Learner 6 到達/重返, 等待人數: 3/18
[Barrier] Learner 15 到達/重返, 等待人數: 4/18
[Barrier] Learner 4 到達/重返, 等待人數: 5/18
[Barrier] Learner 7 到達/重返, 等待人數: 6/18
[Barrier] Learner 3 到達/重返, 等待人數: 7/18
[Barrier] Learner 12 到達/重返, 等待人數: 8/18
[Barrier] Learner 0 到達/重返, 等待人數: 9/18
[Barrier] Learner 5 到達/重返, 等待人數: 10/18
[Barrier] Learner 13 到達/重返, 等待人數: 11/18
[Barrier] Learner 17 到達/重返, 等待人數: 12/18
[Barrier] Learner 9 到達/重返, 等待人數: 13/18
[Barrier] Learner 1 到達/重返, 等待人數: 14/18
[Barrier] Learner 16 到達/重返, 等待人數: 15/18
[Barrier] Learner 8 到達/重返, 等待人數: 16/18
[Barrier] Learner 2 到達/重返, 等待人數: 17/18
[Table] MQ/CE SAT 填 hash=0x2ffa2517f726532b
[Barrier] Learner 10 到達/重返, 等待人數: 18/18
[Global EQ] 啟動 Leader SAT 尋找反例
[Barrier] Learner 10 到達/重返, 等待人數: 1/18
[Barrier] Learner 11 到達/重返, 等待人數: 2/18
[Barrier] Learner 15 到達/重返, 等待人數: 3/18
[Barrier] Learner 12 到達/重返, 等待人數: 4/18
[Barrier] Learner 0 到達/重返, 等待人數: 5/18
[Barrier] Learner 14 到達/重返, 等待人數: 6/18
[Barrier] Learner 8 到達/重返, 等待人數: 7/18
[Barrier] Learner 5 到達/重返, 等待人數: 8/18
[Barrier] Learner 2 到達/重返, 等待人數: 9/18
[Barrier] Learner 4 到達/重返, 等待人數: 10/18
[Barrier] Learner 6 到達/重返, 等待人數: 11/18
[Barrier] Learner 13 到達/重返, 等待人數: 12/18
[Barrier] Learner 3 到達/重返, 等待人數: 13/18
[Barrier] Learner 16 到達/重返, 等待人數: 14/18
[Barrier] Learner 1 到達/重返, 等待人數: 15/18
[Barrier] Learner 7 到達/重返, 等待人數: 16/18
[Barrier] Learner 17 到達/重返, 等待人數: 17/18
[Table] MQ/CE SAT 填 hash=0x6e9b55ec3caa4780
[Table] MQ/CE SAT 填 hash=0x3989889411a0edb0
[Table] MQ/CE SAT 填 hash=0x6c45153e06de973c
[Table] MQ/CE SAT 填 hash=0x85a2db93017d6c02
[Table] MQ/CE SAT 填 hash=0x6a55fd2a710b9dca
[Table] MQ/CE SAT 填 hash=0xa156e29631e7f10c
[Table] MQ/CE SAT 填 hash=0xae05c5c0af375b6f
[Table] MQ/CE SAT 填 hash=0xce7667686b784e01
[Barrier] Learner 9 到達/重返, 等待人數: 18/18
[Global EQ] 啟動 Leader SAT 尋找反例
[Barrier] Learner 9 到達/重返, 等待人數: 1/18
[Barrier] Learner 10 到達/重返, 等待人數: 2/18
[Barrier] Learner 15 到達/重返, 等待人數: 3/18
[Barrier] Learner 14 到達/重返, 等待人數: 4/18
[Barrier] Learner 12 到達/重返, 等待人數: 5/18
[Barrier] Learner 1 到達/重返, 等待人數: 6/18
[Barrier] Learner 11 到達/重返, 等待人數: 7/18
[Barrier] Learner 6 到達/重返, 等待人數: 8/18
[Barrier] Learner 7 到達/重返, 等待人數: 9/18
[Barrier] Learner 16 到達/重返, 等待人數: 10/18
[Barrier] Learner 2 到達/重返, 等待人數: 11/18
[Barrier] Learner 0 到達/重返, 等待人數: 12/18
[Barrier] Learner 13 到達/重返, 等待人數: 13/18
[Barrier] Learner 5 到達/重返, 等待人數: 14/18
[Barrier] Learner 8 到達/重返, 等待人數: 15/18
[Barrier] Learner 17 到達/重返, 等待人數: 16/18
[Barrier] Learner 4 到達/重返, 等待人數: 17/18
[Table] MQ/CE SAT 填 hash=0x3bf6413c71bf26e8
[Table] MQ/CE SAT 填 hash=0x71080e949cc880b8
[Table] MQ/CE SAT 填 hash=0xa3c39b3e92062a44
[Table] MQ/CE SAT 填 hash=0xb0727e690f5594a7
[Table] MQ/CE SAT 填 hash=0xb2b897a3fa4a4c3f
[Table] MQ/CE SAT 填 hash=0x21e48548a7134632
[Table] MQ/CE SAT 填 hash=0x768367dd1c07fcf2
[Table] MQ/CE SAT 填 hash=0x618785d1e3327702
[Barrier] Learner 3 到達/重返, 等待人數: 18/18
[Global EQ] 啟動 Leader SAT 尋找反例
[Barrier] Learner 10 到達/重返, 等待人數: 1/18
[Barrier] Learner 3 到達/重返, 等待人數: 2/18
[Barrier] Learner 11 到達/重返, 等待人數: 3/18
[Barrier] Learner 2 到達/重返, 等待人數: 4/18
[Barrier] Learner 15 到達/重返, 等待人數: 5/18
[Barrier] Learner 0 到達/重返, 等待人數: 6/18
[Barrier] Learner 9 到達/重返, 等待人數: 7/18
[Barrier] Learner 8 到達/重返, 等待人數: 8/18
[Barrier] Learner 1 到達/重返, 等待人數: 9/18
[Barrier] Learner 13 到達/重返, 等待人數: 10/18
[Barrier] Learner 7 到達/重返, 等待人數: 11/18
[Barrier] Learner 17 到達/重返, 等待人數: 12/18
[Barrier] Learner 14 到達/重返, 等待人數: 13/18
[Barrier] Learner 5 到達/重返, 等待人數: 14/18
[Barrier] Learner 6 到達/重返, 等待人數: 15/18
[Barrier] Learner 16 到達/重返, 等待人數: 16/18
[Barrier] Learner 12 到達/重返, 等待人數: 17/18
[Barrier] Learner 4 到達/重返, 等待人數: 18/18
[Global EQ] 啟動 Leader SAT 尋找反例
[Barrier] Learner 3 到達/重返, 等待人數: 1/18
[Barrier] Learner 2 到達/重返, 等待人數: 2/18
[Barrier] Learner 13 到達/重返, 等待人數: 3/18
[Barrier] Learner 8 到達/重返, 等待人數: 4/18
[Barrier] Learner 0 到達/重返, 等待人數: 5/18
[Barrier] Learner 6 到達/重返, 等待人數: 6/18
[Barrier] Learner 15 到達/重返, 等待人數: 7/18
[Barrier] Learner 12 到達/重返, 等待人數: 8/18
[Barrier] Learner 14 到達/重返, 等待人數: 9/18
[Barrier] Learner 7 到達/重返, 等待人數: 10/18
[Barrier] Learner 17 到達/重返, 等待人數: 11/18
[Barrier] Learner 16 到達/重返, 等待人數: 12/18
[Barrier] Learner 11 到達/重返, 等待人數: 13/18
[Barrier] Learner 5 到達/重返, 等待人數: 14/18
[Barrier] Learner 4 到達/重返, 等待人數: 15/18
[Barrier] Learner 10 到達/重返, 等待人數: 16/18
[Barrier] Learner 1 到達/重返, 等待人數: 17/18
[Table] MQ/CE SAT 填 hash=0x1e3caa2b812f1f78
[Barrier] Learner 9 到達/重返, 等待人數: 18/18
[Global EQ] 啟動 Leader SAT 尋找反例
[Barrier] Learner 9 到達/重返, 等待人數: 1/18
[Barrier] Learner 0 到達/重返, 等待人數: 2/18
[Barrier] Learner 13 到達/重返, 等待人數: 3/18
[Barrier] Learner 7 到達/重返, 等待人數: 4/18
[Barrier] Learner 14 到達/重返, 等待人數: 5/18
[Barrier] Learner 11 到達/重返, 等待人數: 6/18
[Barrier] Learner 5 到達/重返, 等待人數: 7/18
[Barrier] Learner 15 到達/重返, 等待人數: 8/18
[Barrier] Learner 12 到達/重返, 等待人數: 9/18
[Barrier] Learner 3 到達/重返, 等待人數: 10/18
[Barrier] Learner 17 到達/重返, 等待人數: 11/18
[Barrier] Learner 10 到達/重返, 等待人數: 12/18
[Barrier] Learner 2 到達/重返, 等待人數: 13/18
[Barrier] Learner 1 到達/重返, 等待人數: 14/18
[Barrier] Learner 16 到達/重返, 等待人數: 15/18
[Barrier] Learner 6 到達/重返, 等待人數: 16/18
[Barrier] Learner 8 到達/重返, 等待人數: 17/18
[Table] MQ/CE SAT 填 hash=0xfab5e6520bed05f1
[Barrier] Learner 4 到達/重返, 等待人數: 18/18
[Global EQ] 啟動 Leader SAT 尋找反例
[Table] MQ/CE SAT 填 hash=0xd9745fc413e516e5
[Barrier] Learner 4 到達/重返, 等待人數: 1/18
[Barrier] Learner 9 到達/重返, 等待人數: 2/18
[Barrier] Learner 5 到達/重返, 等待人數: 3/18
[Barrier] Learner 16 到達/重返, 等待人數: 4/18
[Barrier] Learner 6 到達/重返, 等待人數: 5/18
[Barrier] Learner 2 到達/重返, 等待人數: 6/18
[Barrier] Learner 15 到達/重返, 等待人數: 7/18
[Barrier] Learner 14 到達/重返, 等待人數: 8/18
[Barrier] Learner 17 到達/重返, 等待人數: 9/18
[Barrier] Learner 0 到達/重返, 等待人數: 10/18
[Barrier] Learner 1 到達/重返, 等待人數: 11/18
[Barrier] Learner 13 到達/重返, 等待人數: 12/18
[Barrier] Learner 12 到達/重返, 等待人數: 13/18
[Barrier] Learner 11 到達/重返, 等待人數: 14/18
[Barrier] Learner 10 到達/重返, 等待人數: 15/18
[Barrier] Learner 8 到達/重返, 等待人數: 16/18
[Table] MQ/CE SAT 填 hash=0xe862d1c3eee70b5
[Table] MQ/CE SAT 填 hash=0xa6b8d31a1ea76d59
[Table] MQ/CE SAT 填 hash=0xc2ff28508e0e0532
[Barrier] Learner 7 到達/重返, 等待人數: 17/18
[Table] MQ/CE SAT 填 hash=0xdbcaa07249b0c729
[Table] MQ/CE SAT 填 hash=0xc26cda1d4f11f263
[Table] MQ/CE SAT 填 hash=0xe5d675ea61202c2a
[Table] MQ/CE SAT 填 hash=0x3a75587ed614e2ea
[Barrier] Learner 3 到達/重返, 等待人數: 18/18
[Global EQ] 啟動 Leader SAT 尋找反例
[Barrier] Learner 3 到達/重返, 等待人數: 1/18
[Barrier] Learner 2 到達/重返, 等待人數: 2/18
[Barrier] Learner 7 到達/重返, 等待人數: 3/18
[Barrier] Learner 17 到達/重返, 等待人數: 4/18
[Barrier] Learner 12 到達/重返, 等待人數: 5/18
[Barrier] Learner 0 到達/重返, 等待人數: 6/18
[Barrier] Learner 5 到達/重返, 等待人數: 7/18
[Barrier] Learner 13 到達/重返, 等待人數: 8/18
[Barrier] Learner 10 到達/重返, 等待人數: 9/18
[Barrier] Learner 4 到達/重返, 等待人數: 10/18
[Barrier] Learner 14 到達/重返, 等待人數: 11/18
[Barrier] Learner 9 到達/重返, 等待人數: 12/18
[Barrier] Learner 16 到達/重返, 等待人數: 13/18
[Barrier] Learner 8 到達/重返, 等待人數: 14/18
[Barrier] Learner 1 到達/重返, 等待人數: 15/18
[Barrier] Learner 15 到達/重返, 等待人數: 16/18
[Barrier] Learner 6 到達/重返, 等待人數: 17/18
[Barrier] Learner 11 到達/重返, 等待人數: 18/18
[Global EQ] 啟動 Leader SAT 尋找反例
[Barrier] Learner 11 到達/重返, 等待人數: 1/18
[Barrier] Learner 7 到達/重返, 等待人數: 2/18
[Barrier] Learner 14 到達/重返, 等待人數: 3/18
[Barrier] Learner 17 到達/重返, 等待人數: 4/18
[Barrier] Learner 13 到達/重返, 等待人數: 5/18
[Barrier] Learner 8 到達/重返, 等待人數: 6/18
[Barrier] Learner 0 到達/重返, 等待人數: 7/18
[Barrier] Learner 12 到達/重返, 等待人數: 8/18
[Barrier] Learner 1 到達/重返, 等待人數: 9/18
[Barrier] Learner 15 到達/重返, 等待人數: 10/18
[Barrier] Learner 16 到達/重返, 等待人數: 11/18
[Barrier] Learner 4 到達/重返, 等待人數: 12/18
[Barrier] Learner 2 到達/重返, 等待人數: 13/18
[Barrier] Learner 9 到達/重返, 等待人數: 14/18
[Barrier] Learner 6 到達/重返, 等待人數: 15/18
[Barrier] Learner 5 到達/重返, 等待人數: 16/18
[Barrier] Learner 3 到達/重返, 等待人數: 17/18
[Barrier] Learner 10 到達/重返, 等待人數: 18/18
[Global EQ] 啟動 Leader SAT 尋找反例
[Barrier] Learner 10 到達/重返, 等待人數: 1/18
[Barrier] Learner 2 到達/重返, 等待人數: 2/18
[Barrier] Learner 3 到達/重返, 等待人數: 3/18
[Barrier] Learner 15 到達/重返, 等待人數: 4/18
[Barrier] Learner 11 到達/重返, 等待人數: 5/18
[Barrier] Learner 8 到達/重返, 等待人數: 6/18
[Barrier] Learner 16 到達/重返, 等待人數: 7/18
[Barrier] Learner 14 到達/重返, 等待人數: 8/18
[Barrier] Learner 1 到達/重返, 等待人數: 9/18
[Barrier] Learner 5 到達/重返, 等待人數: 10/18
[Barrier] Learner 4 到達/重返, 等待人數: 11/18
[Barrier] Learner 9 到達/重返, 等待人數: 12/18
[Barrier] Learner 13 到達/重返, 等待人數: 13/18
[Barrier] Learner 17 到達/重返, 等待人數: 14/18
[Barrier] Learner 0 到達/重返, 等待人數: 15/18
[Barrier] Learner 12 到達/重返, 等待人數: 16/18
[Barrier] Learner 6 到達/重返, 等待人數: 17/18
[Table] MQ/CE SAT 填 hash=0x30e5f502bb9a4865
[Table] MQ/CE SAT 填 hash=0x65f7c25ae6a3a235
[Table] MQ/CE SAT 填 hash=0x8144a0c37715706d
[Table] MQ/CE SAT 填 hash=0xf374d16503ed96f0
[Barrier] Learner 7 到達/重返, 等待人數: 18/18
[Global EQ] 啟動 Leader SAT 尋找反例
[Barrier] Learner 7 到達/重返, 等待人數: 1/18
[Barrier] Learner 12 到達/重返, 等待人數: 2/18
[Barrier] Learner 9 到達/重返, 等待人數: 3/18
[Barrier] Learner 6 到達/重返, 等待人數: 4/18
[Barrier] Learner 2 到達/重返, 等待人數: 5/18
[Barrier] Learner 14 到達/重返, 等待人數: 6/18
[Barrier] Learner 13 到達/重返, 等待人數: 7/18
[Barrier] Learner 1 到達/重返, 等待人數: 8/18
[Barrier] Learner 0 到達/重返, 等待人數: 9/18
[Barrier] Learner 11 到達/重返, 等待人數: 10/18
[Barrier] Learner 4 到達/重返, 等待人數: 11/18
[Barrier] Learner 15 到達/重返, 等待人數: 12/18
[Barrier] Learner 8 到達/重返, 等待人數: 13/18
[Barrier] Learner 10 到達/重返, 等待人數: 14/18
[Barrier] Learner 5 到達/重返, 等待人數: 15/18
[Barrier] Learner 16 到達/重返, 等待人數: 16/18
[Barrier] Learner 17 到達/重返, 等待人數: 17/18
[Table] MQ/CE SAT 填 hash=0xe59e9b9e6cb942e0
[Barrier] Learner 3 到達/重返, 等待人數: 18/18
[Global EQ] 啟動 Leader SAT 尋找反例
[Barrier] Learner 7 到達/重返, 等待人數: 1/18
[Barrier] Learner 8 到達/重返, 等待人數: 2/18
[Barrier] Learner 17 到達/重返, 等待人數: 3/18
[Barrier] Learner 12 到達/重返, 等待人數: 4/18
[Barrier] Learner 13 到達/重返, 等待人數: 5/18
[Barrier] Learner 9 到達/重返, 等待人數: 6/18
[Barrier] Learner 0 到達/重返, 等待人數: 7/18
[Barrier] Learner 5 到達/重返, 等待人數: 8/18
[Barrier] Learner 11 到達/重返, 等待人數: 9/18
[Barrier] Learner 6 到達/重返, 等待人數: 10/18
[Barrier] Learner 14 到達/重返, 等待人數: 11/18
[Barrier] Learner 15 到達/重返, 等待人數: 12/18
[Barrier] Learner 16 到達/重返, 等待人數: 13/18
[Barrier] Learner 10 到達/重返, 等待人數: 14/18
[Barrier] Learner 1 到達/重返, 等待人數: 15/18
[Barrier] Learner 4 到達/重返, 等待人數: 16/18
[Table] MQ/CE SAT 填 hash=0x2265fdc07966516d
[Barrier] Learner 2 到達/重返, 等待人數: 17/18
[Table] MQ/CE SAT 填 hash=0x7c84d4d4ac08f157
[Table] MQ/CE SAT 填 hash=0x49c9482ab6cb47cb
[Barrier] Learner 3 到達/重返, 等待人數: 18/18
[Global EQ] 啟動 Leader SAT 尋找反例
[Barrier] Learner 3 到達/重返, 等待人數: 1/18
[Barrier] Learner 15 到達/重返, 等待人數: 2/18
[Barrier] Learner 5 到達/重返, 等待人數: 3/18
[Barrier] Learner 13 到達/重返, 等待人數: 4/18
[Barrier] Learner 10 到達/重返, 等待人數: 5/18
[Barrier] Learner 6 到達/重返, 等待人數: 6/18
[Barrier] Learner 14 到達/重返, 等待人數: 7/18
[Barrier] Learner 0 到達/重返, 等待人數: 8/18
[Barrier] Learner 7 到達/重返, 等待人數: 9/18
[Barrier] Learner 4 到達/重返, 等待人數: 10/18
[Barrier] Learner 1 到達/重返, 等待人數: 11/18
[Barrier] Learner 17 到達/重返, 等待人數: 12/18
[Barrier] Learner 2 到達/重返, 等待人數: 13/18
[Barrier] Learner 8 到達/重返, 等待人數: 14/18
[Barrier] Learner 9 到達/重返, 等待人數: 15/18
[Barrier] Learner 11 到達/重返, 等待人數: 16/18
[Barrier] Learner 16 到達/重返, 等待人數: 17/18
[Barrier] Learner 12 到達/重返, 等待人數: 18/18
[Global EQ] 啟動 Leader SAT 尋找反例
[Barrier] Learner 4 到達/重返, 等待人數: 1/18
[Barrier] Learner 5 到達/重返, 等待人數: 2/18
[Barrier] Learner 12 到達/重返, 等待人數: 3/18
[Barrier] Learner 14 到達/重返, 等待人數: 4/18
[Barrier] Learner 6 到達/重返, 等待人數: 5/18
[Barrier] Learner 11 到達/重返, 等待人數: 6/18
[Barrier] Learner 13 到達/重返, 等待人數: 7/18
[Barrier] Learner 7 到達/重返, 等待人數: 8/18
[Barrier] Learner 9 到達/重返, 等待人數: 9/18
[Barrier] Learner 1 到達/重返, 等待人數: 10/18
[Barrier] Learner 0 到達/重返, 等待人數: 11/18
[Barrier] Learner 3 到達/重返, 等待人數: 12/18
[Barrier] Learner 17 到達/重返, 等待人數: 13/18
[Barrier] Learner 10 到達/重返, 等待人數: 14/18
[Barrier] Learner 15 到達/重返, 等待人數: 15/18
[Barrier] Learner 8 到達/重返, 等待人數: 16/18
[Barrier] Learner 16 到達/重返, 等待人數: 17/18
[Table] MQ/CE SAT 填 hash=0x95e29b29a6a7c61d
[Barrier] Learner 2 到達/重返, 等待人數: 18/18
[Global EQ] 啟動 Leader SAT 尋找反例
[Barrier] Learner 3 到達/重返, 等待人數: 1/18
[Barrier] Learner 7 到達/重返, 等待人數: 2/18
[Barrier] Learner 14 到達/重返, 等待人數: 3/18
[Barrier] Learner 10 到達/重返, 等待人數: 4/18
[Barrier] Learner 12 到達/重返, 等待人數: 5/18
[Barrier] Learner 5 到達/重返, 等待人數: 6/18
[Barrier] Learner 16 到達/重返, 等待人數: 7/18
[Barrier] Learner 15 到達/重返, 等待人數: 8/18
[Barrier] Learner 13 到達/重返, 等待人數: 9/18
[Barrier] Learner 11 到達/重返, 等待人數: 10/18
[Barrier] Learner 17 到達/重返, 等待人數: 11/18
[Barrier] Learner 9 到達/重返, 等待人數: 12/18
[Barrier] Learner 6 到達/重返, 等待人數: 13/18
[Barrier] Learner 8 到達/重返, 等待人數: 14/18
[Barrier] Learner 1 到達/重返, 等待人數: 15/18
[Barrier] Learner 2 到達/重返, 等待人數: 16/18
[Barrier] Learner 0 到達/重返, 等待人數: 17/18
[Barrier] Learner 4 到達/重返, 等待人數: 18/18
[Global EQ] 啟動 Leader SAT 尋找反例
[Barrier] Learner 4 到達/重返, 等待人數: 1/18
[Barrier] Learner 2 到達/重返, 等待人數: 2/18
[Barrier] Learner 14 到達/重返, 等待人數: 3/18
[Barrier] Learner 9 到達/重返, 等待人數: 4/18
[Barrier] Learner 8 到達/重返, 等待人數: 5/18
[Barrier] Learner 12 到達/重返, 等待人數: 6/18
[Barrier] Learner 11 到達/重返, 等待人數: 7/18
[Barrier] Learner 0 到達/重返, 等待人數: 8/18
[Barrier] Learner 6 到達/重返, 等待人數: 9/18
[Barrier] Learner 16 到達/重返, 等待人數: 10/18
[Barrier] Learner 10 到達/重返, 等待人數: 11/18
[Barrier] Learner 17 到達/重返, 等待人數: 12/18
[Barrier] Learner 15 到達/重返, 等待人數: 13/18
[Barrier] Learner 5 到達/重返, 等待人數: 14/18
[Barrier] Learner 3 到達/重返, 等待人數: 15/18
[Barrier] Learner 1 到達/重返, 等待人數: 16/18
[Barrier] Learner 13 到達/重返, 等待人數: 17/18
[Table] MQ/CE SAT 填 hash=0xcf1bbd47cc615cc6
[Table] MQ/CE SAT 填 hash=0xd92792bfe3d0c1c7
[Table] MQ/CE SAT 填 hash=0x2dc6755458c57887
[Table] MQ/CE SAT 填 hash=0x63c9f6a76d1d2371
[Barrier] Learner 7 到達/重返, 等待人數: 18/18
[Global EQ] 啟動 Leader SAT 尋找反例
[Barrier] Learner 7 到達/重返, 等待人數: 1/18
[Barrier] Learner 13 到達/重返, 等待人數: 2/18
[Barrier] Learner 12 到達/重返, 等待人數: 3/18
[Barrier] Learner 8 到達/重返, 等待人數: 4/18
[Barrier] Learner 16 到達/重返, 等待人數: 5/18
[Barrier] Learner 14 到達/重返, 等待人數: 6/18
[Barrier] Learner 6 到達/重返, 等待人數: 7/18
[Barrier] Learner 15 到達/重返, 等待人數: 8/18
[Barrier] Learner 9 到達/重返, 等待人數: 9/18
[Barrier] Learner 17 到達/重返, 等待人數: 10/18
[Barrier] Learner 5 到達/重返, 等待人數: 11/18
[Barrier] Learner 10 到達/重返, 等待人數: 12/18
[Barrier] Learner 3 到達/重返, 等待人數: 13/18
[Barrier] Learner 1 到達/重返, 等待人數: 14/18
[Barrier] Learner 0 到達/重返, 等待人數: 15/18
[Barrier] Learner 4 到達/重返, 等待人數: 16/18
[Barrier] Learner 11 到達/重返, 等待人數: 17/18
[Table] MQ/CE SAT 填 hash=0x1ef5cd71a0eb53b1
[Barrier] Learner 2 到達/重返, 等待人數: 18/18
[Global EQ] 啟動 Leader SAT 尋找反例
[Barrier] Learner 17 到達/重返, 等待人數: 1/18
[Barrier] Learner 3 到達/重返, 等待人數: 2/18
[Barrier] Learner 6 到達/重返, 等待人數: 3/18
[Barrier] Learner 9 到達/重返, 等待人數: 4/18
[Barrier] Learner 2 到達/重返, 等待人數: 5/18
[Barrier] Learner 0 到達/重返, 等待人數: 6/18
[Barrier] Learner 1 到達/重返, 等待人數: 7/18
[Barrier] Learner 11 到達/重返, 等待人數: 8/18
[Barrier] Learner 16 到達/重返, 等待人數: 9/18
[Barrier] Learner 10 到達/重返, 等待人數: 10/18
[Barrier] Learner 7 到達/重返, 等待人數: 11/18
[Barrier] Learner 5 到達/重返, 等待人數: 12/18
[Barrier] Learner 12 到達/重返, 等待人數: 13/18
[Barrier] Learner 8 到達/重返, 等待人數: 14/18
[Barrier] Learner 15 到達/重返, 等待人數: 15/18
[Barrier] Learner 13 到達/重返, 等待人數: 16/18
[Barrier] Learner 14 到達/重返, 等待人數: 17/18
[Barrier] Learner 4 到達/重返, 等待人數: 18/18
[Global EQ] 啟動 Leader SAT 尋找反例
[Barrier] Learner 4 到達/重返, 等待人數: 1/18
[Barrier] Learner 7 到達/重返, 等待人數: 2/18
[Barrier] Learner 9 到達/重返, 等待人數: 3/18
[Barrier] Learner 11 到達/重返, 等待人數: 4/18
[Barrier] Learner 2 到達/重返, 等待人數: 5/18
[Barrier] Learner 17 到達/重返, 等待人數: 6/18
[Barrier] Learner 3 到達/重返, 等待人數: 7/18
[Barrier] Learner 0 到達/重返, 等待人數: 8/18
[Barrier] Learner 1 到達/重返, 等待人數: 9/18
[Barrier] Learner 13 到達/重返, 等待人數: 10/18
[Barrier] Learner 15 到達/重返, 等待人數: 11/18
[Barrier] Learner 8 到達/重返, 等待人數: 12/18
[Barrier] Learner 5 到達/重返, 等待人數: 13/18
[Barrier] Learner 6 到達/重返, 等待人數: 14/18
[Barrier] Learner 14 到達/重返, 等待人數: 15/18
[Barrier] Learner 16 到達/重返, 等待人數: 16/18
[Barrier] Learner 12 到達/重返, 等待人數: 17/18
[Barrier] Learner 10 到達/重返, 等待人數: 18/18
[Global EQ] 啟動 Leader SAT 尋找反例
[Barrier] Learner 10 到達/重返, 等待人數: 1/18
[Barrier] Learner 5 到達/重返, 等待人數: 2/18
[Barrier] Learner 2 到達/重返, 等待人數: 3/18
[Barrier] Learner 6 到達/重返, 等待人數: 4/18
[Barrier] Learner 17 到達/重返, 等待人數: 5/18
[Barrier] Learner 12 到達/重返, 等待人數: 6/18
[Barrier] Learner 13 到達/重返, 等待人數: 7/18
[Barrier] Learner 7 到達/重返, 等待人數: 8/18
[Barrier] Learner 15 到達/重返, 等待人數: 9/18
[Barrier] Learner 11 到達/重返, 等待人數: 10/18
[Barrier] Learner 8 到達/重返, 等待人數: 11/18
[Barrier] Learner 9 到達/重返, 等待人數: 12/18
[Barrier] Learner 0 到達/重返, 等待人數: 13/18
[Barrier] Learner 16 到達/重返, 等待人數: 14/18
[Barrier] Learner 1 到達/重返, 等待人數: 15/18
[Barrier] Learner 4 到達/重返, 等待人數: 16/18
[Barrier] Learner 14 到達/重返, 等待人數: 17/18
[Barrier] Learner 3 到達/重返, 等待人數: 18/18
[Global EQ] 啟動 Leader SAT 尋找反例
[Barrier] Learner 10 到達/重返, 等待人數: 1/18
[Barrier] Learner 5 到達/重返, 等待人數: 2/18
[Barrier] Learner 6 到達/重返, 等待人數: 3/18
[Barrier] Learner 11 到達/重返, 等待人數: 4/18
[Barrier] Learner 0 到達/重返, 等待人數: 5/18
[Barrier] Learner 8 到達/重返, 等待人數: 6/18
[Barrier] Learner 1 到達/重返, 等待人數: 7/18
[Barrier] Learner 2 到達/重返, 等待人數: 8/18
[Barrier] Learner 12 到達/重返, 等待人數: 9/18
[Barrier] Learner 15 到達/重返, 等待人數: 10/18
[Barrier] Learner 4 到達/重返, 等待人數: 11/18
[Barrier] Learner 16 到達/重返, 等待人數: 12/18
[Barrier] Learner 9 到達/重返, 等待人數: 13/18
[Barrier] Learner 14 到達/重返, 等待人數: 14/18
[Barrier] Learner 3 到達/重返, 等待人數: 15/18
[Barrier] Learner 13 到達/重返, 等待人數: 16/18
[Barrier] Learner 7 到達/重返, 等待人數: 17/18
[Barrier] Learner 17 到達/重返, 等待人數: 18/18
[Global EQ] 啟動 Leader SAT 尋找反例
[Barrier] Learner 17 到達/重返, 等待人數: 1/18
[Barrier] Learner 16 到達/重返, 等待人數: 2/18
[Barrier] Learner 6 到達/重返, 等待人數: 3/18
[Barrier] Learner 10 到達/重返, 等待人數: 4/18
[Barrier] Learner 5 到達/重返, 等待人數: 5/18
[Barrier] Learner 8 到達/重返, 等待人數: 6/18
[Barrier] Learner 12 到達/重返, 等待人數: 7/18
[Barrier] Learner 1 到達/重返, 等待人數: 8/18
[Barrier] Learner 2 到達/重返, 等待人數: 9/18
[Barrier] Learner 14 到達/重返, 等待人數: 10/18
[Barrier] Learner 7 到達/重返, 等待人數: 11/18
[Barrier] Learner 11 到達/重返, 等待人數: 12/18
[Barrier] Learner 13 到達/重返, 等待人數: 13/18
[Barrier] Learner 0 到達/重返, 等待人數: 14/18
[Barrier] Learner 9 到達/重返, 等待人數: 15/18
[Barrier] Learner 15 到達/重返, 等待人數: 16/18
[Barrier] Learner 4 到達/重返, 等待人數: 17/18
[Table] MQ/CE SAT 填 hash=0xb457f0b6d42a1901
[Barrier] Learner 3 到達/重返, 等待人數: 18/18
[Global EQ] 啟動 Leader SAT 尋找反例
[Barrier] Learner 3 到達/重返, 等待人數: 1/18
[Barrier] Learner 7 到達/重返, 等待人數: 2/18
[Barrier] Learner 15 到達/重返, 等待人數: 3/18
[Barrier] Learner 10 到達/重返, 等待人數: 4/18
[Barrier] Learner 0 到達/重返, 等待人數: 5/18
[Barrier] Learner 17 到達/重返, 等待人數: 6/18
[Barrier] Learner 12 到達/重返, 等待人數: 7/18
[Barrier] Learner 11 到達/重返, 等待人數: 8/18
[Barrier] Learner 13 到達/重返, 等待人數: 9/18
[Barrier] Learner 9 到達/重返, 等待人數: 10/18
[Barrier] Learner 5 到達/重返, 等待人數: 11/18
[Barrier] Learner 2 到達/重返, 等待人數: 12/18
[Barrier] Learner 16 到達/重返, 等待人數: 13/18
[Barrier] Learner 6 到達/重返, 等待人數: 14/18
[Barrier] Learner 14 到達/重返, 等待人數: 15/18
[Barrier] Learner 8 到達/重返, 等待人數: 16/18
[Barrier] Learner 4 到達/重返, 等待人數: 17/18
[Barrier] Learner 1 到達/重返, 等待人數: 18/18
[Global EQ] 啟動 Leader SAT 尋找反例
[Barrier] Learner 1 到達/重返, 等待人數: 1/18
[Barrier] Learner 5 到達/重返, 等待人數: 2/18
[Barrier] Learner 11 到達/重返, 等待人數: 3/18
[Barrier] Learner 3 到達/重返, 等待人數: 4/18
[Barrier] Learner 16 到達/重返, 等待人數: 5/18
[Barrier] Learner 6 到達/重返, 等待人數: 6/18
[Barrier] Learner 13 到達/重返, 等待人數: 7/18
[Barrier] Learner 12 到達/重返, 等待人數: 8/18
[Barrier] Learner 8 到達/重返, 等待人數: 9/18
[Barrier] Learner 17 到達/重返, 等待人數: 10/18
[Barrier] Learner 4 到達/重返, 等待人數: 11/18
[Barrier] Learner 2 到達/重返, 等待人數: 12/18
[Barrier] Learner 9 到達/重返, 等待人數: 13/18
[Barrier] Learner 14 到達/重返, 等待人數: 14/18
[Barrier] Learner 7 到達/重返, 等待人數: 15/18
[Barrier] Learner 0 到達/重返, 等待人數: 16/18
[Barrier] Learner 15 到達/重返, 等待人數: 17/18
[Barrier] Learner 10 到達/重返, 等待人數: 18/18
[Global EQ] 啟動 Leader SAT 尋找反例
[Barrier] Learner 10 到達/重返, 等待人數: 1/18
[Barrier] Learner 0 到達/重返, 等待人數: 2/18
[Barrier] Learner 12 到達/重返, 等待人數: 3/18
[Barrier] Learner 13 到達/重返, 等待人數: 4/18
[Barrier] Learner 14 到達/重返, 等待人數: 5/18
[Barrier] Learner 9 到達/重返, 等待人數: 6/18
[Barrier] Learner 16 到達/重返, 等待人數: 7/18
[Barrier] Learner 15 到達/重返, 等待人數: 8/18
[Barrier] Learner 5 到達/重返, 等待人數: 9/18
[Barrier] Learner 6 到達/重返, 等待人數: 10/18
[Barrier] Learner 3 到達/重返, 等待人數: 11/18
[Barrier] Learner 11 到達/重返, 等待人數: 12/18
[Barrier] Learner 1 到達/重返, 等待人數: 13/18
[Barrier] Learner 8 到達/重返, 等待人數: 14/18
[Barrier] Learner 7 到達/重返, 等待人數: 15/18
[Barrier] Learner 17 到達/重返, 等待人數: 16/18
[Barrier] Learner 4 到達/重返, 等待人數: 17/18
[Table] MQ/CE SAT 填 hash=0xed5430684e5cf79d
[Barrier] Learner 2 到達/重返, 等待人數: 18/18
[Global EQ] 啟動 Leader SAT 尋找反例
[Table] MQ/CE SAT 填 hash=0x43d08b293389e766
[Barrier] Learner 10 到達/重返, 等待人數: 1/18
[Barrier] Learner 7 到達/重返, 等待人數: 2/18
[Barrier] Learner 8 到達/重返, 等待人數: 3/18
[Barrier] Learner 4 到達/重返, 等待人數: 4/18
[Barrier] Learner 14 到達/重返, 等待人數: 5/18
[Barrier] Learner 11 到達/重返, 等待人數: 6/18
[Barrier] Learner 9 到達/重返, 等待人數: 7/18
[Barrier] Learner 3 到達/重返, 等待人數: 8/18
[Barrier] Learner 2 到達/重返, 等待人數: 9/18
[Barrier] Learner 16 到達/重返, 等待人數: 10/18
[Barrier] Learner 12 到達/重返, 等待人數: 11/18
[Barrier] Learner 13 到達/重返, 等待人數: 12/18
[Barrier] Learner 17 到達/重返, 等待人數: 13/18
[Barrier] Learner 15 到達/重返, 等待人數: 14/18
[Barrier] Learner 6 到達/重返, 等待人數: 15/18
[Barrier] Learner 5 到達/重返, 等待人數: 16/18
[Barrier] Learner 0 到達/重返, 等待人數: 17/18
[Barrier] Learner 1 到達/重返, 等待人數: 18/18
[Global EQ] 啟動 Leader SAT 尋找反例
[Barrier] Learner 1 到達/重返, 等待人數: 1/18
[Barrier] Learner 3 到達/重返, 等待人數: 2/18
[Barrier] Learner 10 到達/重返, 等待人數: 3/18
[Barrier] Learner 7 到達/重返, 等待人數: 4/18
[Barrier] Learner 14 到達/重返, 等待人數: 5/18
[Barrier] Learner 4 到達/重返, 等待人數: 6/18
[Barrier] Learner 16 到達/重返, 等待人數: 7/18
[Barrier] Learner 8 到達/重返, 等待人數: 8/18
[Barrier] Learner 15 到達/重返, 等待人數: 9/18
[Barrier] Learner 6 到達/重返, 等待人數: 10/18
[Barrier] Learner 12 到達/重返, 等待人數: 11/18
[Barrier] Learner 5 到達/重返, 等待人數: 12/18
[Barrier] Learner 2 到達/重返, 等待人數: 13/18
[Barrier] Learner 11 到達/重返, 等待人數: 14/18
[Barrier] Learner 17 到達/重返, 等待人數: 15/18
[Barrier] Learner 13 到達/重返, 等待人數: 16/18
[Barrier] Learner 9 到達/重返, 等待人數: 17/18
[Table] MQ/CE SAT 填 hash=0x7e808dd8b378f2d8
[Barrier] Learner 0 到達/重返, 等待人數: 18/18
[Global EQ] 啟動 Leader SAT 尋找反例
[Barrier] Learner 12 到達/重返, 等待人數: 1/18
[Barrier] Learner 17 到達/重返, 等待人數: 2/18
[Barrier] Learner 14 到達/重返, 等待人數: 3/18
[Barrier] Learner 6 到達/重返, 等待人數: 4/18
[Barrier] Learner 7 到達/重返, 等待人數: 5/18
[Barrier] Learner 4 到達/重返, 等待人數: 6/18
[Barrier] Learner 2 到達/重返, 等待人數: 7/18
[Barrier] Learner 15 到達/重返, 等待人數: 8/18
[Barrier] Learner 3 到達/重返, 等待人數: 9/18
[Barrier] Learner 11 到達/重返, 等待人數: 10/18
[Barrier] Learner 8 到達/重返, 等待人數: 11/18
[Barrier] Learner 5 到達/重返, 等待人數: 12/18
[Barrier] Learner 9 到達/重返, 等待人數: 13/18
[Barrier] Learner 1 到達/重返, 等待人數: 14/18
[Barrier] Learner 0 到達/重返, 等待人數: 15/18
[Barrier] Learner 16 到達/重返, 等待人數: 16/18
[Barrier] Learner 10 到達/重返, 等待人數: 17/18
[Barrier] Learner 13 到達/重返, 等待人數: 18/18
[Global EQ] 啟動 Leader SAT 尋找反例
[Table] MQ/CE SAT 填 hash=0x3655dbf3969331da
[Barrier] Learner 3 到達/重返, 等待人數: 1/18
[Barrier] Learner 7 到達/重返, 等待人數: 2/18
[Barrier] Learner 15 到達/重返, 等待人數: 3/18
[Barrier] Learner 11 到達/重返, 等待人數: 4/18
[Barrier] Learner 8 到達/重返, 等待人數: 5/18
[Barrier] Learner 10 到達/重返, 等待人數: 6/18
[Barrier] Learner 4 到達/重返, 等待人數: 7/18
[Barrier] Learner 13 到達/重返, 等待人數: 8/18
[Barrier] Learner 12 到達/重返, 等待人數: 9/18
[Barrier] Learner 9 到達/重返, 等待人數: 10/18
[Barrier] Learner 1 到達/重返, 等待人數: 11/18
[Barrier] Learner 5 到達/重返, 等待人數: 12/18
[Barrier] Learner 14 到達/重返, 等待人數: 13/18
[Barrier] Learner 16 到達/重返, 等待人數: 14/18
[Barrier] Learner 0 到達/重返, 等待人數: 15/18
[Barrier] Learner 6 到達/重返, 等待人數: 16/18
[Barrier] Learner 17 到達/重返, 等待人數: 17/18
[Table] MQ/CE SAT 填 hash=0x12ec40268484f813
[Barrier] Learner 2 到達/重返, 等待人數: 18/18
[Global EQ] 啟動 Leader SAT 尋找反例
[Barrier] Learner 2 到達/重返, 等待人數: 1/18
[Barrier] Learner 3 到達/重返, 等待人數: 2/18
[Barrier] Learner 7 到達/重返, 等待人數: 3/18
[Barrier] Learner 5 到達/重返, 等待人數: 4/18
[Barrier] Learner 9 到達/重返, 等待人數: 5/18
[Barrier] Learner 0 到達/重返, 等待人數: 6/18
[Barrier] Learner 14 到達/重返, 等待人數: 7/18
[Barrier] Learner 11 到達/重返, 等待人數: 8/18
[Barrier] Learner 6 到達/重返, 等待人數: 9/18
[Barrier] Learner 10 到達/重返, 等待人數: 10/18
[Barrier] Learner 4 到達/重返, 等待人數: 11/18
[Barrier] Learner 12 到達/重返, 等待人數: 12/18
[Barrier] Learner 8 到達/重返, 等待人數: 13/18
[Barrier] Learner 16 到達/重返, 等待人數: 14/18
[Barrier] Learner 1 到達/重返, 等待人數: 15/18
[Barrier] Learner 13 到達/重返, 等待人數: 16/18
[Barrier] Learner 15 到達/重返, 等待人數: 17/18
[Table] MQ/CE SAT 填 hash=0x54960d6a6b9b5f83
[Table] MQ/CE SAT 填 hash=0xba0d26be5616b29b
[Barrier] Learner 17 到達/重返, 等待人數: 18/18
[Global EQ] 啟動 Leader SAT 尋找反例
[Barrier] Learner 17 到達/重返, 等待人數: 1/18
[Barrier] Learner 9 到達/重返, 等待人數: 2/18
[Barrier] Learner 12 到達/重返, 等待人數: 3/18
[Barrier] Learner 3 到達/重返, 等待人數: 4/18
[Barrier] Learner 10 到達/重返, 等待人數: 5/18
[Barrier] Learner 8 到達/重返, 等待人數: 6/18
[Barrier] Learner 15 到達/重返, 等待人數: 7/18
[Barrier] Learner 0 到達/重返, 等待人數: 8/18
[Barrier] Learner 4 到達/重返, 等待人數: 9/18
[Barrier] Learner 14 到達/重返, 等待人數: 10/18
[Barrier] Learner 7 到達/重返, 等待人數: 11/18
[Barrier] Learner 11 到達/重返, 等待人數: 12/18
[Barrier] Learner 2 到達/重返, 等待人數: 13/18
[Barrier] Learner 6 到達/重返, 等待人數: 14/18
[Barrier] Learner 5 到達/重返, 等待人數: 15/18
[Barrier] Learner 16 到達/重返, 等待人數: 16/18
[Barrier] Learner 13 到達/重返, 等待人數: 17/18
[Table] MQ/CE SAT 填 hash=0xf87ccdb03955356d
[Table] MQ/CE SAT 填 hash=0xc5c1410644178be1
[Table] MQ/CE SAT 填 hash=0xac637ab14978b71b
[Table] MQ/CE SAT 填 hash=0x325b5885f8f499b
[Table] MQ/CE SAT 填 hash=0xae86d2f3ea9a92db
[Barrier] Learner 1 到達/重返, 等待人數: 18/18
[Global EQ] 啟動 Leader SAT 尋找反例
[Table] MQ/CE SAT 填 hash=0x879c11a07217c13b
[Barrier] Learner 1 到達/重返, 等待人數: 1/18
[Barrier] Learner 6 到達/重返, 等待人數: 2/18
[Barrier] Learner 3 到達/重返, 等待人數: 3/18
[Barrier] Learner 10 到達/重返, 等待人數: 4/18
[Barrier] Learner 11 到達/重返, 等待人數: 5/18
[Barrier] Learner 14 到達/重返, 等待人數: 6/18
[Barrier] Learner 12 到達/重返, 等待人數: 7/18
[Barrier] Learner 2 到達/重返, 等待人數: 8/18
[Barrier] Learner 15 到達/重返, 等待人數: 9/18
[Barrier] Learner 5 到達/重返, 等待人數: 10/18
[Barrier] Learner 8 到達/重返, 等待人數: 11/18
[Barrier] Learner 4 到達/重返, 等待人數: 12/18
[Barrier] Learner 17 到達/重返, 等待人數: 13/18
[Barrier] Learner 16 到達/重返, 等待人數: 14/18
[Barrier] Learner 9 到達/重返, 等待人數: 15/18
[Barrier] Learner 0 到達/重返, 等待人數: 16/18
[Barrier] Learner 7 到達/重返, 等待人數: 17/18
[Table] MQ/CE SAT 填 hash=0x7ab99a28a4cbfb6f
[Table] MQ/CE SAT 填 hash=0xa0f9d7f56cb69601
[Table] MQ/CE SAT 填 hash=0xd3b5649f61f43f8d
[Table] MQ/CE SAT 填 hash=0xc7068174e4a4d52a
[Barrier] Learner 13 到達/重返, 等待人數: 18/18
[Global EQ] 啟動 Leader SAT 尋找反例
[Table] MQ/CE SAT 填 hash=0xc3e929a2db4b7a67
[Barrier] Learner 17 到達/重返, 等待人數: 1/18
[Barrier] Learner 13 到達/重返, 等待人數: 2/18
[Barrier] Learner 14 到達/重返, 等待人數: 3/18
[Barrier] Learner 8 到達/重返, 等待人數: 4/18
[Barrier] Learner 2 到達/重返, 等待人數: 5/18
[Barrier] Learner 1 到達/重返, 等待人數: 6/18
[Barrier] Learner 10 到達/重返, 等待人數: 7/18
[Barrier] Learner 3 到達/重返, 等待人數: 8/18
[Barrier] Learner 9 到達/重返, 等待人數: 9/18
[Barrier] Learner 0 到達/重返, 等待人數: 10/18
[Barrier] Learner 12 到達/重返, 等待人數: 11/18
[Barrier] Learner 5 到達/重返, 等待人數: 12/18
[Barrier] Learner 4 到達/重返, 等待人數: 13/18
[Barrier] Learner 6 到達/重返, 等待人數: 14/18
[Barrier] Learner 7 到達/重返, 等待人數: 15/18
[Barrier] Learner 16 到達/重返, 等待人數: 16/18
[Barrier] Learner 11 到達/重返, 等待人數: 17/18
[Barrier] Learner 15 到達/重返, 等待人數: 18/18
[Global EQ] 啟動 Leader SAT 尋找反例
[Barrier] Learner 15 到達/重返, 等待人數: 1/18
[Barrier] Learner 5 到達/重返, 等待人數: 2/18
[Barrier] Learner 6 到達/重返, 等待人數: 3/18
[Barrier] Learner 8 到達/重返, 等待人數: 4/18
[Barrier] Learner 14 到達/重返, 等待人數: 5/18
[Barrier] Learner 17 到達/重返, 等待人數: 6/18
[Barrier] Learner 12 到達/重返, 等待人數: 7/18
[Barrier] Learner 1 到達/重返, 等待人數: 8/18
[Barrier] Learner 11 到達/重返, 等待人數: 9/18
[Barrier] Learner 16 到達/重返, 等待人數: 10/18
[Barrier] Learner 0 到達/重返, 等待人數: 11/18
[Barrier] Learner 3 到達/重返, 等待人數: 12/18
[Barrier] Learner 4 到達/重返, 等待人數: 13/18
[Barrier] Learner 2 到達/重返, 等待人數: 14/18
[Barrier] Learner 7 到達/重返, 等待人數: 15/18
[Barrier] Learner 9 到達/重返, 等待人數: 16/18
[Barrier] Learner 10 到達/重返, 等待人數: 17/18
[Table] MQ/CE SAT 填 hash=0xc4fad5c42bdc6847
[Table] MQ/CE SAT 填 hash=0x1999b858a0d11f07
[Barrier] Learner 13 到達/重返, 等待人數: 18/18
[Global EQ] 啟動 Leader SAT 尋找反例
[Barrier] Learner 5 到達/重返, 等待人數: 1/18
[Barrier] Learner 3 到達/重返, 等待人數: 2/18
[Barrier] Learner 8 到達/重返, 等待人數: 3/18
[Barrier] Learner 13 到達/重返, 等待人數: 4/18
[Barrier] Learner 15 到達/重返, 等待人數: 5/18
[Barrier] Learner 4 到達/重返, 等待人數: 6/18
[Barrier] Learner 17 到達/重返, 等待人數: 7/18
[Barrier] Learner 2 到達/重返, 等待人數: 8/18
[Barrier] Learner 9 到達/重返, 等待人數: 9/18
[Barrier] Learner 16 到達/重返, 等待人數: 10/18
[Barrier] Learner 7 到達/重返, 等待人數: 11/18
[Barrier] Learner 12 到達/重返, 等待人數: 12/18
[Barrier] Learner 1 到達/重返, 等待人數: 13/18
[Barrier] Learner 10 到達/重返, 等待人數: 14/18
[Barrier] Learner 6 到達/重返, 等待人數: 15/18
[Barrier] Learner 0 到達/重返, 等待人數: 16/18
[Barrier] Learner 11 到達/重返, 等待人數: 17/18
[Table] MQ/CE SAT 填 hash=0x75fcf158ee5da23b
[Table] MQ/CE SAT 填 hash=0x52ac8e42bc676229
[Table] MQ/CE SAT 填 hash=0xe888f3926654ae89
[Barrier] Learner 14 到達/重返, 等待人數: 18/18
[Global EQ] 啟動 Leader SAT 尋找反例
[Barrier] Learner 13 到達/重返, 等待人數: 1/18
[Barrier] Learner 15 到達/重返, 等待人數: 2/18
[Barrier] Learner 16 到達/重返, 等待人數: 3/18
[Barrier] Learner 8 到達/重返, 等待人數: 4/18
[Barrier] Learner 4 到達/重返, 等待人數: 5/18
[Barrier] Learner 7 到達/重返, 等待人數: 6/18
[Barrier] Learner 11 到達/重返, 等待人數: 7/18
[Barrier] Learner 17 到達/重返, 等待人數: 8/18
[Barrier] Learner 9 到達/重返, 等待人數: 9/18
[Barrier] Learner 5 到達/重返, 等待人數: 10/18
[Barrier] Learner 14 到達/重返, 等待人數: 11/18
[Barrier] Learner 1 到達/重返, 等待人數: 12/18
[Barrier] Learner 10 到達/重返, 等待人數: 13/18
[Barrier] Learner 12 到達/重返, 等待人數: 14/18
[Barrier] Learner 6 到達/重返, 等待人數: 15/18
[Barrier] Learner 3 到達/重返, 等待人數: 16/18
[Barrier] Learner 0 到達/重返, 等待人數: 17/18
[Barrier] Learner 2 到達/重返, 等待人數: 18/18
[Global EQ] 啟動 Leader SAT 尋找反例
[Table] MQ/CE SAT 填 hash=0x24adaa687d9811d1
[Barrier] Learner 2 到達/重返, 等待人數: 1/18
[Barrier] Learner 6 到達/重返, 等待人數: 2/18
[Barrier] Learner 7 到達/重返, 等待人數: 3/18
[Barrier] Learner 15 到達/重返, 等待人數: 4/18
[Barrier] Learner 8 到達/重返, 等待人數: 5/18
[Barrier] Learner 5 到達/重返, 等待人數: 6/18
[Barrier] Learner 9 到達/重返, 等待人數: 7/18
[Barrier] Learner 14 到達/重返, 等待人數: 8/18
[Barrier] Learner 17 到達/重返, 等待人數: 9/18
[Barrier] Learner 3 到達/重返, 等待人數: 10/18
[Barrier] Learner 1 到達/重返, 等待人數: 11/18
[Barrier] Learner 13 到達/重返, 等待人數: 12/18
[Barrier] Learner 12 到達/重返, 等待人數: 13/18
[Barrier] Learner 0 到達/重返, 等待人數: 14/18
[Barrier] Learner 11 到達/重返, 等待人數: 15/18
[Barrier] Learner 10 到達/重返, 等待人數: 16/18
[Barrier] Learner 16 到達/重返, 等待人數: 17/18
[Table] MQ/CE SAT 填 hash=0x8ed14518d3aac571
[Table] MQ/CE SAT 填 hash=0xddda72ce597b9e43
[Barrier] Learner 4 到達/重返, 等待人數: 18/18
[Global EQ] 啟動 Leader SAT 尋找反例
[Barrier] Learner 4 到達/重返, 等待人數: 1/18
[Barrier] Learner 14 到達/重返, 等待人數: 2/18
[Barrier] Learner 10 到達/重返, 等待人數: 3/18
[Barrier] Learner 16 到達/重返, 等待人數: 4/18
[Barrier] Learner 9 到達/重返, 等待人數: 5/18
[Barrier] Learner 11 到達/重返, 等待人數: 6/18
[Barrier] Learner 17 到達/重返, 等待人數: 7/18
[Barrier] Learner 3 到達/重返, 等待人數: 8/18
[Barrier] Learner 6 到達/重返, 等待人數: 9/18
[Barrier] Learner 0 到達/重返, 等待人數: 10/18
[Barrier] Learner 5 到達/重返, 等待人數: 11/18
[Barrier] Learner 1 到達/重返, 等待人數: 12/18
[Barrier] Learner 15 到達/重返, 等待人數: 13/18
[Barrier] Learner 12 到達/重返, 等待人數: 14/18
[Barrier] Learner 8 到達/重返, 等待人數: 15/18
[Barrier] Learner 13 到達/重返, 等待人數: 16/18
[Barrier] Learner 7 到達/重返, 等待人數: 17/18
[Table] MQ/CE SAT 填 hash=0x16a84c72a48146e
[Table] MQ/CE SAT 填 hash=0xe1967f1a7977ed1
[Barrier] Learner 2 到達/重返, 等待人數: 18/18
[Global EQ] 啟動 Leader SAT 尋找反例
[Barrier] Learner 2 到達/重返, 等待人數: 1/18
[Barrier] Learner 6 到達/重返, 等待人數: 2/18
[Barrier] Learner 0 到達/重返, 等待人數: 3/18
[Barrier] Learner 9 到達/重返, 等待人數: 4/18
[Barrier] Learner 16 到達/重返, 等待人數: 5/18
[Barrier] Learner 7 到達/重返, 等待人數: 6/18
[Barrier] Learner 4 到達/重返, 等待人數: 7/18
[Barrier] Learner 3 到達/重返, 等待人數: 8/18
[Barrier] Learner 5 到達/重返, 等待人數: 9/18
[Barrier] Learner 1 到達/重返, 等待人數: 10/18
[Barrier] Learner 10 到達/重返, 等待人數: 11/18
[Barrier] Learner 11 到達/重返, 等待人數: 12/18
[Barrier] Learner 8 到達/重返, 等待人數: 13/18
[Barrier] Learner 15 到達/重返, 等待人數: 14/18
[Barrier] Learner 17 到達/重返, 等待人數: 15/18
[Barrier] Learner 12 到達/重返, 等待人數: 16/18
[Barrier] Learner 13 到達/重返, 等待人數: 17/18
[Barrier] Learner 14 到達/重返, 等待人數: 18/18
[Global EQ] 啟動 Leader SAT 尋找反例
[Barrier] Learner 14 到達/重返, 等待人數: 1/18
[Barrier] Learner 8 到達/重返, 等待人數: 2/18
[Barrier] Learner 10 到達/重返, 等待人數: 3/18
[Barrier] Learner 9 到達/重返, 等待人數: 4/18
[Barrier] Learner 16 到達/重返, 等待人數: 5/18
[Barrier] Learner 13 到達/重返, 等待人數: 6/18
[Barrier] Learner 17 到達/重返, 等待人數: 7/18
[Barrier] Learner 15 到達/重返, 等待人數: 8/18
[Barrier] Learner 3 到達/重返, 等待人數: 9/18
[Barrier] Learner 5 到達/重返, 等待人數: 10/18
[Barrier] Learner 11 到達/重返, 等待人數: 11/18
[Barrier] Learner 6 到達/重返, 等待人數: 12/18
[Barrier] Learner 1 到達/重返, 等待人數: 13/18
[Barrier] Learner 12 到達/重返, 等待人數: 14/18
[Barrier] Learner 0 到達/重返, 等待人數: 15/18
[Barrier] Learner 7 到達/重返, 等待人數: 16/18
[Barrier] Learner 2 到達/重返, 等待人數: 17/18
[Barrier] Learner 4 到達/重返, 等待人數: 18/18
[Global EQ] 啟動 Leader SAT 尋找反例
[Table] MQ/CE SAT 填 hash=0x89e68abe6998ffab
[Barrier] Learner 10 到達/重返, 等待人數: 1/18
[Barrier] Learner 17 到達/重返, 等待人數: 2/18
[Barrier] Learner 1 到達/重返, 等待人數: 3/18
[Barrier] Learner 8 到達/重返, 等待人數: 4/18
[Barrier] Learner 16 到達/重返, 等待人數: 5/18
[Barrier] Learner 7 到達/重返, 等待人數: 6/18
[Barrier] Learner 11 到達/重返, 等待人數: 7/18
[Barrier] Learner 3 到達/重返, 等待人數: 8/18
[Barrier] Learner 6 到達/重返, 等待人數: 9/18
[Barrier] Learner 12 到達/重返, 等待人數: 10/18
[Barrier] Learner 5 到達/重返, 等待人數: 11/18
[Barrier] Learner 15 到達/重返, 等待人數: 12/18
[Barrier] Learner 9 到達/重返, 等待人數: 13/18
[Barrier] Learner 0 到達/重返, 等待人數: 14/18
[Barrier] Learner 2 到達/重返, 等待人數: 15/18
[Barrier] Learner 14 到達/重返, 等待人數: 16/18
[Barrier] Learner 13 到達/重返, 等待人數: 17/18
[Table] MQ/CE SAT 填 hash=0x54d4bd663e8fa5db
[Table] MQ/CE SAT 填 hash=0x6e3283bb392e7aa1
[Table] MQ/CE SAT 填 hash=0xbd3bb170beff5373
[Barrier] Learner 4 到達/重返, 等待人數: 18/18
[Global EQ] 啟動 Leader SAT 尋找反例
[Table] MQ/CE SAT 填 hash=0x1a08998a3e1a0109
[Barrier] Learner 4 到達/重返, 等待人數: 1/18
[Barrier] Learner 2 到達/重返, 等待人數: 2/18
[Barrier] Learner 0 到達/重返, 等待人數: 3/18
[Barrier] Learner 1 到達/重返, 等待人數: 4/18
[Barrier] Learner 7 到達/重返, 等待人數: 5/18
[Barrier] Learner 15 到達/重返, 等待人數: 6/18
[Barrier] Learner 9 到達/重返, 等待人數: 7/18
[Barrier] Learner 16 到達/重返, 等待人數: 8/18
[Barrier] Learner 14 到達/重返, 等待人數: 9/18
[Barrier] Learner 8 到達/重返, 等待人數: 10/18
[Barrier] Learner 5 到達/重返, 等待人數: 11/18
[Barrier] Learner 13 到達/重返, 等待人數: 12/18
[Barrier] Learner 11 到達/重返, 等待人數: 13/18
[Barrier] Learner 17 到達/重返, 等待人數: 14/18
[Barrier] Learner 3 到達/重返, 等待人數: 15/18
[Barrier] Learner 6 到達/重返, 等待人數: 16/18
[Barrier] Learner 12 到達/重返, 等待人數: 17/18
[Table] MQ/CE SAT 填 hash=0xc297044b9664cf89
[Table] MQ/CE SAT 填 hash=0x2cba9efbec778329
[Table] MQ/CE SAT 填 hash=0x116dc0935c05b4f1
[Table] MQ/CE SAT 填 hash=0xf272f98a51166ad0
[Table] MQ/CE SAT 填 hash=0xab9fc1f02cf9f742
[Barrier] Learner 10 到達/重返, 等待人數: 18/18
[Global EQ] 啟動 Leader SAT 尋找反例
[Barrier] Learner 10 到達/重返, 等待人數: 1/18
[Barrier] Learner 2 到達/重返, 等待人數: 2/18
[Barrier] Learner 3 到達/重返, 等待人數: 3/18
[Barrier] Learner 16 到達/重返, 等待人數: 4/18
[Barrier] Learner 13 到達/重返, 等待人數: 5/18
[Barrier] Learner 7 到達/重返, 等待人數: 6/18
[Barrier] Learner 14 到達/重返, 等待人數: 7/18
[Barrier] Learner 17 到達/重返, 等待人數: 8/18
[Barrier] Learner 1 到達/重返, 等待人數: 9/18
[Barrier] Learner 12 到達/重返, 等待人數: 10/18
[Barrier] Learner 15 到達/重返, 等待人數: 11/18
[Barrier] Learner 8 到達/重返, 等待人數: 12/18
[Barrier] Learner 4 到達/重返, 等待人數: 13/18
[Barrier] Learner 11 到達/重返, 等待人數: 14/18
[Barrier] Learner 9 到達/重返, 等待人數: 15/18
[Barrier] Learner 0 到達/重返, 等待人數: 16/18
[Barrier] Learner 5 到達/重返, 等待人數: 17/18
[Barrier] Learner 6 到達/重返, 等待人數: 18/18
[Global EQ] 啟動 Leader SAT 尋找反例
[Barrier] Learner 6 到達/重返, 等待人數: 1/18
[Barrier] Learner 15 到達/重返, 等待人數: 2/18
[Barrier] Learner 8 到達/重返, 等待人數: 3/18
[Barrier] Learner 16 到達/重返, 等待人數: 4/18
[Barrier] Learner 13 到達/重返, 等待人數: 5/18
[Barrier] Learner 2 到達/重返, 等待人數: 6/18
[Barrier] Learner 5 到達/重返, 等待人數: 7/18
[Barrier] Learner 7 到達/重返, 等待人數: 8/18
[Barrier] Learner 10 到達/重返, 等待人數: 9/18
[Barrier] Learner 14 到達/重返, 等待人數: 10/18
[Barrier] Learner 3 到達/重返, 等待人數: 11/18
[Barrier] Learner 12 到達/重返, 等待人數: 12/18
[Barrier] Learner 1 到達/重返, 等待人數: 13/18
[Barrier] Learner 0 到達/重返, 等待人數: 14/18
[Barrier] Learner 11 到達/重返, 等待人數: 15/18
[Barrier] Learner 9 到達/重返, 等待人數: 16/18
[Barrier] Learner 17 到達/重返, 等待人數: 17/18
[Table] MQ/CE SAT 填 hash=0x59bf77c0a8a16ba1
[Table] MQ/CE SAT 填 hash=0xc3e31270feb41f41
[Barrier] Learner 4 到達/重返, 等待人數: 18/18
[Global EQ] 啟動 Leader SAT 尋找反例
[Barrier] Learner 4 到達/重返, 等待人數: 1/18
[Barrier] Learner 10 到達/重返, 等待人數: 2/18
[Barrier] Learner 0 到達/重返, 等待人數: 3/18
[Barrier] Learner 12 到達/重返, 等待人數: 4/18
[Barrier] Learner 8 到達/重返, 等待人數: 5/18
[Barrier] Learner 5 到達/重返, 等待人數: 6/18
[Barrier] Learner 3 到達/重返, 等待人數: 7/18
[Barrier] Learner 15 到達/重返, 等待人數: 8/18
[Barrier] Learner 9 到達/重返, 等待人數: 9/18
[Barrier] Learner 1 到達/重返, 等待人數: 10/18
[Barrier] Learner 17 到達/重返, 等待人數: 11/18
[Barrier] Learner 11 到達/重返, 等待人數: 12/18
[Barrier] Learner 14 到達/重返, 等待人數: 13/18
[Barrier] Learner 2 到達/重返, 等待人數: 14/18
[Barrier] Learner 7 到達/重返, 等待人數: 15/18
[Barrier] Learner 16 到達/重返, 等待人數: 16/18
[Barrier] Learner 6 到達/重返, 等待人數: 17/18
[Table] MQ/CE SAT 填 hash=0xfd294f0ca4ec95f5
[Table] MQ/CE SAT 填 hash=0xca6dc262afaeec69
[Table] MQ/CE SAT 填 hash=0xb10ffc0db51017a3
[Table] MQ/CE SAT 填 hash=0xf7e333a7d92c8b31
[Table] MQ/CE SAT 填 hash=0x794c8cfcf28cc891
[Barrier] Learner 13 到達/重返, 等待人數: 18/18
[Global EQ] 啟動 Leader SAT 尋找反例
[Barrier] Learner 13 到達/重返, 等待人數: 1/18
[Barrier] Learner 9 到達/重返, 等待人數: 2/18
[Barrier] Learner 0 到達/重返, 等待人數: 3/18
[Barrier] Learner 11 到達/重返, 等待人數: 4/18
[Barrier] Learner 7 到達/重返, 等待人數: 5/18
[Barrier] Learner 14 到達/重返, 等待人數: 6/18
[Barrier] Learner 15 到達/重返, 等待人數: 7/18
[Barrier] Learner 8 到達/重返, 等待人數: 8/18
[Barrier] Learner 12 到達/重返, 等待人數: 9/18
[Barrier] Learner 16 到達/重返, 等待人數: 10/18
[Barrier] Learner 1 到達/重返, 等待人數: 11/18
[Barrier] Learner 17 到達/重返, 等待人數: 12/18
[Barrier] Learner 2 到達/重返, 等待人數: 13/18
[Barrier] Learner 5 到達/重返, 等待人數: 14/18
[Barrier] Learner 3 到達/重返, 等待人數: 15/18
[Barrier] Learner 6 到達/重返, 等待人數: 16/18
[Barrier] Learner 10 到達/重返, 等待人數: 17/18
[Barrier] Learner 4 到達/重返, 等待人數: 18/18
[Global EQ] 啟動 Leader SAT 尋找反例
[Table] MQ/CE SAT 填 hash=0x3bfa25b933318283
[Barrier] Learner 4 到達/重返, 等待人數: 1/18
[Barrier] Learner 14 到達/重返, 等待人數: 2/18
[Barrier] Learner 6 到達/重返, 等待人數: 3/18
[Barrier] Learner 11 到達/重返, 等待人數: 4/18
[Barrier] Learner 15 到達/重返, 等待人數: 5/18
[Barrier] Learner 9 到達/重返, 等待人數: 6/18
[Barrier] Learner 0 到達/重返, 等待人數: 7/18
[Barrier] Learner 16 到達/重返, 等待人數: 8/18
[Barrier] Learner 17 到達/重返, 等待人數: 9/18
[Barrier] Learner 2 到達/重返, 等待人數: 10/18
[Barrier] Learner 8 到達/重返, 等待人數: 11/18
[Barrier] Learner 1 到達/重返, 等待人數: 12/18
[Barrier] Learner 5 到達/重返, 等待人數: 13/18
[Barrier] Learner 7 到達/重返, 等待人數: 14/18
[Barrier] Learner 3 到達/重返, 等待人數: 15/18
[Barrier] Learner 13 到達/重返, 等待人數: 16/18
[Barrier] Learner 10 到達/重返, 等待人數: 17/18
[Table] MQ/CE SAT 填 hash=0x10415b19df56e9c3
[Table] MQ/CE SAT 填 hash=0xdb2f8dc1b44d8ff3
[Table] MQ/CE SAT 填 hash=0xf48d5416aeec64b9
[Table] MQ/CE SAT 填 hash=0xe7de70ec319cfa56
[Table] MQ/CE SAT 填 hash=0x5a3801b7e964133a
[Table] MQ/CE SAT 填 hash=0xce6771e056e62bdb
[Table] MQ/CE SAT 填 hash=0x241800961c6bd07b
[Table] MQ/CE SAT 填 hash=0xf1c1e8ae3964a8b
[Table] MQ/CE SAT 填 hash=0x506a5c4827c3c24b
[Table] MQ/CE SAT 填 hash=0x5489d8d36745735b
[Table] MQ/CE SAT 填 hash=0x34dccb70b61779a5
[Barrier] Learner 12 到達/重返, 等待人數: 18/18
[Global EQ] 啟動 Leader SAT 尋找反例
[Table] MQ/CE SAT 填 hash=0xab9d0f6f313d9381
[Barrier] Learner 4 到達/重返, 等待人數: 1/18
[Barrier] Learner 16 到達/重返, 等待人數: 2/18
[Barrier] Learner 10 到達/重返, 等待人數: 3/18
[Barrier] Learner 5 到達/重返, 等待人數: 4/18
[Barrier] Learner 1 到達/重返, 等待人數: 5/18
[Barrier] Learner 8 到達/重返, 等待人數: 6/18
[Barrier] Learner 6 到達/重返, 等待人數: 7/18
[Barrier] Learner 0 到達/重返, 等待人數: 8/18
[Barrier] Learner 11 到達/重返, 等待人數: 9/18
[Barrier] Learner 12 到達/重返, 等待人數: 10/18
[Barrier] Learner 2 到達/重返, 等待人數: 11/18
[Barrier] Learner 13 到達/重返, 等待人數: 12/18
[Barrier] Learner 15 到達/重返, 等待人數: 13/18
[Barrier] Learner 14 到達/重返, 等待人數: 14/18
[Barrier] Learner 3 到達/重返, 等待人數: 15/18
[Barrier] Learner 9 到達/重返, 等待人數: 16/18
[Barrier] Learner 17 到達/重返, 等待人數: 17/18
[Table] MQ/CE SAT 填 hash=0xde589c19267b3d0d
[Table] MQ/CE SAT 填 hash=0xfa9ef14f95e1d4e6
[Table] MQ/CE SAT 填 hash=0xa4ee6299d05c3046
[Barrier] Learner 7 到達/重返, 等待人數: 18/18
[Global EQ] 啟動 Leader SAT 尋找反例
[Barrier] Learner 7 到達/重返, 等待人數: 1/18
[Barrier] Learner 14 到達/重返, 等待人數: 2/18
[Barrier] Learner 13 到達/重返, 等待人數: 3/18
[Barrier] Learner 12 到達/重返, 等待人數: 4/18
[Barrier] Learner 16 到達/重返, 等待人數: 5/18
[Barrier] Learner 2 到達/重返, 等待人數: 6/18
[Barrier] Learner 6 到達/重返, 等待人數: 7/18
[Barrier] Learner 8 到達/重返, 等待人數: 8/18
[Barrier] Learner 4 到達/重返, 等待人數: 9/18
[Barrier] Learner 5 到達/重返, 等待人數: 10/18
[Barrier] Learner 10 到達/重返, 等待人數: 11/18
[Barrier] Learner 17 到達/重返, 等待人數: 12/18
[Barrier] Learner 1 到達/重返, 等待人數: 13/18
[Barrier] Learner 0 到達/重返, 等待人數: 14/18
[Barrier] Learner 11 到達/重返, 等待人數: 15/18
[Barrier] Learner 9 到達/重返, 等待人數: 16/18
[Barrier] Learner 15 到達/重返, 等待人數: 17/18
[Table] MQ/CE SAT 填 hash=0xd64caac18989d31b
[Table] MQ/CE SAT 填 hash=0xc99dc7970c3a68b8
[Barrier] Learner 3 到達/重返, 等待人數: 18/18
[Global EQ] 啟動 Leader SAT 尋找反例
[Table] MQ/CE SAT 填 hash=0x15a22fd6d734d1d5
[Barrier] Learner 12 到達/重返, 等待人數: 1/18
[Barrier] Learner 16 到達/重返, 等待人數: 2/18
[Barrier] Learner 1 到達/重返, 等待人數: 3/18
[Barrier] Learner 8 到達/重返, 等待人數: 4/18
[Barrier] Learner 11 到達/重返, 等待人數: 5/18
[Barrier] Learner 13 到達/重返, 等待人數: 6/18
[Barrier] Learner 0 到達/重返, 等待人數: 7/18
[Barrier] Learner 6 到達/重返, 等待人數: 8/18
[Barrier] Learner 2 到達/重返, 等待人數: 9/18
[Barrier] Learner 9 到達/重返, 等待人數: 10/18
[Barrier] Learner 7 到達/重返, 等待人數: 11/18
[Barrier] Learner 14 到達/重返, 等待人數: 12/18
[Barrier] Learner 4 到達/重返, 等待人數: 13/18
[Barrier] Learner 10 到達/重返, 等待人數: 14/18
[Barrier] Learner 17 到達/重返, 等待人數: 15/18
[Barrier] Learner 5 到達/重返, 等待人數: 16/18
[Barrier] Learner 15 到達/重返, 等待人數: 17/18
[Barrier] Learner 3 到達/重返, 等待人數: 18/18
[Global EQ] 啟動 Leader SAT 尋找反例
[Barrier] Learner 6 到達/重返, 等待人數: 1/18
[Barrier] Learner 11 到達/重返, 等待人數: 2/18
[Barrier] Learner 3 到達/重返, 等待人數: 3/18
[Barrier] Learner 12 到達/重返, 等待人數: 4/18
[Barrier] Learner 2 到達/重返, 等待人數: 5/18
[Barrier] Learner 1 到達/重返, 等待人數: 6/18
[Barrier] Learner 17 到達/重返, 等待人數: 7/18
[Barrier] Learner 13 到達/重返, 等待人數: 8/18
[Barrier] Learner 15 到達/重返, 等待人數: 9/18
[Barrier] Learner 5 到達/重返, 等待人數: 10/18
[Barrier] Learner 7 到達/重返, 等待人數: 11/18
[Barrier] Learner 9 到達/重返, 等待人數: 12/18
[Barrier] Learner 16 到達/重返, 等待人數: 13/18
[Barrier] Learner 0 到達/重返, 等待人數: 14/18
[Barrier] Learner 4 到達/重返, 等待人數: 15/18
[Barrier] Learner 14 到達/重返, 等待人數: 16/18
[Barrier] Learner 8 到達/重返, 等待人數: 17/18
[Barrier] Learner 10 到達/重返, 等待人數: 18/18
[Global EQ] 啟動 Leader SAT 尋找反例
[Barrier] Learner 10 到達/重返, 等待人數: 1/18
[Barrier] Learner 14 到達/重返, 等待人數: 2/18
[Barrier] Learner 3 到達/重返, 等待人數: 3/18
[Barrier] Learner 0 到達/重返, 等待人數: 4/18
[Barrier] Learner 1 到達/重返, 等待人數: 5/18
[Barrier] Learner 15 到達/重返, 等待人數: 6/18
[Barrier] Learner 8 到達/重返, 等待人數: 7/18
[Barrier] Learner 11 到達/重返, 等待人數: 8/18
[Barrier] Learner 17 到達/重返, 等待人數: 9/18
[Barrier] Learner 5 到達/重返, 等待人數: 10/18
[Barrier] Learner 2 到達/重返, 等待人數: 11/18
[Barrier] Learner 12 到達/重返, 等待人數: 12/18
[Barrier] Learner 6 到達/重返, 等待人數: 13/18
[Barrier] Learner 9 到達/重返, 等待人數: 14/18
[Barrier] Learner 16 到達/重返, 等待人數: 15/18
[Barrier] Learner 7 到達/重返, 等待人數: 16/18
[Barrier] Learner 4 到達/重返, 等待人數: 17/18
[Barrier] Learner 13 到達/重返, 等待人數: 18/18
[Global EQ] 啟動 Leader SAT 尋找反例
[Barrier] Learner 13 到達/重返, 等待人數: 1/18
[Barrier] Learner 8 到達/重返, 等待人數: 2/18
[Barrier] Learner 6 到達/重返, 等待人數: 3/18
[Barrier] Learner 11 到達/重返, 等待人數: 4/18
[Barrier] Learner 3 到達/重返, 等待人數: 5/18
[Barrier] Learner 2 到達/重返, 等待人數: 6/18
[Barrier] Learner 10 到達/重返, 等待人數: 7/18
[Barrier] Learner 16 到達/重返, 等待人數: 8/18
[Barrier] Learner 0 到達/重返, 等待人數: 9/18
[Barrier] Learner 5 到達/重返, 等待人數: 10/18
[Barrier] Learner 15 到達/重返, 等待人數: 11/18
[Barrier] Learner 4 到達/重返, 等待人數: 12/18
[Barrier] Learner 14 到達/重返, 等待人數: 13/18
[Barrier] Learner 17 到達/重返, 等待人數: 14/18
[Barrier] Learner 12 到達/重返, 等待人數: 15/18
[Barrier] Learner 9 到達/重返, 等待人數: 16/18
[Barrier] Learner 1 到達/重返, 等待人數: 17/18
[Barrier] Learner 7 到達/重返, 等待人數: 18/18
[Global EQ] 啟動 Leader SAT 尋找反例
[Barrier] Learner 7 到達/重返, 等待人數: 1/18
[Barrier] Learner 12 到達/重返, 等待人數: 2/18
[Barrier] Learner 10 到達/重返, 等待人數: 3/18
[Barrier] Learner 3 到達/重返, 等待人數: 4/18
[Barrier] Learner 14 到達/重返, 等待人數: 5/18
[Barrier] Learner 9 到達/重返, 等待人數: 6/18
[Barrier] Learner 8 到達/重返, 等待人數: 7/18
[Barrier] Learner 15 到達/重返, 等待人數: 8/18
[Barrier] Learner 5 到達/重返, 等待人數: 9/18
[Barrier] Learner 4 到達/重返, 等待人數: 10/18
[Barrier] Learner 17 到達/重返, 等待人數: 11/18
[Barrier] Learner 1 到達/重返, 等待人數: 12/18
[Barrier] Learner 13 到達/重返, 等待人數: 13/18
[Barrier] Learner 0 到達/重返, 等待人數: 14/18
[Barrier] Learner 16 到達/重返, 等待人數: 15/18
[Barrier] Learner 2 到達/重返, 等待人數: 16/18
[Barrier] Learner 6 到達/重返, 等待人數: 17/18
[Barrier] Learner 11 到達/重返, 等待人數: 18/18
[Global EQ] 啟動 Leader SAT 尋找反例
[Table] MQ/CE SAT 填 hash=0x29a6f8c91943c777
[Barrier] Learner 11 到達/重返, 等待人數: 1/18
[Barrier] Learner 9 到達/重返, 等待人數: 2/18
[Barrier] Learner 12 到達/重返, 等待人數: 3/18
[Barrier] Learner 7 到達/重返, 等待人數: 4/18
[Barrier] Learner 6 到達/重返, 等待人數: 5/18
[Barrier] Learner 13 到達/重返, 等待人數: 6/18
[Barrier] Learner 0 到達/重返, 等待人數: 7/18
[Barrier] Learner 8 到達/重返, 等待人數: 8/18
[Barrier] Learner 4 到達/重返, 等待人數: 9/18
[Barrier] Learner 15 到達/重返, 等待人數: 10/18
[Barrier] Learner 1 到達/重返, 等待人數: 11/18
[Barrier] Learner 17 到達/重返, 等待人數: 12/18
[Barrier] Learner 14 到達/重返, 等待人數: 13/18
[Barrier] Learner 2 到達/重返, 等待人數: 14/18
[Barrier] Learner 16 到達/重返, 等待人數: 15/18
[Barrier] Learner 10 到達/重返, 等待人數: 16/18
[Barrier] Learner 5 到達/重返, 等待人數: 17/18
[Table] MQ/CE SAT 填 hash=0x5eb8c621444d2147
[Table] MQ/CE SAT 填 hash=0x78168c763eebf60d
[Table] MQ/CE SAT 填 hash=0x5209e2f6c6fdb6e4
[Barrier] Learner 3 到達/重返, 等待人數: 18/18
[Global EQ] 啟動 Leader SAT 尋找反例
[Barrier] Learner 3 到達/重返, 等待人數: 1/18
[Barrier] Learner 2 到達/重返, 等待人數: 2/18
[Barrier] Learner 15 到達/重返, 等待人數: 3/18
[Barrier] Learner 13 到達/重返, 等待人數: 4/18
[Barrier] Learner 9 到達/重返, 等待人數: 5/18
[Barrier] Learner 11 到達/重返, 等待人數: 6/18
[Barrier] Learner 4 到達/重返, 等待人數: 7/18
[Barrier] Learner 5 到達/重返, 等待人數: 8/18
[Barrier] Learner 8 到達/重返, 等待人數: 9/18
[Barrier] Learner 1 到達/重返, 等待人數: 10/18
[Barrier] Learner 16 到達/重返, 等待人數: 11/18
[Barrier] Learner 7 到達/重返, 等待人數: 12/18
[Barrier] Learner 12 到達/重返, 等待人數: 13/18
[Barrier] Learner 17 到達/重返, 等待人數: 14/18
[Barrier] Learner 0 到達/重返, 等待人數: 15/18
[Barrier] Learner 14 到達/重返, 等待人數: 16/18
[Barrier] Learner 6 到達/重返, 等待人數: 17/18
[Table] MQ/CE SAT 填 hash=0x3ffa88d10e09e009
[Table] MQ/CE SAT 填 hash=0xaa1e2381641c93a9
[Table] MQ/CE SAT 填 hash=0x54899fa73849ad18
[Table] MQ/CE SAT 填 hash=0x6fd67e0fc8bb7b50
[Barrier] Learner 10 到達/重返, 等待人數: 18/18
[Global EQ] 啟動 Leader SAT 尋找反例
[Barrier] Learner 10 到達/重返, 等待人數: 1/18
[Barrier] Learner 6 到達/重返, 等待人數: 2/18
[Barrier] Learner 14 到達/重返, 等待人數: 3/18
[Barrier] Learner 16 到達/重返, 等待人數: 4/18
[Barrier] Learner 7 到達/重返, 等待人數: 5/18
[Barrier] Learner 15 到達/重返, 等待人數: 6/18
[Barrier] Learner 4 到達/重返, 等待人數: 7/18
[Barrier] Learner 12 到達/重返, 等待人數: 8/18
[Barrier] Learner 13 到達/重返, 等待人數: 9/18
[Barrier] Learner 0 到達/重返, 等待人數: 10/18
[Barrier] Learner 8 到達/重返, 等待人數: 11/18
[Barrier] Learner 9 到達/重返, 等待人數: 12/18
[Barrier] Learner 1 到達/重返, 等待人數: 13/18
[Barrier] Learner 17 到達/重返, 等待人數: 14/18
[Barrier] Learner 11 到達/重返, 等待人數: 15/18
[Barrier] Learner 5 到達/重返, 等待人數: 16/18
[Barrier] Learner 3 到達/重返, 等待人數: 17/18
[Barrier] Learner 2 到達/重返, 等待人數: 18/18
[Global EQ] 啟動 Leader SAT 尋找反例
[Barrier] Learner 2 到達/重返, 等待人數: 1/18
[Barrier] Learner 10 到達/重返, 等待人數: 2/18
[Barrier] Learner 13 到達/重返, 等待人數: 3/18
[Barrier] Learner 15 到達/重返, 等待人數: 4/18
[Barrier] Learner 3 到達/重返, 等待人數: 5/18
[Barrier] Learner 7 到達/重返, 等待人數: 6/18
[Barrier] Learner 8 到達/重返, 等待人數: 7/18
[Barrier] Learner 12 到達/重返, 等待人數: 8/18
[Barrier] Learner 1 到達/重返, 等待人數: 9/18
[Barrier] Learner 16 到達/重返, 等待人數: 10/18
[Barrier] Learner 9 到達/重返, 等待人數: 11/18
[Barrier] Learner 14 到達/重返, 等待人數: 12/18
[Barrier] Learner 11 到達/重返, 等待人數: 13/18
[Barrier] Learner 5 到達/重返, 等待人數: 14/18
[Barrier] Learner 17 到達/重返, 等待人數: 15/18
[Barrier] Learner 6 到達/重返, 等待人數: 16/18
[Barrier] Learner 4 到達/重返, 等待人數: 17/18
[Barrier] Learner 0 到達/重返, 等待人數: 18/18
[Global EQ] 啟動 Leader SAT 尋找反例
[Barrier] Learner 0 到達/重返, 等待人數: 1/18
[Barrier] Learner 8 到達/重返, 等待人數: 2/18
[Barrier] Learner 15 到達/重返, 等待人數: 3/18
[Barrier] Learner 11 到達/重返, 等待人數: 4/18
[Barrier] Learner 17 到達/重返, 等待人數: 5/18
[Barrier] Learner 4 到達/重返, 等待人數: 6/18
[Barrier] Learner 16 到達/重返, 等待人數: 7/18
[Barrier] Learner 9 到達/重返, 等待人數: 8/18
[Barrier] Learner 13 到達/重返, 等待人數: 9/18
[Barrier] Learner 1 到達/重返, 等待人數: 10/18
[Barrier] Learner 7 到達/重返, 等待人數: 11/18
[Barrier] Learner 14 到達/重返, 等待人數: 12/18
[Barrier] Learner 12 到達/重返, 等待人數: 13/18
[Barrier] Learner 10 到達/重返, 等待人數: 14/18
[Barrier] Learner 6 到達/重返, 等待人數: 15/18
[Barrier] Learner 5 到達/重返, 等待人數: 16/18
[Barrier] Learner 2 到達/重返, 等待人數: 17/18
[Barrier] Learner 3 到達/重返, 等待人數: 18/18
[Global EQ] 啟動 Leader SAT 尋找反例
[Table] MQ/CE SAT 填 hash=0x598d0652e8717837
[Barrier] Learner 3 到達/重返, 等待人數: 1/18
[Barrier] Learner 5 到達/重返, 等待人數: 2/18
[Barrier] Learner 13 到達/重返, 等待人數: 3/18
[Barrier] Learner 16 到達/重返, 等待人數: 4/18
[Barrier] Learner 10 到達/重返, 等待人數: 5/18
[Barrier] Learner 4 到達/重返, 等待人數: 6/18
[Barrier] Learner 11 到達/重返, 等待人數: 7/18
[Barrier] Learner 9 到達/重返, 等待人數: 8/18
[Barrier] Learner 14 到達/重返, 等待人數: 9/18
[Barrier] Learner 8 到達/重返, 等待人數: 10/18
[Barrier] Learner 1 到達/重返, 等待人數: 11/18
[Barrier] Learner 0 到達/重返, 等待人數: 12/18
[Barrier] Learner 2 到達/重返, 等待人數: 13/18
[Barrier] Learner 12 到達/重返, 等待人數: 14/18
[Barrier] Learner 17 到達/重返, 等待人數: 15/18
[Barrier] Learner 7 到達/重返, 等待人數: 16/18
[Barrier] Learner 15 到達/重返, 等待人數: 17/18
[Table] MQ/CE SAT 填 hash=0x8545d0f23c4c10f7
[Barrier] Learner 6 到達/重返, 等待人數: 18/18
[Global EQ] 啟動 Leader SAT 尋找反例
[Barrier] Learner 11 到達/重返, 等待人數: 1/18
[Barrier] Learner 6 到達/重返, 等待人數: 2/18
[Barrier] Learner 10 到達/重返, 等待人數: 3/18
[Barrier] Learner 12 到達/重返, 等待人數: 4/18
[Barrier] Learner 5 到達/重返, 等待人數: 5/18
[Barrier] Learner 14 到達/重返, 等待人數: 6/18
[Barrier] Learner 9 到達/重返, 等待人數: 7/18
[Barrier] Learner 13 到達/重返, 等待人數: 8/18
[Barrier] Learner 16 到達/重返, 等待人數: 9/18
[Barrier] Learner 3 到達/重返, 等待人數: 10/18
[Barrier] Learner 1 到達/重返, 等待人數: 11/18
[Barrier] Learner 2 到達/重返, 等待人數: 12/18
[Barrier] Learner 4 到達/重返, 等待人數: 13/18
[Barrier] Learner 17 到達/重返, 等待人數: 14/18
[Barrier] Learner 0 到達/重返, 等待人數: 15/18
[Barrier] Learner 7 到達/重返, 等待人數: 16/18
[Barrier] Learner 8 到達/重返, 等待人數: 17/18
[Barrier] Learner 15 到達/重返, 等待人數: 18/18
[Global EQ] 啟動 Leader SAT 尋找反例
[Barrier] Learner 15 到達/重返, 等待人數: 1/18
[Barrier] Learner 14 到達/重返, 等待人數: 2/18
[Barrier] Learner 12 到達/重返, 等待人數: 3/18
[Barrier] Learner 5 到達/重返, 等待人數: 4/18
[Barrier] Learner 17 到達/重返, 等待人數: 5/18
[Barrier] Learner 9 到達/重返, 等待人數: 6/18
[Barrier] Learner 11 到達/重返, 等待人數: 7/18
[Barrier] Learner 4 到達/重返, 等待人數: 8/18
[Barrier] Learner 13 到達/重返, 等待人數: 9/18
[Barrier] Learner 3 到達/重返, 等待人數: 10/18
[Barrier] Learner 8 到達/重返, 等待人數: 11/18
[Barrier] Learner 1 到達/重返, 等待人數: 12/18
[Barrier] Learner 0 到達/重返, 等待人數: 13/18
[Barrier] Learner 10 到達/重返, 等待人數: 14/18
[Barrier] Learner 2 到達/重返, 等待人數: 15/18
[Barrier] Learner 16 到達/重返, 等待人數: 16/18
[Barrier] Learner 7 到達/重返, 等待人數: 17/18
[Table] MQ/CE SAT 填 hash=0x1b223641e6395d57
[Table] MQ/CE SAT 填 hash=0x5034039a1142b727
[Table] MQ/CE SAT 填 hash=0x6991c9ef0be18bed
[Table] MQ/CE SAT 填 hash=0xf7383923541a7309
[Table] MQ/CE SAT 填 hash=0xb4fe41382f93d0b
[Table] MQ/CE SAT 填 hash=0x75cedfce3aba35a9
[Barrier] Learner 6 到達/重返, 等待人數: 18/18
[Global EQ] 啟動 Leader SAT 尋找反例
[Barrier] Learner 14 到達/重返, 等待人數: 1/18
[Barrier] Learner 15 到達/重返, 等待人數: 2/18
[Barrier] Learner 4 到達/重返, 等待人數: 3/18
[Barrier] Learner 1 到達/重返, 等待人數: 4/18
[Barrier] Learner 7 到達/重返, 等待人數: 5/18
[Barrier] Learner 0 到達/重返, 等待人數: 6/18
[Barrier] Learner 9 到達/重返, 等待人數: 7/18
[Barrier] Learner 5 到達/重返, 等待人數: 8/18
[Barrier] Learner 3 到達/重返, 等待人數: 9/18
[Barrier] Learner 8 到達/重返, 等待人數: 10/18
[Barrier] Learner 11 到達/重返, 等待人數: 11/18
[Barrier] Learner 12 到達/重返, 等待人數: 12/18
[Barrier] Learner 10 到達/重返, 等待人數: 13/18
[Barrier] Learner 2 到達/重返, 等待人數: 14/18
[Barrier] Learner 6 到達/重返, 等待人數: 15/18
[Barrier] Learner 13 到達/重返, 等待人數: 16/18
[Barrier] Learner 17 到達/重返, 等待人數: 17/18
[Barrier] Learner 16 到達/重返, 等待人數: 18/18
[Global EQ] 啟動 Leader SAT 尋找反例
[Table] MQ/CE SAT 填 hash=0x8f5ab7ade8fc7701
[Barrier] Learner 16 到達/重返, 等待人數: 1/18
[Barrier] Learner 14 到達/重返, 等待人數: 2/18
[Barrier] Learner 7 到達/重返, 等待人數: 3/18
[Barrier] Learner 0 到達/重返, 等待人數: 4/18
[Barrier] Learner 12 到達/重返, 等待人數: 5/18
[Barrier] Learner 2 到達/重返, 等待人數: 6/18
[Barrier] Learner 4 到達/重返, 等待人數: 7/18
[Barrier] Learner 17 到達/重返, 等待人數: 8/18
[Barrier] Learner 8 到達/重返, 等待人數: 9/18
[Barrier] Learner 1 到達/重返, 等待人數: 10/18
[Barrier] Learner 13 到達/重返, 等待人數: 11/18
[Barrier] Learner 3 到達/重返, 等待人數: 12/18
[Barrier] Learner 9 到達/重返, 等待人數: 13/18
[Barrier] Learner 6 到達/重返, 等待人數: 14/18
[Barrier] Learner 15 到達/重返, 等待人數: 15/18
[Barrier] Learner 5 到達/重返, 等待人數: 16/18
[Table] MQ/CE SAT 填 hash=0xe6cc4cec90b1a881
[Table] MQ/CE SAT 填 hash=0x7ca8b23c3a9ef4e1
[Barrier] Learner 11 到達/重返, 等待人數: 17/18
[Table] MQ/CE SAT 填 hash=0xcd6e86979612d3bb
[Table] MQ/CE SAT 填 hash=0xda1d69c213623e1e
[Table] MQ/CE SAT 填 hash=0x6ff9cf11bd4f8a7e
[Barrier] Learner 10 到達/重返, 等待人數: 18/18
[Global EQ] 啟動 Leader SAT 尋找反例
[Barrier] Learner 10 到達/重返, 等待人數: 1/18
[Barrier] Learner 6 到達/重返, 等待人數: 2/18
[Barrier] Learner 4 到達/重返, 等待人數: 3/18
[Barrier] Learner 7 到達/重返, 等待人數: 4/18
[Barrier] Learner 5 到達/重返, 等待人數: 5/18
[Barrier] Learner 17 到達/重返, 等待人數: 6/18
[Barrier] Learner 11 到達/重返, 等待人數: 7/18
[Barrier] Learner 9 到達/重返, 等待人數: 8/18
[Barrier] Learner 12 到達/重返, 等待人數: 9/18
[Barrier] Learner 13 到達/重返, 等待人數: 10/18
[Barrier] Learner 2 到達/重返, 等待人數: 11/18
[Barrier] Learner 3 到達/重返, 等待人數: 12/18
[Barrier] Learner 8 到達/重返, 等待人數: 13/18
[Barrier] Learner 1 到達/重返, 等待人數: 14/18
[Barrier] Learner 16 到達/重返, 等待人數: 15/18
[Barrier] Learner 0 到達/重返, 等待人數: 16/18
[Barrier] Learner 14 到達/重返, 等待人數: 17/18
[Barrier] Learner 15 到達/重返, 等待人數: 18/18
[Global EQ] 啟動 Leader SAT 尋找反例
[Barrier] Learner 15 到達/重返, 等待人數: 1/18
[Barrier] Learner 11 到達/重返, 等待人數: 2/18
[Barrier] Learner 14 到達/重返, 等待人數: 3/18
[Barrier] Learner 2 到達/重返, 等待人數: 4/18
[Barrier] Learner 13 到達/重返, 等待人數: 5/18
[Barrier] Learner 12 到達/重返, 等待人數: 6/18
[Barrier] Learner 9 到達/重返, 等待人數: 7/18
[Barrier] Learner 10 到達/重返, 等待人數: 8/18
[Barrier] Learner 4 到達/重返, 等待人數: 9/18
[Barrier] Learner 8 到達/重返, 等待人數: 10/18
[Barrier] Learner 3 到達/重返, 等待人數: 11/18
[Barrier] Learner 1 到達/重返, 等待人數: 12/18
[Barrier] Learner 16 到達/重返, 等待人數: 13/18
[Barrier] Learner 17 到達/重返, 等待人數: 14/18
[Barrier] Learner 6 到達/重返, 等待人數: 15/18
[Barrier] Learner 0 到達/重返, 等待人數: 16/18
[Barrier] Learner 7 到達/重返, 等待人數: 17/18
[Table] MQ/CE SAT 填 hash=0xe1581ffd114e312b
[Table] MQ/CE SAT 填 hash=0x4dc1d3e852559c63
[Table] MQ/CE SAT 填 hash=0x1e5d4a8f93050429
[Table] MQ/CE SAT 填 hash=0x14461e14c6bbce21
[Barrier] Learner 5 到達/重返, 等待人數: 18/18
[Global EQ] 啟動 Leader SAT 尋找反例
[Barrier] Learner 4 到達/重返, 等待人數: 1/18
[Barrier] Learner 8 到達/重返, 等待人數: 2/18
[Barrier] Learner 16 到達/重返, 等待人數: 3/18
[Barrier] Learner 12 到達/重返, 等待人數: 4/18
[Barrier] Learner 15 到達/重返, 等待人數: 5/18
[Barrier] Learner 3 到達/重返, 等待人數: 6/18
[Barrier] Learner 0 到達/重返, 等待人數: 7/18
[Barrier] Learner 11 到達/重返, 等待人數: 8/18
[Barrier] Learner 1 到達/重返, 等待人數: 9/18
[Barrier] Learner 14 到達/重返, 等待人數: 10/18
[Barrier] Learner 2 到達/重返, 等待人數: 11/18
[Barrier] Learner 17 到達/重返, 等待人數: 12/18
[Barrier] Learner 10 到達/重返, 等待人數: 13/18
[Barrier] Learner 13 到達/重返, 等待人數: 14/18
[Barrier] Learner 6 到達/重返, 等待人數: 15/18
[Barrier] Learner 7 到達/重返, 等待人數: 16/18
[Barrier] Learner 9 到達/重返, 等待人數: 17/18
[Table] MQ/CE SAT 填 hash=0x62c179522aae6e8b
[Table] MQ/CE SAT 填 hash=0xcf2b2d3d6bb5d9c3
[Table] MQ/CE SAT 填 hash=0x9fc6a3e4ac654189
[Barrier] Learner 5 到達/重返, 等待人數: 18/18
[Global EQ] 啟動 Leader SAT 尋找反例
[Barrier] Learner 5 到達/重返, 等待人數: 1/18
[Barrier] Learner 7 到達/重返, 等待人數: 2/18
[Barrier] Learner 3 到達/重返, 等待人數: 3/18
[Barrier] Learner 11 到達/重返, 等待人數: 4/18
[Barrier] Learner 9 到達/重返, 等待人數: 5/18
[Barrier] Learner 1 到達/重返, 等待人數: 6/18
[Barrier] Learner 2 到達/重返, 等待人數: 7/18
[Barrier] Learner 4 到達/重返, 等待人數: 8/18
[Barrier] Learner 0 到達/重返, 等待人數: 9/18
[Barrier] Learner 17 到達/重返, 等待人數: 10/18
[Barrier] Learner 16 到達/重返, 等待人數: 11/18
[Barrier] Learner 12 到達/重返, 等待人數: 12/18
[Barrier] Learner 13 到達/重返, 等待人數: 13/18
[Barrier] Learner 15 到達/重返, 等待人數: 14/18
[Barrier] Learner 14 到達/重返, 等待人數: 15/18
[Barrier] Learner 6 到達/重返, 等待人數: 16/18
[Barrier] Learner 8 到達/重返, 等待人數: 17/18
[Barrier] Learner 10 到達/重返, 等待人數: 18/18
[Global EQ] 啟動 Leader SAT 尋找反例
[Barrier] Learner 7 到達/重返, 等待人數: 1/18
[Barrier] Learner 3 到達/重返, 等待人數: 2/18
[Barrier] Learner 0 到達/重返, 等待人數: 3/18
[Barrier] Learner 6 到達/重返, 等待人數: 4/18
[Barrier] Learner 14 到達/重返, 等待人數: 5/18
[Barrier] Learner 8 到達/重返, 等待人數: 6/18
[Barrier] Learner 1 到達/重返, 等待人數: 7/18
[Barrier] Learner 16 到達/重返, 等待人數: 8/18
[Barrier] Learner 4 到達/重返, 等待人數: 9/18
[Barrier] Learner 15 到達/重返, 等待人數: 10/18
[Barrier] Learner 17 到達/重返, 等待人數: 11/18
[Barrier] Learner 11 到達/重返, 等待人數: 12/18
[Barrier] Learner 9 到達/重返, 等待人數: 13/18
[Barrier] Learner 13 到達/重返, 等待人數: 14/18
[Barrier] Learner 2 到達/重返, 等待人數: 15/18
[Barrier] Learner 5 到達/重返, 等待人數: 16/18
[Barrier] Learner 12 到達/重返, 等待人數: 17/18
[Table] MQ/CE SAT 填 hash=0x3103f8fe8c88b542
[Table] MQ/CE SAT 填 hash=0xd9a5d317a7a7b7b
[Barrier] Learner 10 到達/重返, 等待人數: 18/18
[Global EQ] 啟動 Leader SAT 尋找反例
[Barrier] Learner 6 到達/重返, 等待人數: 1/18
[Barrier] Learner 8 到達/重返, 等待人數: 2/18
[Barrier] Learner 5 到達/重返, 等待人數: 3/18
[Barrier] Learner 3 到達/重返, 等待人數: 4/18
[Barrier] Learner 16 到達/重返, 等待人數: 5/18
[Barrier] Learner 0 到達/重返, 等待人數: 6/18
[Barrier] Learner 12 到達/重返, 等待人數: 7/18
[Barrier] Learner 11 到達/重返, 等待人數: 8/18
[Barrier] Learner 15 到達/重返, 等待人數: 9/18
[Barrier] Learner 7 到達/重返, 等待人數: 10/18
[Barrier] Learner 1 到達/重返, 等待人數: 11/18
[Barrier] Learner 2 到達/重返, 等待人數: 12/18
[Barrier] Learner 4 到達/重返, 等待人數: 13/18
[Barrier] Learner 14 到達/重返, 等待人數: 14/18
[Barrier] Learner 13 到達/重返, 等待人數: 15/18
[Barrier] Learner 17 到達/重返, 等待人數: 16/18
[Barrier] Learner 9 到達/重返, 等待人數: 17/18
[Table] MQ/CE SAT 填 hash=0x386b6a32eb2467b0
[Table] MQ/CE SAT 填 hash=0x1501ce65d9162de9
[Table] MQ/CE SAT 填 hash=0x25555dd52a218bd9
[Barrier] Learner 10 到達/重返, 等待人數: 18/18
[Global EQ] 啟動 Leader SAT 尋找反例
[Table] MQ/CE SAT 填 hash=0x15c72824decbe6bf
[Barrier] Learner 10 到達/重返, 等待人數: 1/18
[Barrier] Learner 13 到達/重返, 等待人數: 2/18
[Barrier] Learner 8 到達/重返, 等待人數: 3/18
[Barrier] Learner 5 到達/重返, 等待人數: 4/18
[Barrier] Learner 15 到達/重返, 等待人數: 5/18
[Barrier] Learner 16 到達/重返, 等待人數: 6/18
[Barrier] Learner 1 到達/重返, 等待人數: 7/18
[Barrier] Learner 4 到達/重返, 等待人數: 8/18
[Barrier] Learner 3 到達/重返, 等待人數: 9/18
[Barrier] Learner 2 到達/重返, 等待人數: 10/18
[Barrier] Learner 0 到達/重返, 等待人數: 11/18
[Barrier] Learner 14 到達/重返, 等待人數: 12/18
[Barrier] Learner 6 到達/重返, 等待人數: 13/18
[Barrier] Learner 11 到達/重返, 等待人數: 14/18
[Barrier] Learner 12 到達/重返, 等待人數: 15/18
[Barrier] Learner 9 到達/重返, 等待人數: 16/18
[Barrier] Learner 17 到達/重返, 等待人數: 17/18
[Table] MQ/CE SAT 填 hash=0xe30b9b7ae98e3d33
[Table] MQ/CE SAT 填 hash=0x8347cc7ff34d337
[Table] MQ/CE SAT 填 hash=0xb3959a338a401c77
[Barrier] Learner 7 到達/重返, 等待人數: 18/18
[Global EQ] 啟動 Leader SAT 尋找反例
[Barrier] Learner 7 到達/重返, 等待人數: 1/18
[Barrier] Learner 6 到達/重返, 等待人數: 2/18
[Barrier] Learner 15 到達/重返, 等待人數: 3/18
[Barrier] Learner 17 到達/重返, 等待人數: 4/18
[Barrier] Learner 9 到達/重返, 等待人數: 5/18
[Barrier] Learner 0 到達/重返, 等待人數: 6/18
[Barrier] Learner 12 到達/重返, 等待人數: 7/18
[Barrier] Learner 5 到達/重返, 等待人數: 8/18
[Barrier] Learner 8 到達/重返, 等待人數: 9/18
[Barrier] Learner 10 到達/重返, 等待人數: 10/18
[Barrier] Learner 1 到達/重返, 等待人數: 11/18
[Barrier] Learner 4 到達/重返, 等待人數: 12/18
[Barrier] Learner 14 到達/重返, 等待人數: 13/18
[Barrier] Learner 13 到達/重返, 等待人數: 14/18
[Barrier] Learner 2 到達/重返, 等待人數: 15/18
[Barrier] Learner 16 到達/重返, 等待人數: 16/18
[Barrier] Learner 11 到達/重返, 等待人數: 17/18
[Table] MQ/CE SAT 填 hash=0xefaa71168428a7e1
[Table] MQ/CE SAT 填 hash=0xe2fb8dec06d93d7e
[Table] MQ/CE SAT 填 hash=0x25090b72df4656cf
[Table] MQ/CE SAT 填 hash=0x79a7ee07543b0d8f
[Table] MQ/CE SAT 填 hash=0xcf587cbd19c0b22f
[Table] MQ/CE SAT 填 hash=0xc016996f1946421f
[Barrier] Learner 3 到達/重返, 等待人數: 18/18
[Global EQ] 啟動 Leader SAT 尋找反例
[Barrier] Learner 7 到達/重返, 等待人數: 1/18
[Barrier] Learner 6 到達/重返, 等待人數: 2/18
[Barrier] Learner 14 到達/重返, 等待人數: 3/18
[Barrier] Learner 9 到達/重返, 等待人數: 4/18
[Barrier] Learner 1 到達/重返, 等待人數: 5/18
[Barrier] Learner 4 到達/重返, 等待人數: 6/18
[Barrier] Learner 0 到達/重返, 等待人數: 7/18
[Barrier] Learner 5 到達/重返, 等待人數: 8/18
[Barrier] Learner 15 到達/重返, 等待人數: 9/18
[Barrier] Learner 11 到達/重返, 等待人數: 10/18
[Barrier] Learner 17 到達/重返, 等待人數: 11/18
[Barrier] Learner 12 到達/重返, 等待人數: 12/18
[Barrier] Learner 16 到達/重返, 等待人數: 13/18
[Barrier] Learner 8 到達/重返, 等待人數: 14/18
[Barrier] Learner 2 到達/重返, 等待人數: 15/18
[Barrier] Learner 10 到達/重返, 等待人數: 16/18
[Barrier] Learner 13 到達/重返, 等待人數: 17/18
[Table] MQ/CE SAT 填 hash=0x2bfd39774f0f77bb
[Table] MQ/CE SAT 填 hash=0x455affcc49ae4c81
[Table] MQ/CE SAT 填 hash=0x38ac1ca1cc5ee21e
[Table] MQ/CE SAT 填 hash=0x6e0ab6fe277c910c
[Table] MQ/CE SAT 填 hash=0x6a660ab953c09d7f
[Barrier] Learner 3 到達/重返, 等待人數: 18/18
[Global EQ] 啟動 Leader SAT 尋找反例
[Barrier] Learner 3 到達/重返, 等待人數: 1/18
[Barrier] Learner 10 到達/重返, 等待人數: 2/18
[Barrier] Learner 2 到達/重返, 等待人數: 3/18
[Barrier] Learner 14 到達/重返, 等待人數: 4/18
[Barrier] Learner 12 到達/重返, 等待人數: 5/18
[Barrier] Learner 11 到達/重返, 等待人數: 6/18
[Barrier] Learner 9 到達/重返, 等待人數: 7/18
[Barrier] Learner 1 到達/重返, 等待人數: 8/18
[Barrier] Learner 6 到達/重返, 等待人數: 9/18
[Barrier] Learner 16 到達/重返, 等待人數: 10/18
[Barrier] Learner 13 到達/重返, 等待人數: 11/18
[Barrier] Learner 0 到達/重返, 等待人數: 12/18
[Barrier] Learner 7 到達/重返, 等待人數: 13/18
[Barrier] Learner 17 到達/重返, 等待人數: 14/18
[Barrier] Learner 5 到達/重返, 等待人數: 15/18
[Barrier] Learner 4 到達/重返, 等待人數: 16/18
[Barrier] Learner 15 到達/重返, 等待人數: 17/18
[Barrier] Learner 8 到達/重返, 等待人數: 18/18
[Global EQ] 啟動 Leader SAT 尋找反例
[Barrier] Learner 8 到達/重返, 等待人數: 1/18
[Barrier] Learner 1 到達/重返, 等待人數: 2/18
[Barrier] Learner 2 到達/重返, 等待人數: 3/18
[Barrier] Learner 12 到達/重返, 等待人數: 4/18
[Barrier] Learner 16 到達/重返, 等待人數: 5/18
[Barrier] Learner 0 到達/重返, 等待人數: 6/18
[Barrier] Learner 6 到達/重返, 等待人數: 7/18
[Barrier] Learner 3 到達/重返, 等待人數: 8/18
[Barrier] Learner 5 到達/重返, 等待人數: 9/18
[Barrier] Learner 10 到達/重返, 等待人數: 10/18
[Barrier] Learner 17 到達/重返, 等待人數: 11/18
[Barrier] Learner 11 到達/重返, 等待人數: 12/18
[Barrier] Learner 15 到達/重返, 等待人數: 13/18
[Barrier] Learner 4 到達/重返, 等待人數: 14/18
[Barrier] Learner 13 到達/重返, 等待人數: 15/18
[Barrier] Learner 14 到達/重返, 等待人數: 16/18
[Barrier] Learner 9 到達/重返, 等待人數: 17/18
[Table] MQ/CE SAT 填 hash=0x5de50b7dc4ba77d7
[Barrier] Learner 7 到達/重返, 等待人數: 18/18
[Global EQ] 啟動 Leader SAT 尋找反例
[Barrier] Learner 10 到達/重返, 等待人數: 1/18
[Barrier] Learner 7 到達/重返, 等待人數: 2/18
[Barrier] Learner 4 到達/重返, 等待人數: 3/18
[Barrier] Learner 17 到達/重返, 等待人數: 4/18
[Barrier] Learner 11 到達/重返, 等待人數: 5/18
[Barrier] Learner 15 到達/重返, 等待人數: 6/18
[Barrier] Learner 2 到達/重返, 等待人數: 7/18
[Barrier] Learner 6 到達/重返, 等待人數: 8/18
[Barrier] Learner 16 到達/重返, 等待人數: 9/18
[Barrier] Learner 8 到達/重返, 等待人數: 10/18
[Barrier] Learner 9 到達/重返, 等待人數: 11/18
[Barrier] Learner 13 到達/重返, 等待人數: 12/18
[Barrier] Learner 12 到達/重返, 等待人數: 13/18
[Barrier] Learner 3 到達/重返, 等待人數: 14/18
[Barrier] Learner 0 到達/重返, 等待人數: 15/18
[Barrier] Learner 14 到達/重返, 等待人數: 16/18
[Barrier] Learner 5 到達/重返, 等待人數: 17/18
[Barrier] Learner 1 到達/重返, 等待人數: 18/18
[Global EQ] 啟動 Leader SAT 尋找反例
[Barrier] Learner 1 到達/重返, 等待人數: 1/18
[Barrier] Learner 16 到達/重返, 等待人數: 2/18
[Barrier] Learner 2 到達/重返, 等待人數: 3/18
[Barrier] Learner 7 到達/重返, 等待人數: 4/18
[Barrier] Learner 12 到達/重返, 等待人數: 5/18
[Barrier] Learner 13 到達/重返, 等待人數: 6/18
[Barrier] Learner 14 到達/重返, 等待人數: 7/18
[Barrier] Learner 6 到達/重返, 等待人數: 8/18
[Barrier] Learner 0 到達/重返, 等待人數: 9/18
[Barrier] Learner 3 到達/重返, 等待人數: 10/18
[Barrier] Learner 17 到達/重返, 等待人數: 11/18
[Barrier] Learner 4 到達/重返, 等待人數: 12/18
[Barrier] Learner 11 到達/重返, 等待人數: 13/18
[Barrier] Learner 9 到達/重返, 等待人數: 14/18
[Barrier] Learner 15 到達/重返, 等待人數: 15/18
[Barrier] Learner 5 到達/重返, 等待人數: 16/18
[Barrier] Learner 8 到達/重返, 等待人數: 17/18
[Table] MQ/CE SAT 填 hash=0xe5e76761c85b0f9b
[Barrier] Learner 10 到達/重返, 等待人數: 18/18
[Global EQ] 啟動 Leader SAT 尋找反例
[Table] MQ/CE SAT 填 hash=0xb2af4431cf793c9a
[Barrier] Learner 16 到達/重返, 等待人數: 1/18
[Barrier] Learner 12 到達/重返, 等待人數: 2/18
[Barrier] Learner 13 到達/重返, 等待人數: 3/18
[Barrier] Learner 5 到達/重返, 等待人數: 4/18
[Barrier] Learner 0 到達/重返, 等待人數: 5/18
[Barrier] Learner 15 到達/重返, 等待人數: 6/18
[Barrier] Learner 8 到達/重返, 等待人數: 7/18
[Barrier] Learner 4 到達/重返, 等待人數: 8/18
[Barrier] Learner 1 到達/重返, 等待人數: 9/18
[Barrier] Learner 3 到達/重返, 等待人數: 10/18
[Barrier] Learner 10 到達/重返, 等待人數: 11/18
[Barrier] Learner 17 到達/重返, 等待人數: 12/18
[Barrier] Learner 14 到達/重返, 等待人數: 13/18
[Barrier] Learner 11 到達/重返, 等待人數: 14/18
[Barrier] Learner 9 到達/重返, 等待人數: 15/18
[Barrier] Learner 2 到達/重返, 等待人數: 16/18
[Table] MQ/CE SAT 填 hash=0xde680ed12353d55a
[Table] MQ/CE SAT 填 hash=0xabac82272e162bce
[Table] MQ/CE SAT 填 hash=0x1379dc294e5d2f2a
[Table] MQ/CE SAT 填 hash=0xa3768c0bcc61c68a
[Table] MQ/CE SAT 填 hash=0xe0be4f7f591f859e
[Table] MQ/CE SAT 填 hash=0x4ed7a977576d0fca
[Table] MQ/CE SAT 填 hash=0x6e64beb3a1586cba
[Table] MQ/CE SAT 填 hash=0xf9271ac191e76b2a
[Barrier] Learner 6 到達/重返, 等待人數: 17/18
[Table] MQ/CE SAT 填 hash=0x4afb22e68f4a32f3
[Table] MQ/CE SAT 填 hash=0xf65c40521a557c33
[Barrier] Learner 7 到達/重返, 等待人數: 18/18
[Global EQ] 啟動 Leader SAT 尋找反例
[Barrier] Learner 7 到達/重返, 等待人數: 1/18
[Barrier] Learner 10 到達/重返, 等待人數: 2/18
[Barrier] Learner 5 到達/重返, 等待人數: 3/18
[Barrier] Learner 15 到達/重返, 等待人數: 4/18
[Barrier] Learner 0 到達/重返, 等待人數: 5/18
[Barrier] Learner 14 到達/重返, 等待人數: 6/18
[Barrier] Learner 8 到達/重返, 等待人數: 7/18
[Barrier] Learner 17 到達/重返, 等待人數: 8/18
[Barrier] Learner 1 到達/重返, 等待人數: 9/18
[Barrier] Learner 12 到達/重返, 等待人數: 10/18
[Barrier] Learner 3 到達/重返, 等待人數: 11/18
[Barrier] Learner 16 到達/重返, 等待人數: 12/18
[Barrier] Learner 13 到達/重返, 等待人數: 13/18
[Barrier] Learner 11 到達/重返, 等待人數: 14/18
[Barrier] Learner 4 到達/重返, 等待人數: 15/18
[Barrier] Learner 9 到達/重返, 等待人數: 16/18
[Barrier] Learner 6 到達/重返, 等待人數: 17/18
[Table] MQ/CE SAT 填 hash=0xa83d9f73ffe38a17
[Table] MQ/CE SAT 填 hash=0x758212ca0aa5e08b
[Table] MQ/CE SAT 填 hash=0x8edfd91f0544b551
[Table] MQ/CE SAT 填 hash=0x8230f5f487f54aee
[Table] MQ/CE SAT 填 hash=0x1b96d00327ff9c0a
[Table] MQ/CE SAT 填 hash=0x18c41d58f53f214a
[Table] MQ/CE SAT 填 hash=0x6e74ac0ebac4c5ea
[Table] MQ/CE SAT 填 hash=0x85a9afb16edd6d8a
[Table] MQ/CE SAT 填 hash=0xdb5a3e673463122a
[Table] MQ/CE SAT 填 hash=0x5cfeb57c09f397fa
[Barrier] Learner 2 到達/重返, 等待人數: 18/18
[Global EQ] 啟動 Leader SAT 尋找反例
[Barrier] Learner 2 到達/重返, 等待人數: 1/18
[Barrier] Learner 17 到達/重返, 等待人數: 2/18
[Barrier] Learner 14 到達/重返, 等待人數: 3/18
[Barrier] Learner 6 到達/重返, 等待人數: 4/18
[Barrier] Learner 0 到達/重返, 等待人數: 5/18
[Barrier] Learner 13 到達/重返, 等待人數: 6/18
[Barrier] Learner 9 到達/重返, 等待人數: 7/18
[Barrier] Learner 8 到達/重返, 等待人數: 8/18
[Barrier] Learner 1 到達/重返, 等待人數: 9/18
[Barrier] Learner 7 到達/重返, 等待人數: 10/18
[Barrier] Learner 11 到達/重返, 等待人數: 11/18
[Barrier] Learner 10 到達/重返, 等待人數: 12/18
[Barrier] Learner 3 到達/重返, 等待人數: 13/18
[Barrier] Learner 5 到達/重返, 等待人數: 14/18
[Barrier] Learner 4 到達/重返, 等待人數: 15/18
[Barrier] Learner 15 到達/重返, 等待人數: 16/18
[Barrier] Learner 16 到達/重返, 等待人數: 17/18
[Barrier] Learner 12 到達/重返, 等待人數: 18/18
[Global EQ] 啟動 Leader SAT 尋找反例
[Barrier] Learner 12 到達/重返, 等待人數: 1/18
[Barrier] Learner 5 到達/重返, 等待人數: 2/18
[Barrier] Learner 13 到達/重返, 等待人數: 3/18
[Barrier] Learner 4 到達/重返, 等待人數: 4/18
[Barrier] Learner 2 到達/重返, 等待人數: 5/18
[Barrier] Learner 17 到達/重返, 等待人數: 6/18
[Barrier] Learner 16 到達/重返, 等待人數: 7/18
[Barrier] Learner 15 到達/重返, 等待人數: 8/18
[Barrier] Learner 7 到達/重返, 等待人數: 9/18
[Barrier] Learner 8 到達/重返, 等待人數: 10/18
[Barrier] Learner 1 到達/重返, 等待人數: 11/18
[Barrier] Learner 3 到達/重返, 等待人數: 12/18
[Barrier] Learner 11 到達/重返, 等待人數: 13/18
[Barrier] Learner 14 到達/重返, 等待人數: 14/18
[Barrier] Learner 10 到達/重返, 等待人數: 15/18
[Barrier] Learner 0 到達/重返, 等待人數: 16/18
[Barrier] Learner 6 到達/重返, 等待人數: 17/18
[Table] MQ/CE SAT 填 hash=0xe9e96537835a3915
[Table] MQ/CE SAT 填 hash=0xb4d797df5850df45
[Table] MQ/CE SAT 填 hash=0x9b79d18a5db20a7f
[Table] MQ/CE SAT 填 hash=0xffcdde40d2b301cb
[Table] MQ/CE SAT 填 hash=0x9b6098d37d9a10ca
[Table] MQ/CE SAT 填 hash=0xf1112789431fb56a
[Table] MQ/CE SAT 填 hash=0x5df6b9e1bcbe01aa
[Table] MQ/CE SAT 填 hash=0x354bbfac57d42c1a
[Barrier] Learner 9 到達/重返, 等待人數: 18/18
[Global EQ] 啟動 Leader SAT 尋找反例
[Barrier] Learner 4 到達/重返, 等待人數: 1/18
[Barrier] Learner 13 到達/重返, 等待人數: 2/18
[Barrier] Learner 0 到達/重返, 等待人數: 3/18
[Barrier] Learner 5 到達/重返, 等待人數: 4/18
[Barrier] Learner 10 到達/重返, 等待人數: 5/18
[Barrier] Learner 14 到達/重返, 等待人數: 6/18
[Barrier] Learner 11 到達/重返, 等待人數: 7/18
[Barrier] Learner 7 到達/重返, 等待人數: 8/18
[Barrier] Learner 3 到達/重返, 等待人數: 9/18
[Barrier] Learner 17 到達/重返, 等待人數: 10/18
[Barrier] Learner 8 到達/重返, 等待人數: 11/18
[Barrier] Learner 1 到達/重返, 等待人數: 12/18
[Barrier] Learner 6 到達/重返, 等待人數: 13/18
[Barrier] Learner 16 到達/重返, 等待人數: 14/18
[Barrier] Learner 2 到達/重返, 等待人數: 15/18
[Barrier] Learner 12 到達/重返, 等待人數: 16/18
[Barrier] Learner 15 到達/重返, 等待人數: 17/18
[Table] MQ/CE SAT 填 hash=0x7fe444cfdd62fac1
[Table] MQ/CE SAT 填 hash=0x4ad27777b259a0f1
[Table] MQ/CE SAT 填 hash=0x3174b122b7bacc2b
[Table] MQ/CE SAT 填 hash=0x7c03cee9922437df
[Table] MQ/CE SAT 填 hash=0xe284bc241201ed0e
[Table] MQ/CE SAT 填 hash=0x8cd42d6e4c7c486e
[Table] MQ/CE SAT 填 hash=0x4c354a1899ed6fae
[Table] MQ/CE SAT 填 hash=0xa555faf20d56265e
[Barrier] Learner 9 到達/重返, 等待人數: 18/18
[Global EQ] 啟動 Leader SAT 尋找反例
[Barrier] Learner 13 到達/重返, 等待人數: 1/18
[Barrier] Learner 12 到達/重返, 等待人數: 2/18
[Barrier] Learner 10 到達/重返, 等待人數: 3/18
[Barrier] Learner 17 到達/重返, 等待人數: 4/18
[Barrier] Learner 4 到達/重返, 等待人數: 5/18
[Barrier] Learner 8 到達/重返, 等待人數: 6/18
[Barrier] Learner 6 到達/重返, 等待人數: 7/18
[Barrier] Learner 5 到達/重返, 等待人數: 8/18
[Barrier] Learner 14 到達/重返, 等待人數: 9/18
[Barrier] Learner 1 到達/重返, 等待人數: 10/18
[Barrier] Learner 0 到達/重返, 等待人數: 11/18
[Barrier] Learner 15 到達/重返, 等待人數: 12/18
[Barrier] Learner 7 到達/重返, 等待人數: 13/18
[Barrier] Learner 11 到達/重返, 等待人數: 14/18
[Barrier] Learner 3 到達/重返, 等待人數: 15/18
[Barrier] Learner 2 到達/重返, 等待人數: 16/18
[Barrier] Learner 16 到達/重返, 等待人數: 17/18
[Table] MQ/CE SAT 填 hash=0x9a54208b9084e040
[Table] MQ/CE SAT 填 hash=0xb3b1e6e08b23b506
[Table] MQ/CE SAT 填 hash=0x2e416dc7a49f332e
[Barrier] Learner 9 到達/重返, 等待人數: 18/18
[Global EQ] 啟動 Leader SAT 尋找反例
[Barrier] Learner 9 到達/重返, 等待人數: 1/18
[Barrier] Learner 14 到達/重返, 等待人數: 2/18
[Barrier] Learner 13 到達/重返, 等待人數: 3/18
[Barrier] Learner 3 到達/重返, 等待人數: 4/18
[Barrier] Learner 17 到達/重返, 等待人數: 5/18
[Barrier] Learner 16 到達/重返, 等待人數: 6/18
[Barrier] Learner 8 到達/重返, 等待人數: 7/18
[Barrier] Learner 12 到達/重返, 等待人數: 8/18
[Barrier] Learner 11 到達/重返, 等待人數: 9/18
[Barrier] Learner 5 到達/重返, 等待人數: 10/18
[Barrier] Learner 10 到達/重返, 等待人數: 11/18
[Barrier] Learner 15 到達/重返, 等待人數: 12/18
[Barrier] Learner 1 到達/重返, 等待人數: 13/18
[Barrier] Learner 7 到達/重返, 等待人數: 14/18
[Barrier] Learner 0 到達/重返, 等待人數: 15/18
[Barrier] Learner 4 到達/重返, 等待人數: 16/18
[Barrier] Learner 6 到達/重返, 等待人數: 17/18
[Table] MQ/CE SAT 填 hash=0xa9d115442b8991a
[Table] MQ/CE SAT 填 hash=0xd7e184aa4d7aef8e
[Table] MQ/CE SAT 填 hash=0x71475eb8ed8540aa
[Table] MQ/CE SAT 填 hash=0x83f1fc7d6a24d7ce
[Table] MQ/CE SAT 填 hash=0x41f464589458c10e
[Table] MQ/CE SAT 填 hash=0x450234c28349843e
[Barrier] Learner 2 到達/重返, 等待人數: 18/18
[Global EQ] 啟動 Leader SAT 尋找反例
[Barrier] Learner 2 到達/重返, 等待人數: 1/18
[Barrier] Learner 15 到達/重返, 等待人數: 2/18
[Barrier] Learner 6 到達/重返, 等待人數: 3/18
[Barrier] Learner 14 到達/重返, 等待人數: 4/18
[Barrier] Learner 3 到達/重返, 等待人數: 5/18
[Barrier] Learner 12 到達/重返, 等待人數: 6/18
[Barrier] Learner 8 到達/重返, 等待人數: 7/18
[Barrier] Learner 17 到達/重返, 等待人數: 8/18
[Barrier] Learner 11 到達/重返, 等待人數: 9/18
[Barrier] Learner 7 到達/重返, 等待人數: 10/18
[Barrier] Learner 13 到達/重返, 等待人數: 11/18
[Barrier] Learner 9 到達/重返, 等待人數: 12/18
[Barrier] Learner 10 到達/重返, 等待人數: 13/18
[Barrier] Learner 5 到達/重返, 等待人數: 14/18
[Barrier] Learner 16 到達/重返, 等待人數: 15/18
[Barrier] Learner 4 到達/重返, 等待人數: 16/18
[Barrier] Learner 0 到達/重返, 等待人數: 17/18
[Table] MQ/CE SAT 填 hash=0x4b9e8b02ff7d0ce8
[Table] MQ/CE SAT 填 hash=0x584d6e2d7ccc774b
[Table] MQ/CE SAT 填 hash=0xaf0fa90492e309cb
[Barrier] Learner 1 到達/重返, 等待人數: 18/18
[Global EQ] 啟動 Leader SAT 尋找反例
[Barrier] Learner 1 到達/重返, 等待人數: 1/18
[Barrier] Learner 12 到達/重返, 等待人數: 2/18
[Barrier] Learner 14 到達/重返, 等待人數: 3/18
[Barrier] Learner 9 到達/重返, 等待人數: 4/18
[Barrier] Learner 10 到達/重返, 等待人數: 5/18
[Barrier] Learner 13 到達/重返, 等待人數: 6/18
[Barrier] Learner 7 到達/重返, 等待人數: 7/18
[Barrier] Learner 3 到達/重返, 等待人數: 8/18
[Barrier] Learner 11 到達/重返, 等待人數: 9/18
[Barrier] Learner 15 到達/重返, 等待人數: 10/18
[Barrier] Learner 2 到達/重返, 等待人數: 11/18
[Barrier] Learner 17 到達/重返, 等待人數: 12/18
[Barrier] Learner 16 到達/重返, 等待人數: 13/18
[Barrier] Learner 6 到達/重返, 等待人數: 14/18
[Barrier] Learner 4 到達/重返, 等待人數: 15/18
[Barrier] Learner 8 到達/重返, 等待人數: 16/18
[Barrier] Learner 0 到達/重返, 等待人數: 17/18
[Barrier] Learner 5 到達/重返, 等待人數: 18/18
[Global EQ] 啟動 Leader SAT 尋找反例
[Barrier] Learner 5 到達/重返, 等待人數: 1/18
[Barrier] Learner 15 到達/重返, 等待人數: 2/18
[Barrier] Learner 8 到達/重返, 等待人數: 3/18
[Barrier] Learner 9 到達/重返, 等待人數: 4/18
[Barrier] Learner 10 到達/重返, 等待人數: 5/18
[Barrier] Learner 6 到達/重返, 等待人數: 6/18
[Barrier] Learner 13 到達/重返, 等待人數: 7/18
[Barrier] Learner 12 到達/重返, 等待人數: 8/18
[Barrier] Learner 14 到達/重返, 等待人數: 9/18
[Barrier] Learner 16 到達/重返, 等待人數: 10/18
[Barrier] Learner 11 到達/重返, 等待人數: 11/18
[Barrier] Learner 7 到達/重返, 等待人數: 12/18
[Barrier] Learner 1 到達/重返, 等待人數: 13/18
[Barrier] Learner 4 到達/重返, 等待人數: 14/18
[Barrier] Learner 0 到達/重返, 等待人數: 15/18
[Barrier] Learner 17 到達/重返, 等待人數: 16/18
[Barrier] Learner 2 到達/重返, 等待人數: 17/18
[Table] MQ/CE SAT 填 hash=0x2a72c4d438eb12a0
[Table] MQ/CE SAT 填 hash=0x80235389fe70b740
[Table] MQ/CE SAT 填 hash=0x9076e2f94f7c1530
[Barrier] Learner 3 到達/重返, 等待人數: 18/18
[Global EQ] 啟動 Leader SAT 尋找反例
[Table] MQ/CE SAT 填 hash=0x5800a1294cb8222d
[Barrier] Learner 3 到達/重返, 等待人數: 1/18
[Barrier] Learner 12 到達/重返, 等待人數: 2/18
[Barrier] Learner 13 到達/重返, 等待人數: 3/18
[Barrier] Learner 11 到達/重返, 等待人數: 4/18
[Barrier] Learner 2 到達/重返, 等待人數: 5/18
[Barrier] Learner 4 到達/重返, 等待人數: 6/18
[Barrier] Learner 15 到達/重返, 等待人數: 7/18
[Barrier] Learner 6 到達/重返, 等待人數: 8/18
[Barrier] Learner 5 到達/重返, 等待人數: 9/18
[Barrier] Learner 7 到達/重返, 等待人數: 10/18
[Barrier] Learner 9 到達/重返, 等待人數: 11/18
[Barrier] Learner 8 到達/重返, 等待人數: 12/18
[Barrier] Learner 17 到達/重返, 等待人數: 13/18
[Barrier] Learner 10 到達/重返, 等待人數: 14/18
[Barrier] Learner 16 到達/重返, 等待人數: 15/18
[Barrier] Learner 14 到達/重返, 等待人數: 16/18
[Table] MQ/CE SAT 填 hash=0x22eed3d121aec85d
[Table] MQ/CE SAT 填 hash=0xaf723667f46d53ad
[Table] MQ/CE SAT 填 hash=0x163ff0a6a45f5dfa
[Table] MQ/CE SAT 填 hash=0x7cb6a9bdff2faa21
[Table] MQ/CE SAT 填 hash=0x5ac1634dafcdfbab
[Table] MQ/CE SAT 填 hash=0x7e2aff1ac1dc3572
[Barrier] Learner 0 到達/重返, 等待人數: 17/18
[Table] MQ/CE SAT 填 hash=0x6358e3690490d55b
[Table] MQ/CE SAT 填 hash=0x56aa003e87416af8
[Table] MQ/CE SAT 填 hash=0x58f0197972362290
[Table] MQ/CE SAT 填 hash=0xad8efc0de72ad950
[Table] MQ/CE SAT 填 hash=0x6c197d5710f97b0
[Table] MQ/CE SAT 填 hash=0xda7ae8d2aa002430
[Table] MQ/CE SAT 填 hash=0x355ca034ff9867c0
[Barrier] Learner 1 到達/重返, 等待人數: 18/18
[Global EQ] 啟動 Leader SAT 尋找反例
[Barrier] Learner 1 到達/重返, 等待人數: 1/18
[Barrier] Learner 5 到達/重返, 等待人數: 2/18
[Barrier] Learner 15 到達/重返, 等待人數: 3/18
[Barrier] Learner 7 到達/重返, 等待人數: 4/18
[Barrier] Learner 4 到達/重返, 等待人數: 5/18
[Barrier] Learner 9 到達/重返, 等待人數: 6/18
[Barrier] Learner 14 到達/重返, 等待人數: 7/18
[Barrier] Learner 17 到達/重返, 等待人數: 8/18
[Barrier] Learner 10 到達/重返, 等待人數: 9/18
[Barrier] Learner 11 到達/重返, 等待人數: 10/18
[Barrier] Learner 12 到達/重返, 等待人數: 11/18
[Barrier] Learner 0 到達/重返, 等待人數: 12/18
[Barrier] Learner 6 到達/重返, 等待人數: 13/18
[Barrier] Learner 8 到達/重返, 等待人數: 14/18
[Barrier] Learner 13 到達/重返, 等待人數: 15/18
[Barrier] Learner 16 到達/重返, 等待人數: 16/18
[Barrier] Learner 3 到達/重返, 等待人數: 17/18
[Table] MQ/CE SAT 填 hash=0x4304bf1e13e29c3d
[Table] MQ/CE SAT 填 hash=0x250127387327d8d
[Barrier] Learner 2 到達/重返, 等待人數: 18/18
[Global EQ] 啟動 Leader SAT 尋找反例
[Barrier] Learner 2 到達/重返, 等待人數: 1/18
[Barrier] Learner 15 到達/重返, 等待人數: 2/18
[Barrier] Learner 17 到達/重返, 等待人數: 3/18
[Barrier] Learner 4 到達/重返, 等待人數: 4/18
[Barrier] Learner 14 到達/重返, 等待人數: 5/18
[Barrier] Learner 1 到達/重返, 等待人數: 6/18
[Barrier] Learner 10 到達/重返, 等待人數: 7/18
[Barrier] Learner 9 到達/重返, 等待人數: 8/18
[Barrier] Learner 6 到達/重返, 等待人數: 9/18
[Barrier] Learner 3 到達/重返, 等待人數: 10/18
[Barrier] Learner 11 到達/重返, 等待人數: 11/18
[Barrier] Learner 12 到達/重返, 等待人數: 12/18
[Barrier] Learner 16 到達/重返, 等待人數: 13/18
[Barrier] Learner 0 到達/重返, 等待人數: 14/18
[Barrier] Learner 13 到達/重返, 等待人數: 15/18
[Barrier] Learner 7 到達/重返, 等待人數: 16/18
[Barrier] Learner 8 到達/重返, 等待人數: 17/18
[Barrier] Learner 5 到達/重返, 等待人數: 18/18
[Global EQ] 啟動 Leader SAT 尋找反例
[Barrier] Learner 5 到達/重返, 等待人數: 1/18
[Barrier] Learner 15 到達/重返, 等待人數: 2/18
[Barrier] Learner 4 到達/重返, 等待人數: 3/18
[Barrier] Learner 6 到達/重返, 等待人數: 4/18
[Barrier] Learner 1 到達/重返, 等待人數: 5/18
[Barrier] Learner 10 到達/重返, 等待人數: 6/18
[Barrier] Learner 7 到達/重返, 等待人數: 7/18
[Barrier] Learner 17 到達/重返, 等待人數: 8/18
[Barrier] Learner 2 到達/重返, 等待人數: 9/18
[Barrier] Learner 16 到達/重返, 等待人數: 10/18
[Barrier] Learner 0 到達/重返, 等待人數: 11/18
[Barrier] Learner 8 到達/重返, 等待人數: 12/18
[Barrier] Learner 13 到達/重返, 等待人數: 13/18
[Barrier] Learner 9 到達/重返, 等待人數: 14/18
[Barrier] Learner 3 到達/重返, 等待人數: 15/18
[Barrier] Learner 11 到達/重返, 等待人數: 16/18
[Barrier] Learner 12 到達/重返, 等待人數: 17/18
[Barrier] Learner 14 到達/重返, 等待人數: 18/18
[Global EQ] 啟動 Leader SAT 尋找反例
[Barrier] Learner 14 到達/重返, 等待人數: 1/18
[Barrier] Learner 16 到達/重返, 等待人數: 2/18
[Barrier] Learner 5 到達/重返, 等待人數: 3/18
[Barrier] Learner 1 到達/重返, 等待人數: 4/18
[Barrier] Learner 6 到達/重返, 等待人數: 5/18
[Barrier] Learner 0 到達/重返, 等待人數: 6/18
[Barrier] Learner 13 到達/重返, 等待人數: 7/18
[Barrier] Learner 7 到達/重返, 等待人數: 8/18
[Barrier] Learner 12 到達/重返, 等待人數: 9/18
[Barrier] Learner 10 到達/重返, 等待人數: 10/18
[Barrier] Learner 15 到達/重返, 等待人數: 11/18
[Barrier] Learner 11 到達/重返, 等待人數: 12/18
[Barrier] Learner 17 到達/重返, 等待人數: 13/18
[Barrier] Learner 9 到達/重返, 等待人數: 14/18
[Barrier] Learner 8 到達/重返, 等待人數: 15/18
[Barrier] Learner 3 到達/重返, 等待人數: 16/18
[Barrier] Learner 4 到達/重返, 等待人數: 17/18
[Table] MQ/CE SAT 填 hash=0xf4bba19cacf8aa0b
[Table] MQ/CE SAT 填 hash=0xb406f4f220488b5b
[Table] MQ/CE SAT 填 hash=0xafe77866e0c6da4b
[Barrier] Learner 2 到達/重返, 等待人數: 18/18
[Global EQ] 啟動 Leader SAT 尋找反例
[Barrier] Learner 5 到達/重返, 等待人數: 1/18
[Barrier] Learner 14 到達/重返, 等待人數: 2/18
[Barrier] Learner 4 到達/重返, 等待人數: 3/18
[Barrier] Learner 12 到達/重返, 等待人數: 4/18
[Barrier] Learner 16 到達/重返, 等待人數: 5/18
[Barrier] Learner 11 到達/重返, 等待人數: 6/18
[Barrier] Learner 17 到達/重返, 等待人數: 7/18
[Barrier] Learner 7 到達/重返, 等待人數: 8/18
[Barrier] Learner 6 到達/重返, 等待人數: 9/18
[Barrier] Learner 1 到達/重返, 等待人數: 10/18
[Barrier] Learner 8 到達/重返, 等待人數: 11/18
[Barrier] Learner 15 到達/重返, 等待人數: 12/18
[Barrier] Learner 10 到達/重返, 等待人數: 13/18
[Barrier] Learner 13 到達/重返, 等待人數: 14/18
[Barrier] Learner 0 到達/重返, 等待人數: 15/18
[Barrier] Learner 3 到達/重返, 等待人數: 16/18
[Barrier] Learner 9 到達/重返, 等待人數: 17/18
[Table] MQ/CE SAT 填 hash=0x4b51bdfecf68b7ca
[Barrier] Learner 2 到達/重返, 等待人數: 18/18
[Global EQ] 啟動 Leader SAT 尋找反例
[Barrier] Learner 4 到達/重返, 等待人數: 1/18
[Barrier] Learner 0 到達/重返, 等待人數: 2/18
[Barrier] Learner 1 到達/重返, 等待人數: 3/18
[Barrier] Learner 8 到達/重返, 等待人數: 4/18
[Barrier] Learner 16 到達/重返, 等待人數: 5/18
[Barrier] Learner 12 到達/重返, 等待人數: 6/18
[Barrier] Learner 17 到達/重返, 等待人數: 7/18
[Barrier] Learner 6 到達/重返, 等待人數: 8/18
[Barrier] Learner 9 到達/重返, 等待人數: 9/18
[Barrier] Learner 14 到達/重返, 等待人數: 10/18
[Barrier] Learner 7 到達/重返, 等待人數: 11/18
[Barrier] Learner 2 到達/重返, 等待人數: 12/18
[Barrier] Learner 11 到達/重返, 等待人數: 13/18
[Barrier] Learner 3 到達/重返, 等待人數: 14/18
[Barrier] Learner 15 到達/重返, 等待人數: 15/18
[Barrier] Learner 5 到達/重返, 等待人數: 16/18
[Barrier] Learner 10 到達/重返, 等待人數: 17/18
[Barrier] Learner 13 到達/重返, 等待人數: 18/18
[Global EQ] 啟動 Leader SAT 尋找反例
[Barrier] Learner 4 到達/重返, 等待人數: 1/18
[Barrier] Learner 12 到達/重返, 等待人數: 2/18
[Barrier] Learner 15 到達/重返, 等待人數: 3/18
[Barrier] Learner 10 到達/重返, 等待人數: 4/18
[Barrier] Learner 8 到達/重返, 等待人數: 5/18
[Barrier] Learner 7 到達/重返, 等待人數: 6/18
[Barrier] Learner 3 到達/重返, 等待人數: 7/18
[Barrier] Learner 5 到達/重返, 等待人數: 8/18
[Barrier] Learner 9 到達/重返, 等待人數: 9/18
[Barrier] Learner 11 到達/重返, 等待人數: 10/18
[Barrier] Learner 2 到達/重返, 等待人數: 11/18
[Barrier] Learner 14 到達/重返, 等待人數: 12/18
[Barrier] Learner 1 到達/重返, 等待人數: 13/18
[Barrier] Learner 13 到達/重返, 等待人數: 14/18
[Barrier] Learner 0 到達/重返, 等待人數: 15/18
[Barrier] Learner 17 到達/重返, 等待人數: 16/18
[Barrier] Learner 6 到達/重返, 等待人數: 17/18
[Barrier] Learner 16 到達/重返, 等待人數: 18/18
[Global EQ] 啟動 Leader SAT 尋找反例
[Barrier] Learner 16 到達/重返, 等待人數: 1/18
[Barrier] Learner 8 到達/重返, 等待人數: 2/18
[Barrier] Learner 2 到達/重返, 等待人數: 3/18
[Barrier] Learner 14 到達/重返, 等待人數: 4/18
[Barrier] Learner 11 到達/重返, 等待人數: 5/18
[Barrier] Learner 9 到達/重返, 等待人數: 6/18
[Barrier] Learner 0 到達/重返, 等待人數: 7/18
[Barrier] Learner 3 到達/重返, 等待人數: 8/18
[Barrier] Learner 1 到達/重返, 等待人數: 9/18
[Barrier] Learner 15 到達/重返, 等待人數: 10/18
[Barrier] Learner 7 到達/重返, 等待人數: 11/18
[Barrier] Learner 4 到達/重返, 等待人數: 12/18
[Barrier] Learner 10 到達/重返, 等待人數: 13/18
[Barrier] Learner 17 到達/重返, 等待人數: 14/18
[Barrier] Learner 13 到達/重返, 等待人數: 15/18
[Barrier] Learner 12 到達/重返, 等待人數: 16/18
[Barrier] Learner 6 到達/重返, 等待人數: 17/18
[Barrier] Learner 5 到達/重返, 等待人數: 18/18
[Global EQ] 啟動 Leader SAT 尋找反例
[Barrier] Learner 5 到達/重返, 等待人數: 1/18
[Barrier] Learner 10 到達/重返, 等待人數: 2/18
[Barrier] Learner 8 到達/重返, 等待人數: 3/18
[Barrier] Learner 2 到達/重返, 等待人數: 4/18
[Barrier] Learner 3 到達/重返, 等待人數: 5/18
[Barrier] Learner 15 到達/重返, 等待人數: 6/18
[Barrier] Learner 17 到達/重返, 等待人數: 7/18
[Barrier] Learner 16 到達/重返, 等待人數: 8/18
[Barrier] Learner 6 到達/重返, 等待人數: 9/18
[Barrier] Learner 13 到達/重返, 等待人數: 10/18
[Barrier] Learner 1 到達/重返, 等待人數: 11/18
[Barrier] Learner 9 到達/重返, 等待人數: 12/18
[Barrier] Learner 4 到達/重返, 等待人數: 13/18
[Barrier] Learner 7 到達/重返, 等待人數: 14/18
[Barrier] Learner 11 到達/重返, 等待人數: 15/18
[Barrier] Learner 0 到達/重返, 等待人數: 16/18
[Barrier] Learner 12 到達/重返, 等待人數: 17/18
[Table] MQ/CE SAT 填 hash=0xda49966231a0ae8b
[Table] MQ/CE SAT 填 hash=0xd05230c26de5817
[Table] MQ/CE SAT 填 hash=0x2662e961217d2cdd
[Table] MQ/CE SAT 填 hash=0x1bbd79e0a9e51da0
[Barrier] Learner 14 到達/重返, 等待人數: 18/18
[Global EQ] 啟動 Leader SAT 尋找反例
[Barrier] Learner 14 到達/重返, 等待人數: 1/18
[Barrier] Learner 9 到達/重返, 等待人數: 2/18
[Barrier] Learner 2 到達/重返, 等待人數: 3/18
[Barrier] Learner 3 到達/重返, 等待人數: 4/18
[Barrier] Learner 12 到達/重返, 等待人數: 5/18
[Barrier] Learner 16 到達/重返, 等待人數: 6/18
[Barrier] Learner 8 到達/重返, 等待人數: 7/18
[Barrier] Learner 1 到達/重返, 等待人數: 8/18
[Barrier] Learner 7 到達/重返, 等待人數: 9/18
[Barrier] Learner 15 到達/重返, 等待人數: 10/18
[Barrier] Learner 13 到達/重返, 等待人數: 11/18
[Barrier] Learner 6 到達/重返, 等待人數: 12/18
[Barrier] Learner 10 到達/重返, 等待人數: 13/18
[Barrier] Learner 11 到達/重返, 等待人數: 14/18
[Barrier] Learner 17 到達/重返, 等待人數: 15/18
[Barrier] Learner 0 到達/重返, 等待人數: 16/18
[Barrier] Learner 5 到達/重返, 等待人數: 17/18
[Barrier] Learner 4 到達/重返, 等待人數: 18/18
[Global EQ] 啟動 Leader SAT 尋找反例
[Barrier] Learner 2 到達/重返, 等待人數: 1/18
[Barrier] Learner 11 到達/重返, 等待人數: 2/18
[Barrier] Learner 7 到達/重返, 等待人數: 3/18
[Barrier] Learner 6 到達/重返, 等待人數: 4/18
[Barrier] Learner 10 到達/重返, 等待人數: 5/18
[Barrier] Learner 4 到達/重返, 等待人數: 6/18
[Barrier] Learner 16 到達/重返, 等待人數: 7/18
[Barrier] Learner 9 到達/重返, 等待人數: 8/18
[Barrier] Learner 8 到達/重返, 等待人數: 9/18
[Barrier] Learner 1 到達/重返, 等待人數: 10/18
[Barrier] Learner 15 到達/重返, 等待人數: 11/18
[Barrier] Learner 5 到達/重返, 等待人數: 12/18
[Barrier] Learner 17 到達/重返, 等待人數: 13/18
[Barrier] Learner 12 到達/重返, 等待人數: 14/18
[Barrier] Learner 14 到達/重返, 等待人數: 15/18
[Barrier] Learner 0 到達/重返, 等待人數: 16/18
[Barrier] Learner 3 到達/重返, 等待人數: 17/18
[Barrier] Learner 13 到達/重返, 等待人數: 18/18
[Global EQ] 啟動 Leader SAT 尋找反例
[Table] MQ/CE SAT 填 hash=0x3bb91f64c5871c5e
[Barrier] Learner 13 到達/重返, 等待人數: 1/18
[Barrier] Learner 10 到達/重返, 等待人數: 2/18
[Barrier] Learner 4 到達/重返, 等待人數: 3/18
[Barrier] Learner 16 到達/重返, 等待人數: 4/18
[Barrier] Learner 1 到達/重返, 等待人數: 5/18
[Barrier] Learner 15 到達/重返, 等待人數: 6/18
[Barrier] Learner 8 到達/重返, 等待人數: 7/18
[Barrier] Learner 5 到達/重返, 等待人數: 8/18
[Barrier] Learner 9 到達/重返, 等待人數: 9/18
[Barrier] Learner 3 到達/重返, 等待人數: 10/18
[Barrier] Learner 17 到達/重返, 等待人數: 11/18
[Barrier] Learner 7 到達/重返, 等待人數: 12/18
[Barrier] Learner 12 到達/重返, 等待人數: 13/18
[Barrier] Learner 2 到達/重返, 等待人數: 14/18
[Barrier] Learner 14 到達/重返, 等待人數: 15/18
[Barrier] Learner 0 到達/重返, 等待人數: 16/18
[Barrier] Learner 11 到達/重返, 等待人數: 17/18
[Table] MQ/CE SAT 填 hash=0x6771ea041961b51e
[Table] MQ/CE SAT 填 hash=0x8af4be880b87e89a
[Table] MQ/CE SAT 填 hash=0x35442fd2460243fa
[Table] MQ/CE SAT 填 hash=0x4e1423af1ec2e058
[Table] MQ/CE SAT 填 hash=0x5ac306d99c124abb
[Table] MQ/CE SAT 填 hash=0x7e45db5d8e387e37
[Barrier] Learner 6 到達/重返, 等待人數: 18/18
[Global EQ] 啟動 Leader SAT 尋找反例
[Barrier] Learner 10 到達/重返, 等待人數: 1/18
[Barrier] Learner 11 到達/重返, 等待人數: 2/18
[Barrier] Learner 4 到達/重返, 等待人數: 3/18
[Barrier] Learner 9 到達/重返, 等待人數: 4/18
[Barrier] Learner 12 到達/重返, 等待人數: 5/18
[Barrier] Learner 14 到達/重返, 等待人數: 6/18
[Barrier] Learner 0 到達/重返, 等待人數: 7/18
[Barrier] Learner 15 到達/重返, 等待人數: 8/18
[Barrier] Learner 1 到達/重返, 等待人數: 9/18
[Barrier] Learner 8 到達/重返, 等待人數: 10/18
[Barrier] Learner 5 到達/重返, 等待人數: 11/18
[Barrier] Learner 13 到達/重返, 等待人數: 12/18
[Barrier] Learner 7 到達/重返, 等待人數: 13/18
[Barrier] Learner 2 到達/重返, 等待人數: 14/18
[Barrier] Learner 6 到達/重返, 等待人數: 15/18
[Barrier] Learner 16 到達/重返, 等待人數: 16/18
[Barrier] Learner 17 到達/重返, 等待人數: 17/18
[Barrier] Learner 3 到達/重返, 等待人數: 18/18
[Global EQ] 啟動 Leader SAT 尋找反例
[Barrier] Learner 3 到達/重返, 等待人數: 1/18
[Barrier] Learner 4 到達/重返, 等待人數: 2/18
[Barrier] Learner 14 到達/重返, 等待人數: 3/18
[Barrier] Learner 6 到達/重返, 等待人數: 4/18
[Barrier] Learner 7 到達/重返, 等待人數: 5/18
[Barrier] Learner 9 到達/重返, 等待人數: 6/18
[Barrier] Learner 17 到達/重返, 等待人數: 7/18
[Barrier] Learner 16 到達/重返, 等待人數: 8/18
[Barrier] Learner 15 到達/重返, 等待人數: 9/18
[Barrier] Learner 10 到達/重返, 等待人數: 10/18
[Barrier] Learner 1 到達/重返, 等待人數: 11/18
[Barrier] Learner 0 到達/重返, 等待人數: 12/18
[Barrier] Learner 2 到達/重返, 等待人數: 13/18
[Barrier] Learner 13 到達/重返, 等待人數: 14/18
[Barrier] Learner 12 到達/重返, 等待人數: 15/18
[Barrier] Learner 5 到達/重返, 等待人數: 16/18
[Barrier] Learner 8 到達/重返, 等待人數: 17/18
[Table] MQ/CE SAT 填 hash=0x5c711979401b60e3
[Barrier] Learner 11 到達/重返, 等待人數: 18/18
[Global EQ] 啟動 Leader SAT 尋找反例
[Barrier] Learner 4 到達/重返, 等待人數: 1/18
[Barrier] Learner 0 到達/重返, 等待人數: 2/18
[Barrier] Learner 3 到達/重返, 等待人數: 3/18
[Barrier] Learner 10 到達/重返, 等待人數: 4/18
[Barrier] Learner 17 到達/重返, 等待人數: 5/18
[Barrier] Learner 9 到達/重返, 等待人數: 6/18
[Barrier] Learner 11 到達/重返, 等待人數: 7/18
[Barrier] Learner 12 到達/重返, 等待人數: 8/18
[Barrier] Learner 8 到達/重返, 等待人數: 9/18
[Barrier] Learner 1 到達/重返, 等待人數: 10/18
[Barrier] Learner 13 到達/重返, 等待人數: 11/18
[Barrier] Learner 5 到達/重返, 等待人數: 12/18
[Barrier] Learner 15 到達/重返, 等待人數: 13/18
[Barrier] Learner 2 到達/重返, 等待人數: 14/18
[Barrier] Learner 7 到達/重返, 等待人數: 15/18
[Barrier] Learner 6 到達/重返, 等待人數: 16/18
[Barrier] Learner 16 到達/重返, 等待人數: 17/18
[Barrier] Learner 14 到達/重返, 等待人數: 18/18
[Global EQ] 啟動 Leader SAT 尋找反例
[Barrier] Learner 14 到達/重返, 等待人數: 1/18
[Barrier] Learner 11 到達/重返, 等待人數: 2/18
[Barrier] Learner 5 到達/重返, 等待人數: 3/18
[Barrier] Learner 8 到達/重返, 等待人數: 4/18
[Barrier] Learner 12 到達/重返, 等待人數: 5/18
[Barrier] Learner 6 到達/重返, 等待人數: 6/18
[Barrier] Learner 17 到達/重返, 等待人數: 7/18
[Barrier] Learner 0 到達/重返, 等待人數: 8/18
[Barrier] Learner 13 到達/重返, 等待人數: 9/18
[Barrier] Learner 10 到達/重返, 等待人數: 10/18
[Barrier] Learner 1 到達/重返, 等待人數: 11/18
[Barrier] Learner 3 到達/重返, 等待人數: 12/18
[Barrier] Learner 15 到達/重返, 等待人數: 13/18
[Barrier] Learner 2 到達/重返, 等待人數: 14/18
[Barrier] Learner 4 到達/重返, 等待人數: 15/18
[Barrier] Learner 7 到達/重返, 等待人數: 16/18
[Barrier] Learner 16 到達/重返, 等待人數: 17/18
[Barrier] Learner 9 到達/重返, 等待人數: 18/18
[Global EQ] 啟動 Leader SAT 尋找反例
[Barrier] Learner 9 到達/重返, 等待人數: 1/18
[Barrier] Learner 8 到達/重返, 等待人數: 2/18
[Barrier] Learner 17 到達/重返, 等待人數: 3/18
[Barrier] Learner 12 到達/重返, 等待人數: 4/18
[Barrier] Learner 3 到達/重返, 等待人數: 5/18
[Barrier] Learner 7 到達/重返, 等待人數: 6/18
[Barrier] Learner 0 到達/重返, 等待人數: 7/18
[Barrier] Learner 4 到達/重返, 等待人數: 8/18
[Barrier] Learner 16 到達/重返, 等待人數: 9/18
[Barrier] Learner 6 到達/重返, 等待人數: 10/18
[Barrier] Learner 1 到達/重返, 等待人數: 11/18
[Barrier] Learner 11 到達/重返, 等待人數: 12/18
[Barrier] Learner 5 到達/重返, 等待人數: 13/18
[Barrier] Learner 10 到達/重返, 等待人數: 14/18
[Barrier] Learner 13 到達/重返, 等待人數: 15/18
[Barrier] Learner 2 到達/重返, 等待人數: 16/18
[Barrier] Learner 15 到達/重返, 等待人數: 17/18
[Barrier] Learner 14 到達/重返, 等待人數: 18/18
[Global EQ] 啟動 Leader SAT 尋找反例
[Barrier] Learner 9 到達/重返, 等待人數: 1/18
[Barrier] Learner 1 到達/重返, 等待人數: 2/18
[Barrier] Learner 5 到達/重返, 等待人數: 3/18
[Barrier] Learner 3 到達/重返, 等待人數: 4/18
[Barrier] Learner 11 到達/重返, 等待人數: 5/18
[Barrier] Learner 7 到達/重返, 等待人數: 6/18
[Barrier] Learner 12 到達/重返, 等待人數: 7/18
[Barrier] Learner 13 到達/重返, 等待人數: 8/18
[Barrier] Learner 17 到達/重返, 等待人數: 9/18
[Barrier] Learner 15 到達/重返, 等待人數: 10/18
[Barrier] Learner 0 到達/重返, 等待人數: 11/18
[Barrier] Learner 16 到達/重返, 等待人數: 12/18
[Barrier] Learner 6 到達/重返, 等待人數: 13/18
[Barrier] Learner 2 到達/重返, 等待人數: 14/18
[Barrier] Learner 4 到達/重返, 等待人數: 15/18
[Barrier] Learner 10 到達/重返, 等待人數: 16/18
[Barrier] Learner 8 到達/重返, 等待人數: 17/18
[Barrier] Learner 14 到達/重返, 等待人數: 18/18
[Global EQ] 啟動 Leader SAT 尋找反例
[Barrier] Learner 14 到達/重返, 等待人數: 1/18
[Barrier] Learner 7 到達/重返, 等待人數: 2/18
[Barrier] Learner 1 到達/重返, 等待人數: 3/18
[Barrier] Learner 12 到達/重返, 等待人數: 4/18
[Barrier] Learner 16 到達/重返, 等待人數: 5/18
[Barrier] Learner 9 到達/重返, 等待人數: 6/18
[Barrier] Learner 5 到達/重返, 等待人數: 7/18
[Barrier] Learner 6 到達/重返, 等待人數: 8/18
[Barrier] Learner 8 到達/重返, 等待人數: 9/18
[Barrier] Learner 13 到達/重返, 等待人數: 10/18
[Barrier] Learner 2 到達/重返, 等待人數: 11/18
[Barrier] Learner 10 到達/重返, 等待人數: 12/18
[Barrier] Learner 15 到達/重返, 等待人數: 13/18
[Barrier] Learner 11 到達/重返, 等待人數: 14/18
[Barrier] Learner 17 到達/重返, 等待人數: 15/18
[Barrier] Learner 0 到達/重返, 等待人數: 16/18
[Barrier] Learner 3 到達/重返, 等待人數: 17/18
[Table] MQ/CE SAT 填 hash=0xd64b5430369625ea
[Table] MQ/CE SAT 填 hash=0xb2e1b8632487ec23
[Table] MQ/CE SAT 填 hash=0xc33547d275934a13
[Barrier] Learner 4 到達/重返, 等待人數: 18/18
[Global EQ] 啟動 Leader SAT 尋找反例
[Barrier] Learner 4 到達/重返, 等待人數: 1/18
[Barrier] Learner 7 到達/重返, 等待人數: 2/18
[Barrier] Learner 5 到達/重返, 等待人數: 3/18
[Barrier] Learner 13 到達/重返, 等待人數: 4/18
[Barrier] Learner 3 到達/重返, 等待人數: 5/18
[Barrier] Learner 17 到達/重返, 等待人數: 6/18
[Barrier] Learner 11 到達/重返, 等待人數: 7/18
[Barrier] Learner 0 到達/重返, 等待人數: 8/18
[Barrier] Learner 6 到達/重返, 等待人數: 9/18
[Barrier] Learner 10 到達/重返, 等待人數: 10/18
[Barrier] Learner 2 到達/重返, 等待人數: 11/18
[Barrier] Learner 12 到達/重返, 等待人數: 12/18
[Barrier] Learner 16 到達/重返, 等待人數: 13/18
[Barrier] Learner 8 到達/重返, 等待人數: 14/18
[Barrier] Learner 15 到達/重返, 等待人數: 15/18
[Barrier] Learner 14 到達/重返, 等待人數: 16/18
[Barrier] Learner 1 到達/重返, 等待人數: 17/18
[Barrier] Learner 9 到達/重返, 等待人數: 18/18
[Global EQ] 啟動 Leader SAT 尋找反例
[Barrier] Learner 11 到達/重返, 等待人數: 1/18
[Barrier] Learner 16 到達/重返, 等待人數: 2/18
[Barrier] Learner 5 到達/重返, 等待人數: 3/18
[Barrier] Learner 2 到達/重返, 等待人數: 4/18
[Barrier] Learner 17 到達/重返, 等待人數: 5/18
[Barrier] Learner 0 到達/重返, 等待人數: 6/18
[Barrier] Learner 3 到達/重返, 等待人數: 7/18
[Barrier] Learner 15 到達/重返, 等待人數: 8/18
[Barrier] Learner 7 到達/重返, 等待人數: 9/18
[Barrier] Learner 9 到達/重返, 等待人數: 10/18
[Barrier] Learner 8 到達/重返, 等待人數: 11/18
[Barrier] Learner 13 到達/重返, 等待人數: 12/18
[Barrier] Learner 6 到達/重返, 等待人數: 13/18
[Barrier] Learner 10 到達/重返, 等待人數: 14/18
[Barrier] Learner 14 到達/重返, 等待人數: 15/18
[Barrier] Learner 12 到達/重返, 等待人數: 16/18
[Barrier] Learner 4 到達/重返, 等待人數: 17/18
[Table] MQ/CE SAT 填 hash=0xf1c4a8b841c03653
[Table] MQ/CE SAT 填 hash=0x9d25c623cccb7f93
[Barrier] Learner 1 到達/重返, 等待人數: 18/18
[Global EQ] 啟動 Leader SAT 尋找反例
[Barrier] Learner 3 到達/重返, 等待人數: 1/18
[Barrier] Learner 5 到達/重返, 等待人數: 2/18
[Barrier] Learner 11 到達/重返, 等待人數: 3/18
[Barrier] Learner 7 到達/重返, 等待人數: 4/18
[Barrier] Learner 0 到達/重返, 等待人數: 5/18
[Barrier] Learner 8 到達/重返, 等待人數: 6/18
[Barrier] Learner 17 到達/重返, 等待人數: 7/18
[Barrier] Learner 13 到達/重返, 等待人數: 8/18
[Barrier] Learner 12 到達/重返, 等待人數: 9/18
[Barrier] Learner 10 到達/重返, 等待人數: 10/18
[Barrier] Learner 6 到達/重返, 等待人數: 11/18
[Barrier] Learner 9 到達/重返, 等待人數: 12/18
[Barrier] Learner 4 到達/重返, 等待人數: 13/18
[Barrier] Learner 16 到達/重返, 等待人數: 14/18
[Barrier] Learner 15 到達/重返, 等待人數: 15/18
[Barrier] Learner 14 到達/重返, 等待人數: 16/18
[Barrier] Learner 1 到達/重返, 等待人數: 17/18
[Barrier] Learner 2 到達/重返, 等待人數: 18/18
[Global EQ] 啟動 Leader SAT 尋找反例
[Barrier] Learner 2 到達/重返, 等待人數: 1/18
[Barrier] Learner 16 到達/重返, 等待人數: 2/18
[Barrier] Learner 8 到達/重返, 等待人數: 3/18
[Barrier] Learner 11 到達/重返, 等待人數: 4/18
[Barrier] Learner 3 到達/重返, 等待人數: 5/18
[Barrier] Learner 1 到達/重返, 等待人數: 6/18
[Barrier] Learner 17 到達/重返, 等待人數: 7/18
[Barrier] Learner 14 到達/重返, 等待人數: 8/18
[Barrier] Learner 5 到達/重返, 等待人數: 9/18
[Barrier] Learner 13 到達/重返, 等待人數: 10/18
[Barrier] Learner 4 到達/重返, 等待人數: 11/18
[Barrier] Learner 15 到達/重返, 等待人數: 12/18
[Barrier] Learner 9 到達/重返, 等待人數: 13/18
[Barrier] Learner 12 到達/重返, 等待人數: 14/18
[Barrier] Learner 10 到達/重返, 等待人數: 15/18
[Barrier] Learner 0 到達/重返, 等待人數: 16/18
[Barrier] Learner 7 到達/重返, 等待人數: 17/18
[Table] MQ/CE SAT 填 hash=0x9ea3974736eae5bd
[Table] MQ/CE SAT 填 hash=0x91f4b41cb99b7b5a
[Table] MQ/CE SAT 填 hash=0x1f9b235101d46276
[Table] MQ/CE SAT 填 hash=0x528a4448470e676b
[Table] MQ/CE SAT 填 hash=0x6be80a9d41ad3c31
[Table] MQ/CE SAT 填 hash=0x9417607d9f6ad035
[Table] MQ/CE SAT 填 hash=0xe8b64312145f86f5
[Table] MQ/CE SAT 填 hash=0xc1034d4262401b15
[Barrier] Learner 6 到達/重返, 等待人數: 18/18
[Global EQ] 啟動 Leader SAT 尋找反例
[Barrier] Learner 2 到達/重返, 等待人數: 1/18
[Barrier] Learner 1 到達/重返, 等待人數: 2/18
[Barrier] Learner 13 到達/重返, 等待人數: 3/18
[Barrier] Learner 9 到達/重返, 等待人數: 4/18
[Barrier] Learner 10 到達/重返, 等待人數: 5/18
[Barrier] Learner 5 到達/重返, 等待人數: 6/18
[Barrier] Learner 4 到達/重返, 等待人數: 7/18
[Barrier] Learner 11 到達/重返, 等待人數: 8/18
[Barrier] Learner 8 到達/重返, 等待人數: 9/18
[Barrier] Learner 17 到達/重返, 等待人數: 10/18
[Barrier] Learner 7 到達/重返, 等待人數: 11/18
[Barrier] Learner 3 到達/重返, 等待人數: 12/18
[Barrier] Learner 6 到達/重返, 等待人數: 13/18
[Barrier] Learner 15 到達/重返, 等待人數: 14/18
[Barrier] Learner 0 到達/重返, 等待人數: 15/18
[Barrier] Learner 14 到達/重返, 等待人數: 16/18
[Barrier] Learner 16 到達/重返, 等待人數: 17/18
[Barrier] Learner 12 到達/重返, 等待人數: 18/18
[Global EQ] 啟動 Leader SAT 尋找反例
[Barrier] Learner 12 到達/重返, 等待人數: 1/18
[Barrier] Learner 8 到達/重返, 等待人數: 2/18
[Barrier] Learner 15 到達/重返, 等待人數: 3/18
[Barrier] Learner 5 到達/重返, 等待人數: 4/18
[Barrier] Learner 9 到達/重返, 等待人數: 5/18
[Barrier] Learner 14 到達/重返, 等待人數: 6/18
[Barrier] Learner 0 到達/重返, 等待人數: 7/18
[Barrier] Learner 13 到達/重返, 等待人數: 8/18
[Barrier] Learner 17 到達/重返, 等待人數: 9/18
[Barrier] Learner 6 到達/重返, 等待人數: 10/18
[Barrier] Learner 2 到達/重返, 等待人數: 11/18
[Barrier] Learner 1 到達/重返, 等待人數: 12/18
[Barrier] Learner 10 到達/重返, 等待人數: 13/18
[Barrier] Learner 7 到達/重返, 等待人數: 14/18
[Barrier] Learner 4 到達/重返, 等待人數: 15/18
[Barrier] Learner 16 到達/重返, 等待人數: 16/18
[Barrier] Learner 11 到達/重返, 等待人數: 17/18
[Barrier] Learner 3 到達/重返, 等待人數: 18/18
[Global EQ] 啟動 Leader SAT 尋找反例
[Barrier] Learner 3 到達/重返, 等待人數: 1/18
[Barrier] Learner 7 到達/重返, 等待人數: 2/18
[Barrier] Learner 10 到達/重返, 等待人數: 3/18
[Barrier] Learner 5 到達/重返, 等待人數: 4/18
[Barrier] Learner 13 到達/重返, 等待人數: 5/18
[Barrier] Learner 1 到達/重返, 等待人數: 6/18
[Barrier] Learner 16 到達/重返, 等待人數: 7/18
[Barrier] Learner 2 到達/重返, 等待人數: 8/18
[Barrier] Learner 8 到達/重返, 等待人數: 9/18
[Barrier] Learner 15 到達/重返, 等待人數: 10/18
[Barrier] Learner 0 到達/重返, 等待人數: 11/18
[Barrier] Learner 9 到達/重返, 等待人數: 12/18
[Barrier] Learner 6 到達/重返, 等待人數: 13/18
[Barrier] Learner 12 到達/重返, 等待人數: 14/18
[Barrier] Learner 17 到達/重返, 等待人數: 15/18
[Barrier] Learner 14 到達/重返, 等待人數: 16/18
[Barrier] Learner 11 到達/重返, 等待人數: 17/18
[Barrier] Learner 4 到達/重返, 等待人數: 18/18
[Global EQ] 啟動 Leader SAT 尋找反例
[Barrier] Learner 4 到達/重返, 等待人數: 1/18
[Barrier] Learner 16 到達/重返, 等待人數: 2/18
[Barrier] Learner 9 到達/重返, 等待人數: 3/18
[Barrier] Learner 10 到達/重返, 等待人數: 4/18
[Barrier] Learner 17 到達/重返, 等待人數: 5/18
[Barrier] Learner 6 到達/重返, 等待人數: 6/18
[Barrier] Learner 2 到達/重返, 等待人數: 7/18
[Barrier] Learner 12 到達/重返, 等待人數: 8/18
[Barrier] Learner 3 到達/重返, 等待人數: 9/18
[Barrier] Learner 13 到達/重返, 等待人數: 10/18
[Barrier] Learner 0 到達/重返, 等待人數: 11/18
[Barrier] Learner 14 到達/重返, 等待人數: 12/18
[Barrier] Learner 15 到達/重返, 等待人數: 13/18
[Barrier] Learner 8 到達/重返, 等待人數: 14/18
[Barrier] Learner 7 到達/重返, 等待人數: 15/18
[Barrier] Learner 1 到達/重返, 等待人數: 16/18
[Barrier] Learner 5 到達/重返, 等待人數: 17/18
[Table] MQ/CE SAT 填 hash=0x269cc27c136b0b43
[Table] MQ/CE SAT 填 hash=0x90c05d2c697dbee3
[Table] MQ/CE SAT 填 hash=0x5bae8fd43e746513
[Table] MQ/CE SAT 填 hash=0x750c5629391339d9
[Barrier] Learner 11 到達/重返, 等待人數: 18/18
[Global EQ] 啟動 Leader SAT 尋找反例
[Barrier] Learner 9 到達/重返, 等待人數: 1/18
[Barrier] Learner 2 到達/重返, 等待人數: 2/18
[Barrier] Learner 16 到達/重返, 等待人數: 3/18
[Barrier] Learner 5 到達/重返, 等待人數: 4/18
[Barrier] Learner 12 到達/重返, 等待人數: 5/18
[Barrier] Learner 14 到達/重返, 等待人數: 6/18
[Barrier] Learner 3 到達/重返, 等待人數: 7/18
[Barrier] Learner 13 到達/重返, 等待人數: 8/18
[Barrier] Learner 6 到達/重返, 等待人數: 9/18
[Barrier] Learner 8 到達/重返, 等待人數: 10/18
[Barrier] Learner 7 到達/重返, 等待人數: 11/18
[Barrier] Learner 1 到達/重返, 等待人數: 12/18
[Barrier] Learner 4 到達/重返, 等待人數: 13/18
[Barrier] Learner 17 到達/重返, 等待人數: 14/18
[Barrier] Learner 0 到達/重返, 等待人數: 15/18
[Barrier] Learner 15 到達/重返, 等待人數: 16/18
[Barrier] Learner 11 到達/重返, 等待人數: 17/18
[Barrier] Learner 10 到達/重返, 等待人數: 18/18
[Global EQ] 啟動 Leader SAT 尋找反例
[Barrier] Learner 2 到達/重返, 等待人數: 1/18
[Barrier] Learner 11 到達/重返, 等待人數: 2/18
[Barrier] Learner 9 到達/重返, 等待人數: 3/18
[Barrier] Learner 4 到達/重返, 等待人數: 4/18
[Barrier] Learner 3 到達/重返, 等待人數: 5/18
[Barrier] Learner 16 到達/重返, 等待人數: 6/18
[Barrier] Learner 1 到達/重返, 等待人數: 7/18
[Barrier] Learner 12 到達/重返, 等待人數: 8/18
[Barrier] Learner 13 到達/重返, 等待人數: 9/18
[Barrier] Learner 7 到達/重返, 等待人數: 10/18
[Barrier] Learner 8 到達/重返, 等待人數: 11/18
[Barrier] Learner 17 到達/重返, 等待人數: 12/18
[Barrier] Learner 14 到達/重返, 等待人數: 13/18
[Barrier] Learner 0 到達/重返, 等待人數: 14/18
[Barrier] Learner 5 到達/重返, 等待人數: 15/18
[Barrier] Learner 15 到達/重返, 等待人數: 16/18
[Barrier] Learner 10 到達/重返, 等待人數: 17/18
[Barrier] Learner 6 到達/重返, 等待人數: 18/18
[Global EQ] 啟動 Leader SAT 尋找反例
[Barrier] Learner 13 到達/重返, 等待人數: 1/18
[Barrier] Learner 5 到達/重返, 等待人數: 2/18
[Barrier] Learner 6 到達/重返, 等待人數: 3/18
[Barrier] Learner 3 到達/重返, 等待人數: 4/18
[Barrier] Learner 15 到達/重返, 等待人數: 5/18
[Barrier] Learner 17 到達/重返, 等待人數: 6/18
[Barrier] Learner 1 到達/重返, 等待人數: 7/18
[Barrier] Learner 14 到達/重返, 等待人數: 8/18
[Barrier] Learner 9 到達/重返, 等待人數: 9/18
[Barrier] Learner 0 到達/重返, 等待人數: 10/18
[Barrier] Learner 7 到達/重返, 等待人數: 11/18
[Barrier] Learner 10 到達/重返, 等待人數: 12/18
[Barrier] Learner 8 到達/重返, 等待人數: 13/18
[Barrier] Learner 12 到達/重返, 等待人數: 14/18
[Barrier] Learner 2 到達/重返, 等待人數: 15/18
[Barrier] Learner 11 到達/重返, 等待人數: 16/18
[Barrier] Learner 16 到達/重返, 等待人數: 17/18
[Barrier] Learner 4 到達/重返, 等待人數: 18/18
[Global EQ] 啟動 Leader SAT 尋找反例
[Barrier] Learner 14 到達/重返, 等待人數: 1/18
[Barrier] Learner 9 到達/重返, 等待人數: 2/18
[Barrier] Learner 17 到達/重返, 等待人數: 3/18
[Barrier] Learner 13 到達/重返, 等待人數: 4/18
[Barrier] Learner 6 到達/重返, 等待人數: 5/18
[Barrier] Learner 4 到達/重返, 等待人數: 6/18
[Barrier] Learner 2 到達/重返, 等待人數: 7/18
[Barrier] Learner 10 到達/重返, 等待人數: 8/18
[Barrier] Learner 1 到達/重返, 等待人數: 9/18
[Barrier] Learner 5 到達/重返, 等待人數: 10/18
[Barrier] Learner 8 到達/重返, 等待人數: 11/18
[Barrier] Learner 0 到達/重返, 等待人數: 12/18
[Barrier] Learner 16 到達/重返, 等待人數: 13/18
[Barrier] Learner 3 到達/重返, 等待人數: 14/18
[Barrier] Learner 12 到達/重返, 等待人數: 15/18
[Barrier] Learner 15 到達/重返, 等待人數: 16/18
[Barrier] Learner 11 到達/重返, 等待人數: 17/18
[Barrier] Learner 7 到達/重返, 等待人數: 18/18
[Global EQ] 啟動 Leader SAT 尋找反例
[Barrier] Learner 7 到達/重返, 等待人數: 1/18
[Barrier] Learner 16 到達/重返, 等待人數: 2/18
[Barrier] Learner 14 到達/重返, 等待人數: 3/18
[Barrier] Learner 3 到達/重返, 等待人數: 4/18
[Barrier] Learner 12 到達/重返, 等待人數: 5/18
[Barrier] Learner 11 到達/重返, 等待人數: 6/18
[Barrier] Learner 1 到達/重返, 等待人數: 7/18
[Barrier] Learner 5 到達/重返, 等待人數: 8/18
[Barrier] Learner 8 到達/重返, 等待人數: 9/18
[Barrier] Learner 17 到達/重返, 等待人數: 10/18
[Barrier] Learner 4 到達/重返, 等待人數: 11/18
[Barrier] Learner 13 到達/重返, 等待人數: 12/18
[Barrier] Learner 9 到達/重返, 等待人數: 13/18
[Barrier] Learner 15 到達/重返, 等待人數: 14/18
[Barrier] Learner 2 到達/重返, 等待人數: 15/18
[Barrier] Learner 0 到達/重返, 等待人數: 16/18
[Barrier] Learner 10 到達/重返, 等待人數: 17/18
[Barrier] Learner 6 到達/重返, 等待人數: 18/18
[Global EQ] 啟動 Leader SAT 尋找反例
[Barrier] Learner 6 到達/重返, 等待人數: 1/18
[Barrier] Learner 5 到達/重返, 等待人數: 2/18
[Barrier] Learner 9 到達/重返, 等待人數: 3/18
[Barrier] Learner 7 到達/重返, 等待人數: 4/18
[Barrier] Learner 12 到達/重返, 等待人數: 5/18
[Barrier] Learner 4 到達/重返, 等待人數: 6/18
[Barrier] Learner 2 到達/重返, 等待人數: 7/18
[Barrier] Learner 0 到達/重返, 等待人數: 8/18
[Barrier] Learner 8 到達/重返, 等待人數: 9/18
[Barrier] Learner 1 到達/重返, 等待人數: 10/18
[Barrier] Learner 13 到達/重返, 等待人數: 11/18
[Barrier] Learner 14 到達/重返, 等待人數: 12/18
[Barrier] Learner 17 到達/重返, 等待人數: 13/18
[Barrier] Learner 3 到達/重返, 等待人數: 14/18
[Barrier] Learner 15 到達/重返, 等待人數: 15/18
[Barrier] Learner 16 到達/重返, 等待人數: 16/18
[Barrier] Learner 11 到達/重返, 等待人數: 17/18
[Barrier] Learner 10 到達/重返, 等待人數: 18/18
[Global EQ] 啟動 Leader SAT 尋找反例
[Table] MQ/CE SAT 填 hash=0xc71e974c34f066e0
[Barrier] Learner 10 到達/重返, 等待人數: 1/18
[Barrier] Learner 1 到達/重返, 等待人數: 2/18
[Barrier] Learner 13 到達/重返, 等待人數: 3/18
[Barrier] Learner 17 到達/重返, 等待人數: 4/18
[Barrier] Learner 2 到達/重返, 等待人數: 5/18
[Barrier] Learner 5 到達/重返, 等待人數: 6/18
[Barrier] Learner 3 到達/重返, 等待人數: 7/18
[Barrier] Learner 11 到達/重返, 等待人數: 8/18
[Barrier] Learner 16 到達/重返, 等待人數: 9/18
[Barrier] Learner 0 到達/重返, 等待人數: 10/18
[Barrier] Learner 4 到達/重返, 等待人數: 11/18
[Barrier] Learner 7 到達/重返, 等待人數: 12/18
[Barrier] Learner 15 到達/重返, 等待人數: 13/18
[Barrier] Learner 14 到達/重返, 等待人數: 14/18
[Barrier] Learner 6 到達/重返, 等待人數: 15/18
[Barrier] Learner 12 到達/重返, 等待人數: 16/18
[Table] MQ/CE SAT 填 hash=0x6fad020d8d3b3560
[Table] MQ/CE SAT 填 hash=0x3a9b34b56231db90
[Table] MQ/CE SAT 填 hash=0x6d56c15f576f851c
[Table] MQ/CE SAT 填 hash=0x86b487b4520e59e2
[Table] MQ/CE SAT 填 hash=0xea4ccc40021effc3
[Table] MQ/CE SAT 填 hash=0x599aaa89290cdfb
[Barrier] Learner 8 到達/重返, 等待人數: 17/18
[Table] MQ/CE SAT 填 hash=0xa2688eb78278deec
[Table] MQ/CE SAT 填 hash=0xaf1771e1ffc8494f
[Table] MQ/CE SAT 填 hash=0x5966e32c3a42a4af
[Table] MQ/CE SAT 填 hash=0x9a1b8fd6c6f2c35f
[Table] MQ/CE SAT 填 hash=0x9e3b0c620674746f
[Table] MQ/CE SAT 填 hash=0xd43e8db51acc1f59
[Table] MQ/CE SAT 填 hash=0x9b65ccace115ce20
[Table] MQ/CE SAT 填 hash=0xb4c39301dbb4a2e6
[Barrier] Learner 9 到達/重返, 等待人數: 18/18
[Global EQ] 啟動 Leader SAT 尋找反例
[Barrier] Learner 9 到達/重返, 等待人數: 1/18
[Barrier] Learner 14 到達/重返, 等待人數: 2/18
[Barrier] Learner 6 到達/重返, 等待人數: 3/18
[Barrier] Learner 3 到達/重返, 等待人數: 4/18
[Barrier] Learner 8 到達/重返, 等待人數: 5/18
[Barrier] Learner 5 到達/重返, 等待人數: 6/18
[Barrier] Learner 15 到達/重返, 等待人數: 7/18
[Barrier] Learner 10 到達/重返, 等待人數: 8/18
[Barrier] Learner 13 到達/重返, 等待人數: 9/18
[Barrier] Learner 16 到達/重返, 等待人數: 10/18
[Barrier] Learner 11 到達/重返, 等待人數: 11/18
[Barrier] Learner 0 到達/重返, 等待人數: 12/18
[Barrier] Learner 2 到達/重返, 等待人數: 13/18
[Barrier] Learner 7 到達/重返, 等待人數: 14/18
[Barrier] Learner 12 到達/重返, 等待人數: 15/18
[Barrier] Learner 1 到達/重返, 等待人數: 16/18
[Barrier] Learner 17 到達/重返, 等待人數: 17/18
[Barrier] Learner 4 到達/重返, 等待人數: 18/18
[Global EQ] 啟動 Leader SAT 尋找反例
[Barrier] Learner 4 到達/重返, 等待人數: 1/18
[Barrier] Learner 10 到達/重返, 等待人數: 2/18
[Barrier] Learner 13 到達/重返, 等待人數: 3/18
[Barrier] Learner 12 到達/重返, 等待人數: 4/18
[Barrier] Learner 7 到達/重返, 等待人數: 5/18
[Barrier] Learner 8 到達/重返, 等待人數: 6/18
[Barrier] Learner 9 到達/重返, 等待人數: 7/18
[Barrier] Learner 0 到達/重返, 等待人數: 8/18
[Barrier] Learner 16 到達/重返, 等待人數: 9/18
[Barrier] Learner 1 到達/重返, 等待人數: 10/18
[Barrier] Learner 6 到達/重返, 等待人數: 11/18
[Barrier] Learner 5 到達/重返, 等待人數: 12/18
[Barrier] Learner 15 到達/重返, 等待人數: 13/18
[Barrier] Learner 14 到達/重返, 等待人數: 14/18
[Barrier] Learner 11 到達/重返, 等待人數: 15/18
[Barrier] Learner 2 到達/重返, 等待人數: 16/18
[Barrier] Learner 17 到達/重返, 等待人數: 17/18
[Barrier] Learner 3 到達/重返, 等待人數: 18/18
[Global EQ] 啟動 Leader SAT 尋找反例
[Barrier] Learner 3 到達/重返, 等待人數: 1/18
[Barrier] Learner 11 到達/重返, 等待人數: 2/18
[Barrier] Learner 9 到達/重返, 等待人數: 3/18
[Barrier] Learner 14 到達/重返, 等待人數: 4/18
[Barrier] Learner 7 到達/重返, 等待人數: 5/18
[Barrier] Learner 6 到達/重返, 等待人數: 6/18
[Barrier] Learner 17 到達/重返, 等待人數: 7/18
[Barrier] Learner 10 到達/重返, 等待人數: 8/18
[Barrier] Learner 0 到達/重返, 等待人數: 9/18
[Barrier] Learner 16 到達/重返, 等待人數: 10/18
[Barrier] Learner 1 到達/重返, 等待人數: 11/18
[Barrier] Learner 13 到達/重返, 等待人數: 12/18
[Barrier] Learner 5 到達/重返, 等待人數: 13/18
[Barrier] Learner 4 到達/重返, 等待人數: 14/18
[Barrier] Learner 2 到達/重返, 等待人數: 15/18
[Barrier] Learner 12 到達/重返, 等待人數: 16/18
[Barrier] Learner 15 到達/重返, 等待人數: 17/18
[Barrier] Learner 8 到達/重返, 等待人數: 18/18
[Global EQ] 啟動 Leader SAT 尋找反例
[Table] MQ/CE SAT 填 hash=0x35b4430c66ea1503
[Barrier] Learner 8 到達/重返, 等待人數: 1/18
[Barrier] Learner 1 到達/重返, 等待人數: 2/18
[Barrier] Learner 0 到達/重返, 等待人數: 3/18
[Barrier] Learner 14 到達/重返, 等待人數: 4/18
[Barrier] Learner 3 到達/重返, 等待人數: 5/18
[Barrier] Learner 12 到達/重返, 等待人數: 6/18
[Barrier] Learner 17 到達/重返, 等待人數: 7/18
[Barrier] Learner 7 到達/重返, 等待人數: 8/18
[Barrier] Learner 6 到達/重返, 等待人數: 9/18
[Barrier] Learner 10 到達/重返, 等待人數: 10/18
[Barrier] Learner 15 到達/重返, 等待人數: 11/18
[Barrier] Learner 16 到達/重返, 等待人數: 12/18
[Barrier] Learner 5 到達/重返, 等待人數: 13/18
[Barrier] Learner 13 到達/重返, 等待人數: 14/18
[Barrier] Learner 4 到達/重返, 等待人數: 15/18
[Barrier] Learner 2 到達/重返, 等待人數: 16/18
[Barrier] Learner 9 到達/重返, 等待人數: 17/18
[Table] MQ/CE SAT 填 hash=0xde42adcdbf34e383
[Table] MQ/CE SAT 填 hash=0x4866487e15479723
[Table] MQ/CE SAT 填 hash=0x61c40ed30fe66be9
[Table] MQ/CE SAT 填 hash=0x4677306a7f749db1
[Table] MQ/CE SAT 填 hash=0xffa3f8d05b582a23
[Table] MQ/CE SAT 填 hash=0x7d077d55d2fd3aa3
[Table] MQ/CE SAT 填 hash=0xa9f36a1a95d28583
[Table] MQ/CE SAT 填 hash=0x2756eea00d779603
[Table] MQ/CE SAT 填 hash=0x6bfddc087ff3f141
[Table] MQ/CE SAT 填 hash=0xe961608df79901c1
[Barrier] Learner 11 到達/重返, 等待人數: 18/18
[Global EQ] 啟動 Leader SAT 尋找反例
[Barrier] Learner 11 到達/重返, 等待人數: 1/18
[Barrier] Learner 14 到達/重返, 等待人數: 2/18
[Barrier] Learner 3 到達/重返, 等待人數: 3/18
[Barrier] Learner 4 到達/重返, 等待人數: 4/18
[Barrier] Learner 2 到達/重返, 等待人數: 5/18
[Barrier] Learner 1 到達/重返, 等待人數: 6/18
[Barrier] Learner 0 到達/重返, 等待人數: 7/18
[Barrier] Learner 9 到達/重返, 等待人數: 8/18
[Barrier] Learner 8 到達/重返, 等待人數: 9/18
[Barrier] Learner 12 到達/重返, 等待人數: 10/18
[Barrier] Learner 15 到達/重返, 等待人數: 11/18
[Barrier] Learner 16 到達/重返, 等待人數: 12/18
[Barrier] Learner 7 到達/重返, 等待人數: 13/18
[Barrier] Learner 6 到達/重返, 等待人數: 14/18
[Barrier] Learner 13 到達/重返, 等待人數: 15/18
[Barrier] Learner 17 到達/重返, 等待人數: 16/18
[Barrier] Learner 10 到達/重返, 等待人數: 17/18
[Table] MQ/CE SAT 填 hash=0xb51170fa4a3ebdab
[Table] MQ/CE SAT 填 hash=0x7f4179e02a1aeee3
[Table] MQ/CE SAT 填 hash=0x6b843a26870de3cb
[Barrier] Learner 5 到達/重返, 等待人數: 18/18
[Global EQ] 啟動 Leader SAT 尋找反例
[Barrier] Learner 5 到達/重返, 等待人數: 1/18
[Barrier] Learner 4 到達/重返, 等待人數: 2/18
[Barrier] Learner 2 到達/重返, 等待人數: 3/18
[Barrier] Learner 11 到達/重返, 等待人數: 4/18
[Barrier] Learner 12 到達/重返, 等待人數: 5/18
[Barrier] Learner 8 到達/重返, 等待人數: 6/18
[Barrier] Learner 16 到達/重返, 等待人數: 7/18
[Barrier] Learner 13 到達/重返, 等待人數: 8/18
[Barrier] Learner 10 到達/重返, 等待人數: 9/18
[Barrier] Learner 1 到達/重返, 等待人數: 10/18
[Barrier] Learner 7 到達/重返, 等待人數: 11/18
[Barrier] Learner 3 到達/重返, 等待人數: 12/18
[Barrier] Learner 14 到達/重返, 等待人數: 13/18
[Barrier] Learner 15 到達/重返, 等待人數: 14/18
[Barrier] Learner 0 到達/重返, 等待人數: 15/18
[Barrier] Learner 17 到達/重返, 等待人數: 16/18
[Barrier] Learner 6 到達/重返, 等待人數: 17/18
[Table] MQ/CE SAT 填 hash=0x6d13c5157eea0355
[Table] MQ/CE SAT 填 hash=0xd7375fc5d4fcb6f5
[Table] MQ/CE SAT 填 hash=0xa47bd31bdfbf0d69
[Table] MQ/CE SAT 填 hash=0x3c9e51a674a11161
[Table] MQ/CE SAT 填 hash=0xd3e05c749f0fa5a3
[Table] MQ/CE SAT 填 hash=0xe1156077f1f55e43
[Barrier] Learner 9 到達/重返, 等待人數: 18/18
[Global EQ] 啟動 Leader SAT 尋找反例
[Barrier] Learner 9 到達/重返, 等待人數: 1/18
[Barrier] Learner 8 到達/重返, 等待人數: 2/18
[Barrier] Learner 12 到達/重返, 等待人數: 3/18
[Barrier] Learner 5 到達/重返, 等待人數: 4/18
[Barrier] Learner 17 到達/重返, 等待人數: 5/18
[Barrier] Learner 15 到達/重返, 等待人數: 6/18
[Barrier] Learner 14 到達/重返, 等待人數: 7/18
[Barrier] Learner 0 到達/重返, 等待人數: 8/18
[Barrier] Learner 2 到達/重返, 等待人數: 9/18
[Barrier] Learner 16 到達/重返, 等待人數: 10/18
[Barrier] Learner 11 到達/重返, 等待人數: 11/18
[Barrier] Learner 13 到達/重返, 等待人數: 12/18
[Barrier] Learner 7 到達/重返, 等待人數: 13/18
[Barrier] Learner 4 到達/重返, 等待人數: 14/18
[Barrier] Learner 10 到達/重返, 等待人數: 15/18
[Barrier] Learner 6 到達/重返, 等待人數: 16/18
[Barrier] Learner 1 到達/重返, 等待人數: 17/18
[Barrier] Learner 3 到達/重返, 等待人數: 18/18
[Global EQ] 啟動 Leader SAT 尋找反例
[Barrier] Learner 3 到達/重返, 等待人數: 1/18
[Barrier] Learner 4 到達/重返, 等待人數: 2/18
[Barrier] Learner 5 到達/重返, 等待人數: 3/18
[Barrier] Learner 11 到達/重返, 等待人數: 4/18
[Barrier] Learner 14 到達/重返, 等待人數: 5/18
[Barrier] Learner 1 到達/重返, 等待人數: 6/18
[Barrier] Learner 8 到達/重返, 等待人數: 7/18
[Barrier] Learner 2 到達/重返, 等待人數: 8/18
[Barrier] Learner 0 到達/重返, 等待人數: 9/18
[Barrier] Learner 17 到達/重返, 等待人數: 10/18
[Barrier] Learner 12 到達/重返, 等待人數: 11/18
[Barrier] Learner 16 到達/重返, 等待人數: 12/18
[Barrier] Learner 13 到達/重返, 等待人數: 13/18
[Barrier] Learner 7 到達/重返, 等待人數: 14/18
[Barrier] Learner 15 到達/重返, 等待人數: 15/18
[Barrier] Learner 6 到達/重返, 等待人數: 16/18
[Barrier] Learner 10 到達/重返, 等待人數: 17/18
[Table] MQ/CE SAT 填 hash=0xb5fab6681f21dd69
[Barrier] Learner 9 到達/重返, 等待人數: 18/18
[Global EQ] 啟動 Leader SAT 尋找反例
[Barrier] Learner 9 到達/重返, 等待人數: 1/18
[Barrier] Learner 0 到達/重返, 等待人數: 2/18
[Barrier] Learner 17 到達/重返, 等待人數: 3/18
[Barrier] Learner 5 到達/重返, 等待人數: 4/18
[Barrier] Learner 2 到達/重返, 等待人數: 5/18
[Barrier] Learner 8 到達/重返, 等待人數: 6/18
[Barrier] Learner 1 到達/重返, 等待人數: 7/18
[Barrier] Learner 10 到達/重返, 等待人數: 8/18
[Barrier] Learner 16 到達/重返, 等待人數: 9/18
[Barrier] Learner 6 到達/重返, 等待人數: 10/18
[Barrier] Learner 11 到達/重返, 等待人數: 11/18
[Barrier] Learner 15 到達/重返, 等待人數: 12/18
[Barrier] Learner 7 到達/重返, 等待人數: 13/18
[Barrier] Learner 13 到達/重返, 等待人數: 14/18
[Barrier] Learner 4 到達/重返, 等待人數: 15/18
[Barrier] Learner 14 到達/重返, 等待人數: 16/18
[Barrier] Learner 3 到達/重返, 等待人數: 17/18
[Table] MQ/CE SAT 填 hash=0xa7fc9a000e19a6cd
[Table] MQ/CE SAT 填 hash=0x5be347011e3d287b
[Table] MQ/CE SAT 填 hash=0x75410d5618dbfd41
[Table] MQ/CE SAT 填 hash=0x3bf203a6324a41
[Barrier] Learner 12 到達/重返, 等待人數: 18/18
[Global EQ] 啟動 Leader SAT 尋找反例
[Barrier] Learner 9 到達/重返, 等待人數: 1/18
[Barrier] Learner 3 到達/重返, 等待人數: 2/18
[Barrier] Learner 16 到達/重返, 等待人數: 3/18
[Barrier] Learner 5 到達/重返, 等待人數: 4/18
[Barrier] Learner 10 到達/重返, 等待人數: 5/18
[Barrier] Learner 12 到達/重返, 等待人數: 6/18
[Barrier] Learner 6 到達/重返, 等待人數: 7/18
[Barrier] Learner 14 到達/重返, 等待人數: 8/18
[Barrier] Learner 1 到達/重返, 等待人數: 9/18
[Barrier] Learner 7 到達/重返, 等待人數: 10/18
[Barrier] Learner 0 到達/重返, 等待人數: 11/18
[Barrier] Learner 8 到達/重返, 等待人數: 12/18
[Barrier] Learner 4 到達/重返, 等待人數: 13/18
[Barrier] Learner 13 到達/重返, 等待人數: 14/18
[Barrier] Learner 15 到達/重返, 等待人數: 15/18
[Barrier] Learner 2 到達/重返, 等待人數: 16/18
[Barrier] Learner 17 到達/重返, 等待人數: 17/18
[Barrier] Learner 11 到達/重返, 等待人數: 18/18
[Global EQ] 啟動 Leader SAT 尋找反例
[Barrier] Learner 6 到達/重返, 等待人數: 1/18
[Barrier] Learner 15 到達/重返, 等待人數: 2/18
[Barrier] Learner 5 到達/重返, 等待人數: 3/18
[Barrier] Learner 3 到達/重返, 等待人數: 4/18
[Barrier] Learner 12 到達/重返, 等待人數: 5/18
[Barrier] Learner 17 到達/重返, 等待人數: 6/18
[Barrier] Learner 10 到達/重返, 等待人數: 7/18
[Barrier] Learner 14 到達/重返, 等待人數: 8/18
[Barrier] Learner 4 到達/重返, 等待人數: 9/18
[Barrier] Learner 8 到達/重返, 等待人數: 10/18
[Barrier] Learner 16 到達/重返, 等待人數: 11/18
[Barrier] Learner 2 到達/重返, 等待人數: 12/18
[Barrier] Learner 13 到達/重返, 等待人數: 13/18
[Barrier] Learner 1 到達/重返, 等待人數: 14/18
[Barrier] Learner 9 到達/重返, 等待人數: 15/18
[Barrier] Learner 0 到達/重返, 等待人數: 16/18
[Barrier] Learner 7 到達/重返, 等待人數: 17/18
[Table] MQ/CE SAT 填 hash=0xa5336926fa0acde3
[Table] MQ/CE SAT 填 hash=0x18e5d6883b18eeb3
[Barrier] Learner 11 到達/重返, 等待人數: 18/18
[Global EQ] 啟動 Leader SAT 尋找反例
[Barrier] Learner 15 到達/重返, 等待人數: 1/18
[Barrier] Learner 11 到達/重返, 等待人數: 2/18
[Barrier] Learner 7 到達/重返, 等待人數: 3/18
[Barrier] Learner 12 到達/重返, 等待人數: 4/18
[Barrier] Learner 3 到達/重返, 等待人數: 5/18
[Barrier] Learner 9 到達/重返, 等待人數: 6/18
[Barrier] Learner 2 到達/重返, 等待人數: 7/18
[Barrier] Learner 10 到達/重返, 等待人數: 8/18
[Barrier] Learner 5 到達/重返, 等待人數: 9/18
[Barrier] Learner 16 到達/重返, 等待人數: 10/18
[Barrier] Learner 1 到達/重返, 等待人數: 11/18
[Barrier] Learner 14 到達/重返, 等待人數: 12/18
[Barrier] Learner 17 到達/重返, 等待人數: 13/18
[Barrier] Learner 13 到達/重返, 等待人數: 14/18
[Barrier] Learner 4 到達/重返, 等待人數: 15/18
[Barrier] Learner 8 到達/重返, 等待人數: 16/18
[Barrier] Learner 0 到達/重返, 等待人數: 17/18
[Barrier] Learner 6 到達/重返, 等待人數: 18/18
[Global EQ] 啟動 Leader SAT 尋找反例
[Barrier] Learner 12 到達/重返, 等待人數: 1/18
[Barrier] Learner 3 到達/重返, 等待人數: 2/18
[Barrier] Learner 14 到達/重返, 等待人數: 3/18
[Barrier] Learner 15 到達/重返, 等待人數: 4/18
[Barrier] Learner 4 到達/重返, 等待人數: 5/18
[Barrier] Learner 7 到達/重返, 等待人數: 6/18
[Barrier] Learner 13 到達/重返, 等待人數: 7/18
[Barrier] Learner 1 到達/重返, 等待人數: 8/18
[Barrier] Learner 17 到達/重返, 等待人數: 9/18
[Barrier] Learner 2 到達/重返, 等待人數: 10/18
[Barrier] Learner 5 到達/重返, 等待人數: 11/18
[Barrier] Learner 16 到達/重返, 等待人數: 12/18
[Barrier] Learner 10 到達/重返, 等待人數: 13/18
[Barrier] Learner 6 到達/重返, 等待人數: 14/18
[Barrier] Learner 8 到達/重返, 等待人數: 15/18
[Barrier] Learner 9 到達/重返, 等待人數: 16/18
[Barrier] Learner 11 到達/重返, 等待人數: 17/18
[Barrier] Learner 0 到達/重返, 等待人數: 18/18
[Global EQ] 啟動 Leader SAT 尋找反例
[Barrier] Learner 3 到達/重返, 等待人數: 1/18
[Barrier] Learner 8 到達/重返, 等待人數: 2/18
[Barrier] Learner 12 到達/重返, 等待人數: 3/18
[Barrier] Learner 17 到達/重返, 等待人數: 4/18
[Barrier] Learner 11 到達/重返, 等待人數: 5/18
[Barrier] Learner 16 到達/重返, 等待人數: 6/18
[Barrier] Learner 14 到達/重返, 等待人數: 7/18
[Barrier] Learner 1 到達/重返, 等待人數: 8/18
[Barrier] Learner 4 到達/重返, 等待人數: 9/18
[Barrier] Learner 9 到達/重返, 等待人數: 10/18
[Barrier] Learner 13 到達/重返, 等待人數: 11/18
[Barrier] Learner 6 到達/重返, 等待人數: 12/18
[Barrier] Learner 2 到達/重返, 等待人數: 13/18
[Barrier] Learner 5 到達/重返, 等待人數: 14/18
[Barrier] Learner 10 到達/重返, 等待人數: 15/18
[Barrier] Learner 7 到達/重返, 等待人數: 16/18
[Barrier] Learner 15 到達/重返, 等待人數: 17/18
[Table] MQ/CE SAT 填 hash=0x31f3f7a9d4c9e304
[Barrier] Learner 0 到達/重返, 等待人數: 18/18
[Global EQ] 啟動 Leader SAT 尋找反例
[Barrier] Learner 0 到達/重返, 等待人數: 1/18
[Barrier] Learner 12 到達/重返, 等待人數: 2/18
[Barrier] Learner 13 到達/重返, 等待人數: 3/18
[Barrier] Learner 15 到達/重返, 等待人數: 4/18
[Barrier] Learner 17 到達/重返, 等待人數: 5/18
[Barrier] Learner 16 到達/重返, 等待人數: 6/18
[Barrier] Learner 7 到達/重返, 等待人數: 7/18
[Barrier] Learner 8 到達/重返, 等待人數: 8/18
[Barrier] Learner 2 到達/重返, 等待人數: 9/18
[Barrier] Learner 1 到達/重返, 等待人數: 10/18
[Barrier] Learner 4 到達/重返, 等待人數: 11/18
[Barrier] Learner 6 到達/重返, 等待人數: 12/18
[Barrier] Learner 9 到達/重返, 等待人數: 13/18
[Barrier] Learner 5 到達/重返, 等待人數: 14/18
[Barrier] Learner 3 到達/重返, 等待人數: 15/18
[Barrier] Learner 10 到達/重返, 等待人數: 16/18
[Barrier] Learner 14 到達/重返, 等待人數: 17/18
[Table] MQ/CE SAT 填 hash=0xde82263b0605184b
[Barrier] Learner 11 到達/重返, 等待人數: 18/18
[Global EQ] 啟動 Leader SAT 尋找反例
[Barrier] Learner 11 到達/重返, 等待人數: 1/18
[Barrier] Learner 16 到達/重返, 等待人數: 2/18
[Barrier] Learner 15 到達/重返, 等待人數: 3/18
[Barrier] Learner 4 到達/重返, 等待人數: 4/18
[Barrier] Learner 17 到達/重返, 等待人數: 5/18
[Barrier] Learner 2 到達/重返, 等待人數: 6/18
[Barrier] Learner 3 到達/重返, 等待人數: 7/18
[Barrier] Learner 5 到達/重返, 等待人數: 8/18
[Barrier] Learner 10 到達/重返, 等待人數: 9/18
[Barrier] Learner 1 到達/重返, 等待人數: 10/18
[Barrier] Learner 13 到達/重返, 等待人數: 11/18
[Barrier] Learner 12 到達/重返, 等待人數: 12/18
[Barrier] Learner 6 到達/重返, 等待人數: 13/18
[Barrier] Learner 9 到達/重返, 等待人數: 14/18
[Barrier] Learner 0 到達/重返, 等待人數: 15/18
[Barrier] Learner 14 到達/重返, 等待人數: 16/18
[Barrier] Learner 7 到達/重返, 等待人數: 17/18
[Barrier] Learner 8 到達/重返, 等待人數: 18/18
[Global EQ] 啟動 Leader SAT 尋找反例
[Barrier] Learner 8 到達/重返, 等待人數: 1/18
[Barrier] Learner 11 到達/重返, 等待人數: 2/18
[Barrier] Learner 5 到達/重返, 等待人數: 3/18
[Barrier] Learner 13 到達/重返, 等待人數: 4/18
[Barrier] Learner 2 到達/重返, 等待人數: 5/18
[Barrier] Learner 14 到達/重返, 等待人數: 6/18
[Barrier] Learner 15 到達/重返, 等待人數: 7/18
[Barrier] Learner 10 到達/重返, 等待人數: 8/18
[Barrier] Learner 0 到達/重返, 等待人數: 9/18
[Barrier] Learner 1 到達/重返, 等待人數: 10/18
[Barrier] Learner 17 到達/重返, 等待人數: 11/18
[Barrier] Learner 3 到達/重返, 等待人數: 12/18
[Barrier] Learner 4 到達/重返, 等待人數: 13/18
[Barrier] Learner 6 到達/重返, 等待人數: 14/18
[Barrier] Learner 7 到達/重返, 等待人數: 15/18
[Barrier] Learner 12 到達/重返, 等待人數: 16/18
[Barrier] Learner 16 到達/重返, 等待人數: 17/18
[Table] MQ/CE SAT 填 hash=0xfc446981dc95fd0f
[Table] MQ/CE SAT 填 hash=0x51f4f837a21ba1af
[Table] MQ/CE SAT 填 hash=0x9863a39f6726d63f
[Barrier] Learner 9 到達/重返, 等待人數: 18/18
[Global EQ] 啟動 Leader SAT 尋找反例
[Barrier] Learner 3 到達/重返, 等待人數: 1/18
[Barrier] Learner 8 到達/重返, 等待人數: 2/18
[Barrier] Learner 7 到達/重返, 等待人數: 3/18
[Barrier] Learner 11 到達/重返, 等待人數: 4/18
[Barrier] Learner 2 到達/重返, 等待人數: 5/18
[Barrier] Learner 15 到達/重返, 等待人數: 6/18
[Barrier] Learner 13 到達/重返, 等待人數: 7/18
[Barrier] Learner 10 到達/重返, 等待人數: 8/18
[Barrier] Learner 5 到達/重返, 等待人數: 9/18
[Barrier] Learner 0 到達/重返, 等待人數: 10/18
[Barrier] Learner 16 到達/重返, 等待人數: 11/18
[Barrier] Learner 1 到達/重返, 等待人數: 12/18
[Barrier] Learner 14 到達/重返, 等待人數: 13/18
[Barrier] Learner 12 到達/重返, 等待人數: 14/18
[Barrier] Learner 4 到達/重返, 等待人數: 15/18
[Barrier] Learner 6 到達/重返, 等待人數: 16/18
[Barrier] Learner 17 到達/重返, 等待人數: 17/18
[Table] MQ/CE SAT 填 hash=0x923f491a369ebebb
[Table] MQ/CE SAT 填 hash=0x3c8eba6471191a1b
[Table] MQ/CE SAT 填 hash=0xd578f01e09f729ab
[Barrier] Learner 9 到達/重返, 等待人數: 18/18
[Global EQ] 啟動 Leader SAT 尋找反例
[Barrier] Learner 12 到達/重返, 等待人數: 1/18
[Barrier] Learner 17 到達/重返, 等待人數: 2/18
[Barrier] Learner 15 到達/重返, 等待人數: 3/18
[Barrier] Learner 13 到達/重返, 等待人數: 4/18
[Barrier] Learner 11 到達/重返, 等待人數: 5/18
[Barrier] Learner 3 到達/重返, 等待人數: 6/18
[Barrier] Learner 14 到達/重返, 等待人數: 7/18
[Barrier] Learner 6 到達/重返, 等待人數: 8/18
[Barrier] Learner 8 到達/重返, 等待人數: 9/18
[Barrier] Learner 10 到達/重返, 等待人數: 10/18
[Barrier] Learner 16 到達/重返, 等待人數: 11/18
[Barrier] Learner 7 到達/重返, 等待人數: 12/18
[Barrier] Learner 5 到達/重返, 等待人數: 13/18
[Barrier] Learner 1 到達/重返, 等待人數: 14/18
[Barrier] Learner 2 到達/重返, 等待人數: 15/18
[Barrier] Learner 0 到達/重返, 等待人數: 16/18
[Barrier] Learner 4 到達/重返, 等待人數: 17/18
[Table] MQ/CE SAT 填 hash=0x52e74ee90c3fc276
[Table] MQ/CE SAT 填 hash=0x379a70807bcdf43e
[Barrier] Learner 9 到達/重返, 等待人數: 18/18
[Global EQ] 啟動 Leader SAT 尋找反例
[Barrier] Learner 9 到達/重返, 等待人數: 1/18
[Barrier] Learner 17 到達/重返, 等待人數: 2/18
[Barrier] Learner 15 到達/重返, 等待人數: 3/18
[Barrier] Learner 7 到達/重返, 等待人數: 4/18
[Barrier] Learner 1 到達/重返, 等待人數: 5/18
[Barrier] Learner 12 到達/重返, 等待人數: 6/18
[Barrier] Learner 3 到達/重返, 等待人數: 7/18
[Barrier] Learner 14 到達/重返, 等待人數: 8/18
[Barrier] Learner 6 到達/重返, 等待人數: 9/18
[Barrier] Learner 2 到達/重返, 等待人數: 10/18
[Barrier] Learner 11 到達/重返, 等待人數: 11/18
[Barrier] Learner 10 到達/重返, 等待人數: 12/18
[Barrier] Learner 16 到達/重返, 等待人數: 13/18
[Barrier] Learner 5 到達/重返, 等待人數: 14/18
[Barrier] Learner 8 到達/重返, 等待人數: 15/18
[Barrier] Learner 4 到達/重返, 等待人數: 16/18
[Barrier] Learner 13 到達/重返, 等待人數: 17/18
[Barrier] Learner 0 到達/重返, 等待人數: 18/18
[Global EQ] 啟動 Leader SAT 尋找反例
[Barrier] Learner 0 到達/重返, 等待人數: 1/18
[Barrier] Learner 3 到達/重返, 等待人數: 2/18
[Barrier] Learner 6 到達/重返, 等待人數: 3/18
[Barrier] Learner 9 到達/重返, 等待人數: 4/18
[Barrier] Learner 17 到達/重返, 等待人數: 5/18
[Barrier] Learner 2 到達/重返, 等待人數: 6/18
[Barrier] Learner 10 到達/重返, 等待人數: 7/18
[Barrier] Learner 1 到達/重返, 等待人數: 8/18
[Barrier] Learner 15 到達/重返, 等待人數: 9/18
[Barrier] Learner 13 到達/重返, 等待人數: 10/18
[Barrier] Learner 14 到達/重返, 等待人數: 11/18
[Barrier] Learner 11 到達/重返, 等待人數: 12/18
[Barrier] Learner 4 到達/重返, 等待人數: 13/18
[Barrier] Learner 16 到達/重返, 等待人數: 14/18
[Barrier] Learner 5 到達/重返, 等待人數: 15/18
[Barrier] Learner 8 到達/重返, 等待人數: 16/18
[Barrier] Learner 12 到達/重返, 等待人數: 17/18
[Barrier] Learner 7 到達/重返, 等待人數: 18/18
[Global EQ] 啟動 Leader SAT 尋找反例
[Barrier] Learner 3 到達/重返, 等待人數: 1/18
[Barrier] Learner 7 到達/重返, 等待人數: 2/18
[Barrier] Learner 8 到達/重返, 等待人數: 3/18
[Barrier] Learner 9 到達/重返, 等待人數: 4/18
[Barrier] Learner 14 到達/重返, 等待人數: 5/18
[Barrier] Learner 12 到達/重返, 等待人數: 6/18
[Barrier] Learner 10 到達/重返, 等待人數: 7/18
[Barrier] Learner 16 到達/重返, 等待人數: 8/18
[Barrier] Learner 17 到達/重返, 等待人數: 9/18
[Barrier] Learner 0 到達/重返, 等待人數: 10/18
[Barrier] Learner 5 到達/重返, 等待人數: 11/18
[Barrier] Learner 1 到達/重返, 等待人數: 12/18
[Barrier] Learner 13 到達/重返, 等待人數: 13/18
[Barrier] Learner 6 到達/重返, 等待人數: 14/18
[Barrier] Learner 11 到達/重返, 等待人數: 15/18
[Barrier] Learner 15 到達/重返, 等待人數: 16/18
[Barrier] Learner 4 到達/重返, 等待人數: 17/18
[Barrier] Learner 2 到達/重返, 等待人數: 18/18
[Global EQ] 啟動 Leader SAT 尋找反例
[Barrier] Learner 5 到達/重返, 等待人數: 1/18
[Barrier] Learner 9 到達/重返, 等待人數: 2/18
[Barrier] Learner 12 到達/重返, 等待人數: 3/18
[Barrier] Learner 13 到達/重返, 等待人數: 4/18
[Barrier] Learner 6 到達/重返, 等待人數: 5/18
[Barrier] Learner 8 到達/重返, 等待人數: 6/18
[Barrier] Learner 0 到達/重返, 等待人數: 7/18
[Barrier] Learner 11 到達/重返, 等待人數: 8/18
[Barrier] Learner 10 到達/重返, 等待人數: 9/18
[Barrier] Learner 7 到達/重返, 等待人數: 10/18
[Barrier] Learner 1 到達/重返, 等待人數: 11/18
[Barrier] Learner 17 到達/重返, 等待人數: 12/18
[Barrier] Learner 2 到達/重返, 等待人數: 13/18
[Barrier] Learner 15 到達/重返, 等待人數: 14/18
[Barrier] Learner 14 到達/重返, 等待人數: 15/18
[Barrier] Learner 4 到達/重返, 等待人數: 16/18
[Barrier] Learner 3 到達/重返, 等待人數: 17/18
[Barrier] Learner 16 到達/重返, 等待人數: 18/18
[Global EQ] 啟動 Leader SAT 尋找反例
[Barrier] Learner 16 到達/重返, 等待人數: 1/18
[Barrier] Learner 1 到達/重返, 等待人數: 2/18
[Barrier] Learner 11 到達/重返, 等待人數: 3/18
[Barrier] Learner 15 到達/重返, 等待人數: 4/18
[Barrier] Learner 5 到達/重返, 等待人數: 5/18
[Barrier] Learner 7 到達/重返, 等待人數: 6/18
[Barrier] Learner 9 到達/重返, 等待人數: 7/18
[Barrier] Learner 0 到達/重返, 等待人數: 8/18
[Barrier] Learner 12 到達/重返, 等待人數: 9/18
[Barrier] Learner 8 到達/重返, 等待人數: 10/18
[Barrier] Learner 10 到達/重返, 等待人數: 11/18
[Barrier] Learner 13 到達/重返, 等待人數: 12/18
[Barrier] Learner 6 到達/重返, 等待人數: 13/18
[Barrier] Learner 3 到達/重返, 等待人數: 14/18
[Barrier] Learner 4 到達/重返, 等待人數: 15/18
[Barrier] Learner 17 到達/重返, 等待人數: 16/18
[Barrier] Learner 14 到達/重返, 等待人數: 17/18
[Table] MQ/CE SAT 填 hash=0x2d721b39abbdf768
[Barrier] Learner 2 到達/重返, 等待人數: 18/18
[Global EQ] 啟動 Leader SAT 尋找反例
[Barrier] Learner 2 到達/重返, 等待人數: 1/18
[Barrier] Learner 12 到達/重返, 等待人數: 2/18
[Barrier] Learner 9 到達/重返, 等待人數: 3/18
[Barrier] Learner 11 到達/重返, 等待人數: 4/18
[Barrier] Learner 3 到達/重返, 等待人數: 5/18
[Barrier] Learner 6 到達/重返, 等待人數: 6/18
[Barrier] Learner 1 到達/重返, 等待人數: 7/18
[Barrier] Learner 17 到達/重返, 等待人數: 8/18
[Barrier] Learner 4 到達/重返, 等待人數: 9/18
[Barrier] Learner 15 到達/重返, 等待人數: 10/18
[Barrier] Learner 7 到達/重返, 等待人數: 11/18
[Barrier] Learner 14 到達/重返, 等待人數: 12/18
[Barrier] Learner 13 到達/重返, 等待人數: 13/18
[Barrier] Learner 10 到達/重返, 等待人數: 14/18
[Barrier] Learner 0 到達/重返, 等待人數: 15/18
[Barrier] Learner 5 到達/重返, 等待人數: 16/18
[Barrier] Learner 8 到達/重返, 等待人數: 17/18
[Barrier] Learner 16 到達/重返, 等待人數: 18/18
[Global EQ] 啟動 Leader SAT 尋找反例
[Barrier] Learner 16 到達/重返, 等待人數: 1/18
[Barrier] Learner 0 到達/重返, 等待人數: 2/18
[Barrier] Learner 7 到達/重返, 等待人數: 3/18
[Barrier] Learner 13 到達/重返, 等待人數: 4/18
[Barrier] Learner 9 到達/重返, 等待人數: 5/18
[Barrier] Learner 4 到達/重返, 等待人數: 6/18
[Barrier] Learner 14 到達/重返, 等待人數: 7/18
[Barrier] Learner 8 到達/重返, 等待人數: 8/18
[Barrier] Learner 10 到達/重返, 等待人數: 9/18
[Barrier] Learner 15 到達/重返, 等待人數: 10/18
[Barrier] Learner 6 到達/重返, 等待人數: 11/18
[Barrier] Learner 11 到達/重返, 等待人數: 12/18
[Barrier] Learner 2 到達/重返, 等待人數: 13/18
[Barrier] Learner 1 到達/重返, 等待人數: 14/18
[Barrier] Learner 3 到達/重返, 等待人數: 15/18
[Barrier] Learner 17 到達/重返, 等待人數: 16/18
[Barrier] Learner 12 到達/重返, 等待人數: 17/18
[Barrier] Learner 5 到達/重返, 等待人數: 18/18
[Global EQ] 啟動 Leader SAT 尋找反例
[Table] MQ/CE SAT 填 hash=0x966543aacd9c0f69
[Barrier] Learner 5 到達/重返, 等待人數: 1/18
[Barrier] Learner 8 到達/重返, 等待人數: 2/18
[Barrier] Learner 9 到達/重返, 等待人數: 3/18
[Barrier] Learner 2 到達/重返, 等待人數: 4/18
[Barrier] Learner 3 到達/重返, 等待人數: 5/18
[Barrier] Learner 14 到達/重返, 等待人數: 6/18
[Barrier] Learner 10 到達/重返, 等待人數: 7/18
[Barrier] Learner 12 到達/重返, 等待人數: 8/18
[Barrier] Learner 4 到達/重返, 等待人數: 9/18
[Barrier] Learner 0 到達/重返, 等待人數: 10/18
[Barrier] Learner 15 到達/重返, 等待人數: 11/18
[Barrier] Learner 1 到達/重返, 等待人數: 12/18
[Barrier] Learner 6 到達/重返, 等待人數: 13/18
[Barrier] Learner 16 到達/重返, 等待人數: 14/18
[Barrier] Learner 17 到達/重返, 等待人數: 15/18
[Barrier] Learner 13 到達/重返, 等待人數: 16/18
[Barrier] Learner 7 到達/重返, 等待人數: 17/18
[Barrier] Learner 11 到達/重返, 等待人數: 18/18
[Global EQ] 啟動 Leader SAT 尋找反例
[Barrier] Learner 9 到達/重返, 等待人數: 1/18
[Barrier] Learner 16 到達/重返, 等待人數: 2/18
[Barrier] Learner 12 到達/重返, 等待人數: 3/18
[Barrier] Learner 3 到達/重返, 等待人數: 4/18
[Barrier] Learner 7 到達/重返, 等待人數: 5/18
[Barrier] Learner 17 到達/重返, 等待人數: 6/18
[Barrier] Learner 15 到達/重返, 等待人數: 7/18
[Barrier] Learner 8 到達/重返, 等待人數: 8/18
[Barrier] Learner 5 到達/重返, 等待人數: 9/18
[Barrier] Learner 1 到達/重返, 等待人數: 10/18
[Barrier] Learner 2 到達/重返, 等待人數: 11/18
[Barrier] Learner 13 到達/重返, 等待人數: 12/18
[Barrier] Learner 4 到達/重返, 等待人數: 13/18
[Barrier] Learner 0 到達/重返, 等待人數: 14/18
[Barrier] Learner 6 到達/重返, 等待人數: 15/18
[Barrier] Learner 14 到達/重返, 等待人數: 16/18
[Barrier] Learner 10 到達/重返, 等待人數: 17/18
[Table] MQ/CE SAT 填 hash=0xaa7cee9afc7ad96b
[Barrier] Learner 11 到達/重返, 等待人數: 18/18
[Global EQ] 啟動 Leader SAT 尋找反例
[Barrier] Learner 11 到達/重返, 等待人數: 1/18
[Barrier] Learner 2 到達/重返, 等待人數: 2/18
[Barrier] Learner 13 到達/重返, 等待人數: 3/18
[Barrier] Learner 1 到達/重返, 等待人數: 4/18
[Barrier] Learner 4 到達/重返, 等待人數: 5/18
[Barrier] Learner 16 到達/重返, 等待人數: 6/18
[Barrier] Learner 8 到達/重返, 等待人數: 7/18
[Barrier] Learner 10 到達/重返, 等待人數: 8/18
[Barrier] Learner 7 到達/重返, 等待人數: 9/18
[Barrier] Learner 15 到達/重返, 等待人數: 10/18
[Barrier] Learner 12 到達/重返, 等待人數: 11/18
[Barrier] Learner 3 到達/重返, 等待人數: 12/18
[Barrier] Learner 9 到達/重返, 等待人數: 13/18
[Barrier] Learner 14 到達/重返, 等待人數: 14/18
[Barrier] Learner 0 到達/重返, 等待人數: 15/18
[Barrier] Learner 17 到達/重返, 等待人數: 16/18
[Barrier] Learner 6 到達/重返, 等待人數: 17/18
[Barrier] Learner 5 到達/重返, 等待人數: 18/18
[Global EQ] 啟動 Leader SAT 尋找反例
[Barrier] Learner 5 到達/重返, 等待人數: 1/18
[Barrier] Learner 3 到達/重返, 等待人數: 2/18
[Barrier] Learner 10 到達/重返, 等待人數: 3/18
[Barrier] Learner 4 到達/重返, 等待人數: 4/18
[Barrier] Learner 15 到達/重返, 等待人數: 5/18
[Barrier] Learner 8 到達/重返, 等待人數: 6/18
[Barrier] Learner 16 到達/重返, 等待人數: 7/18
[Barrier] Learner 7 到達/重返, 等待人數: 8/18
[Barrier] Learner 12 到達/重返, 等待人數: 9/18
[Barrier] Learner 1 到達/重返, 等待人數: 10/18
[Barrier] Learner 13 到達/重返, 等待人數: 11/18
[Barrier] Learner 2 到達/重返, 等待人數: 12/18
[Barrier] Learner 6 到達/重返, 等待人數: 13/18
[Barrier] Learner 17 到達/重返, 等待人數: 14/18
[Barrier] Learner 0 到達/重返, 等待人數: 15/18
[Barrier] Learner 14 到達/重返, 等待人數: 16/18
[Barrier] Learner 9 到達/重返, 等待人數: 17/18
[Table] MQ/CE SAT 填 hash=0x40b4b4f508166ac9
[Barrier] Learner 11 到達/重返, 等待人數: 18/18
[Global EQ] 啟動 Leader SAT 尋找反例
[Table] MQ/CE SAT 填 hash=0x478b4844463de280
[Barrier] Learner 11 到達/重返, 等待人數: 1/18
[Barrier] Learner 2 到達/重返, 等待人數: 2/18
[Barrier] Learner 15 到達/重返, 等待人數: 3/18
[Barrier] Learner 6 到達/重返, 等待人數: 4/18
[Barrier] Learner 8 到達/重返, 等待人數: 5/18
[Barrier] Learner 1 到達/重返, 等待人數: 6/18
[Barrier] Learner 9 到達/重返, 等待人數: 7/18
[Barrier] Learner 7 到達/重返, 等待人數: 8/18
[Barrier] Learner 16 到達/重返, 等待人數: 9/18
[Barrier] Learner 10 到達/重返, 等待人數: 10/18
[Barrier] Learner 14 到達/重返, 等待人數: 11/18
[Barrier] Learner 5 到達/重返, 等待人數: 12/18
[Barrier] Learner 17 到達/重返, 等待人數: 13/18
[Barrier] Learner 4 到達/重返, 等待人數: 14/18
[Barrier] Learner 12 到達/重返, 等待人數: 15/18
[Barrier] Learner 13 到達/重返, 等待人數: 16/18
[Barrier] Learner 3 到達/重返, 等待人數: 17/18
[Barrier] Learner 0 到達/重返, 等待人數: 18/18
[Global EQ] 啟動 Leader SAT 尋找反例
[Barrier] Learner 5 到達/重返, 等待人數: 1/18
[Barrier] Learner 3 到達/重返, 等待人數: 2/18
[Barrier] Learner 9 到達/重返, 等待人數: 3/18
[Barrier] Learner 13 到達/重返, 等待人數: 4/18
[Barrier] Learner 11 到達/重返, 等待人數: 5/18
[Barrier] Learner 7 到達/重返, 等待人數: 6/18
[Barrier] Learner 4 到達/重返, 等待人數: 7/18
[Barrier] Learner 10 到達/重返, 等待人數: 8/18
[Barrier] Learner 1 到達/重返, 等待人數: 9/18
[Barrier] Learner 8 到達/重返, 等待人數: 10/18
[Barrier] Learner 6 到達/重返, 等待人數: 11/18
[Barrier] Learner 15 到達/重返, 等待人數: 12/18
[Barrier] Learner 2 到達/重返, 等待人數: 13/18
[Barrier] Learner 14 到達/重返, 等待人數: 14/18
[Barrier] Learner 17 到達/重返, 等待人數: 15/18
[Barrier] Learner 16 到達/重返, 等待人數: 16/18
[Barrier] Learner 12 到達/重返, 等待人數: 17/18
[Table] MQ/CE SAT 填 hash=0x81c97dd01443fb5b
[Table] MQ/CE SAT 填 hash=0xb79974ea3467ca23
[Table] MQ/CE SAT 填 hash=0xe9191ae20c2d1ca3
[Table] MQ/CE SAT 填 hash=0xfc406252a6e42561
[Barrier] Learner 0 到達/重返, 等待人數: 18/18
[Global EQ] 啟動 Leader SAT 尋找反例
[Barrier] Learner 5 到達/重返, 等待人數: 1/18
[Barrier] Learner 1 到達/重返, 等待人數: 2/18
[Barrier] Learner 6 到達/重返, 等待人數: 3/18
[Barrier] Learner 11 到達/重返, 等待人數: 4/18
[Barrier] Learner 9 到達/重返, 等待人數: 5/18
[Barrier] Learner 2 到達/重返, 等待人數: 6/18
[Barrier] Learner 8 到達/重返, 等待人數: 7/18
[Barrier] Learner 10 到達/重返, 等待人數: 8/18
[Barrier] Learner 17 到達/重返, 等待人數: 9/18
[Barrier] Learner 13 到達/重返, 等待人數: 10/18
[Barrier] Learner 15 到達/重返, 等待人數: 11/18
[Barrier] Learner 14 到達/重返, 等待人數: 12/18
[Barrier] Learner 7 到達/重返, 等待人數: 13/18
[Barrier] Learner 4 到達/重返, 等待人數: 14/18
[Barrier] Learner 3 到達/重返, 等待人數: 15/18
[Barrier] Learner 12 到達/重返, 等待人數: 16/18
[Barrier] Learner 16 到達/重返, 等待人數: 17/18
[Table] MQ/CE SAT 填 hash=0x3f7e53b0d75e7128
[Table] MQ/CE SAT 填 hash=0x160ba24c6e789000
[Barrier] Learner 0 到達/重返, 等待人數: 18/18
[Global EQ] 啟動 Leader SAT 尋找反例
[Table] MQ/CE SAT 填 hash=0xe6f13b485dbd71b2
[Barrier] Learner 0 到達/重返, 等待人數: 1/18
[Barrier] Learner 10 到達/重返, 等待人數: 2/18
[Barrier] Learner 4 到達/重返, 等待人數: 3/18
[Barrier] Learner 13 到達/重返, 等待人數: 4/18
[Barrier] Learner 16 到達/重返, 等待人數: 5/18
[Barrier] Learner 3 到達/重返, 等待人數: 6/18
[Barrier] Learner 9 到達/重返, 等待人數: 7/18
[Barrier] Learner 7 到達/重返, 等待人數: 8/18
[Barrier] Learner 1 到達/重返, 等待人數: 9/18
[Barrier] Learner 12 到達/重返, 等待人數: 10/18
[Barrier] Learner 6 到達/重返, 等待人數: 11/18
[Barrier] Learner 5 到達/重返, 等待人數: 12/18
[Barrier] Learner 2 到達/重返, 等待人數: 13/18
[Barrier] Learner 15 到達/重返, 等待人數: 14/18
[Barrier] Learner 17 到達/重返, 等待人數: 15/18
[Barrier] Learner 11 到達/重返, 等待人數: 16/18
[Barrier] Learner 14 到達/重返, 等待人數: 17/18
[Table] MQ/CE SAT 填 hash=0x3e62d0870572a332
[Table] MQ/CE SAT 填 hash=0xb8f2576e1eee215a
[Barrier] Learner 8 到達/重返, 等待人數: 18/18
[Global EQ] 啟動 Leader SAT 尋找反例
[Table] MQ/CE SAT 填 hash=0x1337ea4b24cce532
[Barrier] Learner 5 到達/重返, 等待人數: 1/18
[Barrier] Learner 14 到達/重返, 等待人數: 2/18
[Barrier] Learner 7 到達/重返, 等待人數: 3/18
[Barrier] Learner 17 到達/重返, 等待人數: 4/18
[Barrier] Learner 9 到達/重返, 等待人數: 5/18
[Barrier] Learner 11 到達/重返, 等待人數: 6/18
[Barrier] Learner 0 到達/重返, 等待人數: 7/18
[Barrier] Learner 4 到達/重返, 等待人數: 8/18
[Barrier] Learner 10 到達/重返, 等待人數: 9/18
[Barrier] Learner 1 到達/重返, 等待人數: 10/18
[Barrier] Learner 6 到達/重返, 等待人數: 11/18
[Barrier] Learner 15 到達/重返, 等待人數: 12/18
[Barrier] Learner 13 到達/重返, 等待人數: 13/18
[Barrier] Learner 16 到達/重返, 等待人數: 14/18
[Barrier] Learner 3 到達/重返, 等待人數: 15/18
[Barrier] Learner 12 到達/重返, 等待人數: 16/18
[Barrier] Learner 2 到達/重返, 等待人數: 17/18
[Table] MQ/CE SAT 填 hash=0xbbc6550c7d17b3b2
[Barrier] Learner 8 到達/重返, 等待人數: 18/18
[Global EQ] 啟動 Leader SAT 尋找反例
[Barrier] Learner 8 到達/重返, 等待人數: 1/18
[Barrier] Learner 17 到達/重返, 等待人數: 2/18
[Barrier] Learner 6 到達/重返, 等待人數: 3/18
[Barrier] Learner 3 到達/重返, 等待人數: 4/18
[Barrier] Learner 2 到達/重返, 等待人數: 5/18
[Barrier] Learner 11 到達/重返, 等待人數: 6/18
[Barrier] Learner 14 到達/重返, 等待人數: 7/18
[Barrier] Learner 10 到達/重返, 等待人數: 8/18
[Barrier] Learner 1 到達/重返, 等待人數: 9/18
[Barrier] Learner 5 到達/重返, 等待人數: 10/18
[Barrier] Learner 9 到達/重返, 等待人數: 11/18
[Barrier] Learner 4 到達/重返, 等待人數: 12/18
[Barrier] Learner 16 到達/重返, 等待人數: 13/18
[Barrier] Learner 7 到達/重返, 等待人數: 14/18
[Barrier] Learner 0 到達/重返, 等待人數: 15/18
[Barrier] Learner 15 到達/重返, 等待人數: 16/18
[Table] MQ/CE SAT 填 hash=0xf1bfac50c82a74db
[Table] MQ/CE SAT 填 hash=0x1d7876f01c050d9b
[Barrier] Learner 12 到達/重返, 等待人數: 17/18
[Barrier] Learner 13 到達/重返, 等待人數: 18/18
[Global EQ] 啟動 Leader SAT 尋找反例
[Barrier] Learner 13 到達/重返, 等待人數: 1/18
[Barrier] Learner 7 到達/重返, 等待人數: 2/18
[Barrier] Learner 17 到達/重返, 等待人數: 3/18
[Barrier] Learner 3 到達/重返, 等待人數: 4/18
[Barrier] Learner 8 到達/重返, 等待人數: 5/18
[Barrier] Learner 10 到達/重返, 等待人數: 6/18
[Barrier] Learner 14 到達/重返, 等待人數: 7/18
[Barrier] Learner 5 到達/重返, 等待人數: 8/18
[Barrier] Learner 0 到達/重返, 等待人數: 9/18
[Barrier] Learner 11 到達/重返, 等待人數: 10/18
[Barrier] Learner 16 到達/重返, 等待人數: 11/18
[Barrier] Learner 15 到達/重返, 等待人數: 12/18
[Barrier] Learner 4 到達/重返, 等待人數: 13/18
[Barrier] Learner 9 到達/重返, 等待人數: 14/18
[Barrier] Learner 6 到達/重返, 等待人數: 15/18
[Barrier] Learner 1 到達/重返, 等待人數: 16/18
[Barrier] Learner 2 到達/重返, 等待人數: 17/18
[Barrier] Learner 12 到達/重返, 等待人數: 18/18
[Global EQ] 啟動 Leader SAT 尋找反例
[Barrier] Learner 12 到達/重返, 等待人數: 1/18
[Barrier] Learner 4 到達/重返, 等待人數: 2/18
[Barrier] Learner 6 到達/重返, 等待人數: 3/18
[Barrier] Learner 10 到達/重返, 等待人數: 4/18
[Barrier] Learner 3 到達/重返, 等待人數: 5/18
[Barrier] Learner 16 到達/重返, 等待人數: 6/18
[Barrier] Learner 7 到達/重返, 等待人數: 7/18
[Barrier] Learner 5 到達/重返, 等待人數: 8/18
[Barrier] Learner 11 到達/重返, 等待人數: 9/18
[Barrier] Learner 0 到達/重返, 等待人數: 10/18
[Barrier] Learner 14 到達/重返, 等待人數: 11/18
[Barrier] Learner 17 到達/重返, 等待人數: 12/18
[Barrier] Learner 15 到達/重返, 等待人數: 13/18
[Barrier] Learner 9 到達/重返, 等待人數: 14/18
[Barrier] Learner 1 到達/重返, 等待人數: 15/18
[Barrier] Learner 2 到達/重返, 等待人數: 16/18
[Barrier] Learner 13 到達/重返, 等待人數: 17/18
[Barrier] Learner 8 到達/重返, 等待人數: 18/18
[Global EQ] 啟動 Leader SAT 尋找反例
[Barrier] Learner 8 到達/重返, 等待人數: 1/18
[Barrier] Learner 4 到達/重返, 等待人數: 2/18
[Barrier] Learner 12 到達/重返, 等待人數: 3/18
[Barrier] Learner 6 到達/重返, 等待人數: 4/18
[Barrier] Learner 5 到達/重返, 等待人數: 5/18
[Barrier] Learner 17 到達/重返, 等待人數: 6/18
[Barrier] Learner 3 到達/重返, 等待人數: 7/18
[Barrier] Learner 1 到達/重返, 等待人數: 8/18
[Barrier] Learner 16 到達/重返, 等待人數: 9/18
[Barrier] Learner 10 到達/重返, 等待人數: 10/18
[Barrier] Learner 14 到達/重返, 等待人數: 11/18
[Barrier] Learner 9 到達/重返, 等待人數: 12/18
[Barrier] Learner 11 到達/重返, 等待人數: 13/18
[Barrier] Learner 2 到達/重返, 等待人數: 14/18
[Barrier] Learner 0 到達/重返, 等待人數: 15/18
[Barrier] Learner 7 到達/重返, 等待人數: 16/18
[Barrier] Learner 15 到達/重返, 等待人數: 17/18
[Table] MQ/CE SAT 填 hash=0x28689ac15e0883e3
[Barrier] Learner 13 到達/重返, 等待人數: 18/18
[Global EQ] 啟動 Leader SAT 尋找反例
[Table] MQ/CE SAT 填 hash=0xb94418c49bcd699f
[Barrier] Learner 13 到達/重返, 等待人數: 1/18
[Barrier] Learner 3 到達/重返, 等待人數: 2/18
[Barrier] Learner 6 到達/重返, 等待人數: 3/18
[Barrier] Learner 16 到達/重返, 等待人數: 4/18
[Barrier] Learner 5 到達/重返, 等待人數: 5/18
[Barrier] Learner 11 到達/重返, 等待人數: 6/18
[Barrier] Learner 8 到達/重返, 等待人數: 7/18
[Barrier] Learner 17 到達/重返, 等待人數: 8/18
[Barrier] Learner 4 到達/重返, 等待人數: 9/18
[Barrier] Learner 9 到達/重返, 等待人數: 10/18
[Barrier] Learner 15 到達/重返, 等待人數: 11/18
[Barrier] Learner 12 到達/重返, 等待人數: 12/18
[Barrier] Learner 2 到達/重返, 等待人數: 13/18
[Barrier] Learner 7 到達/重返, 等待人數: 14/18
[Barrier] Learner 10 到達/重返, 等待人數: 15/18
[Barrier] Learner 1 到達/重返, 等待人數: 16/18
[Barrier] Learner 14 到達/重返, 等待人數: 17/18
[Barrier] Learner 0 到達/重返, 等待人數: 18/18
[Global EQ] 啟動 Leader SAT 尋找反例
[Barrier] Learner 0 到達/重返, 等待人數: 1/18
[Barrier] Learner 1 到達/重返, 等待人數: 2/18
[Barrier] Learner 17 到達/重返, 等待人數: 3/18
[Barrier] Learner 4 到達/重返, 等待人數: 4/18
[Barrier] Learner 13 到達/重返, 等待人數: 5/18
[Barrier] Learner 12 到達/重返, 等待人數: 6/18
[Barrier] Learner 3 到達/重返, 等待人數: 7/18
[Barrier] Learner 16 到達/重返, 等待人數: 8/18
[Barrier] Learner 5 到達/重返, 等待人數: 9/18
[Barrier] Learner 8 到達/重返, 等待人數: 10/18
[Barrier] Learner 15 到達/重返, 等待人數: 11/18
[Barrier] Learner 6 到達/重返, 等待人數: 12/18
[Barrier] Learner 7 到達/重返, 等待人數: 13/18
[Barrier] Learner 2 到達/重返, 等待人數: 14/18
[Barrier] Learner 9 到達/重返, 等待人數: 15/18
[Barrier] Learner 11 到達/重返, 等待人數: 16/18
[Barrier] Learner 14 到達/重返, 等待人數: 17/18
[Table] MQ/CE SAT 填 hash=0xbe4585575461b58a
[Table] MQ/CE SAT 填 hash=0x88758e3d343de6c2
[Table] MQ/CE SAT 填 hash=0x650bf270222facfb
[Table] MQ/CE SAT 填 hash=0x38c5436d5b20397b
[Table] MQ/CE SAT 填 hash=0x3d58fca07010411b
[Barrier] Learner 10 到達/重返, 等待人數: 18/18
[Global EQ] 啟動 Leader SAT 尋找反例
[Barrier] Learner 0 到達/重返, 等待人數: 1/18
[Barrier] Learner 14 到達/重返, 等待人數: 2/18
[Barrier] Learner 12 到達/重返, 等待人數: 3/18
[Barrier] Learner 11 到達/重返, 等待人數: 4/18
[Barrier] Learner 2 到達/重返, 等待人數: 5/18
[Barrier] Learner 5 到達/重返, 等待人數: 6/18
[Barrier] Learner 8 到達/重返, 等待人數: 7/18
[Barrier] Learner 4 到達/重返, 等待人數: 8/18
[Barrier] Learner 17 到達/重返, 等待人數: 9/18
[Barrier] Learner 3 到達/重返, 等待人數: 10/18
[Barrier] Learner 16 到達/重返, 等待人數: 11/18
[Barrier] Learner 13 到達/重返, 等待人數: 12/18
[Barrier] Learner 10 到達/重返, 等待人數: 13/18
[Barrier] Learner 1 到達/重返, 等待人數: 14/18
[Barrier] Learner 6 到達/重返, 等待人數: 15/18
[Barrier] Learner 7 到達/重返, 等待人數: 16/18
[Barrier] Learner 15 到達/重返, 等待人數: 17/18
[Table] MQ/CE SAT 填 hash=0x2f24ee79d96abb85
[Barrier] Learner 9 到達/重返, 等待人數: 18/18
[Global EQ] 啟動 Leader SAT 尋找反例
[Barrier] Learner 9 到達/重返, 等待人數: 1/18
[Barrier] Learner 5 到達/重返, 等待人數: 2/18
[Barrier] Learner 8 到達/重返, 等待人數: 3/18
[Barrier] Learner 6 到達/重返, 等待人數: 4/18
[Barrier] Learner 3 到達/重返, 等待人數: 5/18
[Barrier] Learner 15 到達/重返, 等待人數: 6/18
[Barrier] Learner 17 到達/重返, 等待人數: 7/18
[Barrier] Learner 11 到達/重返, 等待人數: 8/18
[Barrier] Learner 7 到達/重返, 等待人數: 9/18
[Barrier] Learner 12 到達/重返, 等待人數: 10/18
[Barrier] Learner 10 到達/重返, 等待人數: 11/18
[Barrier] Learner 4 到達/重返, 等待人數: 12/18
[Barrier] Learner 13 到達/重返, 等待人數: 13/18
[Barrier] Learner 14 到達/重返, 等待人數: 14/18
[Barrier] Learner 0 到達/重返, 等待人數: 15/18
[Barrier] Learner 2 到達/重返, 等待人數: 16/18
[Barrier] Learner 16 到達/重返, 等待人數: 17/18
[Barrier] Learner 1 到達/重返, 等待人數: 18/18
[Global EQ] 啟動 Leader SAT 尋找反例
[Table] MQ/CE SAT 填 hash=0x16bf27a87d99f46
[Barrier] Learner 1 到達/重返, 等待人數: 1/18
[Barrier] Learner 11 到達/重返, 等待人數: 2/18
[Barrier] Learner 8 到達/重返, 等待人數: 3/18
[Barrier] Learner 0 到達/重返, 等待人數: 4/18
[Barrier] Learner 7 到達/重返, 等待人數: 5/18
[Barrier] Learner 15 到達/重返, 等待人數: 6/18
[Barrier] Learner 5 到達/重返, 等待人數: 7/18
[Barrier] Learner 3 到達/重返, 等待人數: 8/18
[Barrier] Learner 10 到達/重返, 等待人數: 9/18
[Barrier] Learner 2 到達/重返, 等待人數: 10/18
[Barrier] Learner 16 到達/重返, 等待人數: 11/18
[Barrier] Learner 6 到達/重返, 等待人數: 12/18
[Barrier] Learner 9 到達/重返, 等待人數: 13/18
[Barrier] Learner 13 到達/重返, 等待人數: 14/18
[Barrier] Learner 14 到達/重返, 等待人數: 15/18
[Barrier] Learner 4 到達/重返, 等待人數: 16/18
[Barrier] Learner 12 到達/重返, 等待人數: 17/18
[Barrier] Learner 17 到達/重返, 等待人數: 18/18
[Global EQ] 啟動 Leader SAT 尋找反例
[Barrier] Learner 17 到達/重返, 等待人數: 1/18
[Barrier] Learner 15 到達/重返, 等待人數: 2/18
[Barrier] Learner 5 到達/重返, 等待人數: 3/18
[Barrier] Learner 8 到達/重返, 等待人數: 4/18
[Barrier] Learner 10 到達/重返, 等待人數: 5/18
[Barrier] Learner 2 到達/重返, 等待人數: 6/18
[Barrier] Learner 1 到達/重返, 等待人數: 7/18
[Barrier] Learner 4 到達/重返, 等待人數: 8/18
[Barrier] Learner 9 到達/重返, 等待人數: 9/18
[Barrier] Learner 12 到達/重返, 等待人數: 10/18
[Barrier] Learner 6 到達/重返, 等待人數: 11/18
[Barrier] Learner 13 到達/重返, 等待人數: 12/18
[Barrier] Learner 3 到達/重返, 等待人數: 13/18
[Barrier] Learner 16 到達/重返, 等待人數: 14/18
[Barrier] Learner 7 到達/重返, 等待人數: 15/18
[Barrier] Learner 0 到達/重返, 等待人數: 16/18
[Barrier] Learner 14 到達/重返, 等待人數: 17/18
[Table] MQ/CE SAT 填 hash=0x6dcb5b209935c3cf
[Table] MQ/CE SAT 填 hash=0x527e7cb808c3f597
[Barrier] Learner 11 到達/重返, 等待人數: 18/18
[Global EQ] 啟動 Leader SAT 尋找反例
[Table] MQ/CE SAT 填 hash=0xaf643ee62fdc9e6d
[Barrier] Learner 11 到達/重返, 等待人數: 1/18
[Barrier] Learner 12 到達/重返, 等待人數: 2/18
[Barrier] Learner 4 到達/重返, 等待人數: 3/18
[Barrier] Learner 16 到達/重返, 等待人數: 4/18
[Barrier] Learner 7 到達/重返, 等待人數: 5/18
[Barrier] Learner 2 到達/重返, 等待人數: 6/18
[Barrier] Learner 5 到達/重返, 等待人數: 7/18
[Barrier] Learner 8 到達/重返, 等待人數: 8/18
[Barrier] Learner 10 到達/重返, 等待人數: 9/18
[Barrier] Learner 0 到達/重返, 等待人數: 10/18
[Barrier] Learner 13 到達/重返, 等待人數: 11/18
[Barrier] Learner 3 到達/重返, 等待人數: 12/18
[Barrier] Learner 14 到達/重返, 等待人數: 13/18
[Barrier] Learner 1 到達/重返, 等待人數: 14/18
[Barrier] Learner 9 到達/重返, 等待人數: 15/18
[Barrier] Learner 6 到達/重返, 等待人數: 16/18
[Table] MQ/CE SAT 填 hash=0x96067891353dc9a7
[Barrier] Learner 17 到達/重返, 等待人數: 17/18
[Barrier] Learner 15 到達/重返, 等待人數: 18/18
[Global EQ] 啟動 Leader SAT 尋找反例
[Barrier] Learner 7 到達/重返, 等待人數: 1/18
[Barrier] Learner 2 到達/重返, 等待人數: 2/18
[Barrier] Learner 0 到達/重返, 等待人數: 3/18
[Barrier] Learner 1 到達/重返, 等待人數: 4/18
[Barrier] Learner 12 到達/重返, 等待人數: 5/18
[Barrier] Learner 6 到達/重返, 等待人數: 6/18
[Barrier] Learner 14 到達/重返, 等待人數: 7/18
[Barrier] Learner 11 到達/重返, 等待人數: 8/18
[Barrier] Learner 5 到達/重返, 等待人數: 9/18
[Barrier] Learner 10 到達/重返, 等待人數: 10/18
[Barrier] Learner 3 到達/重返, 等待人數: 11/18
[Barrier] Learner 9 到達/重返, 等待人數: 12/18
[Barrier] Learner 4 到達/重返, 等待人數: 13/18
[Barrier] Learner 16 到達/重返, 等待人數: 14/18
[Barrier] Learner 13 到達/重返, 等待人數: 15/18
[Barrier] Learner 8 到達/重返, 等待人數: 16/18
[Barrier] Learner 17 到達/重返, 等待人數: 17/18
[Barrier] Learner 15 到達/重返, 等待人數: 18/18
[Global EQ] 啟動 Leader SAT 尋找反例
[Barrier] Learner 15 到達/重返, 等待人數: 1/18
[Barrier] Learner 8 到達/重返, 等待人數: 2/18
[Barrier] Learner 13 到達/重返, 等待人數: 3/18
[Barrier] Learner 17 到達/重返, 等待人數: 4/18
[Barrier] Learner 16 到達/重返, 等待人數: 5/18
[Barrier] Learner 3 到達/重返, 等待人數: 6/18
[Barrier] Learner 6 到達/重返, 等待人數: 7/18
[Barrier] Learner 0 到達/重返, 等待人數: 8/18
[Barrier] Learner 10 到達/重返, 等待人數: 9/18
[Barrier] Learner 9 到達/重返, 等待人數: 10/18
[Barrier] Learner 11 到達/重返, 等待人數: 11/18
[Barrier] Learner 5 到達/重返, 等待人數: 12/18
[Barrier] Learner 4 到達/重返, 等待人數: 13/18
[Barrier] Learner 2 到達/重返, 等待人數: 14/18
[Barrier] Learner 14 到達/重返, 等待人數: 15/18
[Barrier] Learner 12 到達/重返, 等待人數: 16/18
[Barrier] Learner 7 到達/重返, 等待人數: 17/18
[Barrier] Learner 1 到達/重返, 等待人數: 18/18
[Global EQ] 啟動 Leader SAT 尋找反例
[Barrier] Learner 3 到達/重返, 等待人數: 1/18
[Barrier] Learner 4 到達/重返, 等待人數: 2/18
[Barrier] Learner 13 到達/重返, 等待人數: 3/18
[Barrier] Learner 17 到達/重返, 等待人數: 4/18
[Barrier] Learner 2 到達/重返, 等待人數: 5/18
[Barrier] Learner 7 到達/重返, 等待人數: 6/18
[Barrier] Learner 16 到達/重返, 等待人數: 7/18
[Barrier] Learner 1 到達/重返, 等待人數: 8/18
[Barrier] Learner 11 到達/重返, 等待人數: 9/18
[Barrier] Learner 5 到達/重返, 等待人數: 10/18
[Barrier] Learner 8 到達/重返, 等待人數: 11/18
[Barrier] Learner 10 到達/重返, 等待人數: 12/18
[Barrier] Learner 9 到達/重返, 等待人數: 13/18
[Barrier] Learner 0 到達/重返, 等待人數: 14/18
[Barrier] Learner 14 到達/重返, 等待人數: 15/18
[Barrier] Learner 12 到達/重返, 等待人數: 16/18
[Barrier] Learner 6 到達/重返, 等待人數: 17/18
[Barrier] Learner 15 到達/重返, 等待人數: 18/18
[Global EQ] 啟動 Leader SAT 尋找反例
[Table] MQ/CE SAT 填 hash=0xd6c789506d4194cb
[Barrier] Learner 15 到達/重返, 等待人數: 1/18
[Barrier] Learner 17 到達/重返, 等待人數: 2/18
[Barrier] Learner 1 到達/重返, 等待人數: 3/18
[Barrier] Learner 3 到達/重返, 等待人數: 4/18
[Barrier] Learner 4 到達/重返, 等待人數: 5/18
[Barrier] Learner 6 到達/重返, 等待人數: 6/18
[Barrier] Learner 11 到達/重返, 等待人數: 7/18
[Barrier] Learner 12 到達/重返, 等待人數: 8/18
[Barrier] Learner 10 到達/重返, 等待人數: 9/18
[Barrier] Learner 0 到達/重返, 等待人數: 10/18
[Barrier] Learner 5 到達/重返, 等待人數: 11/18
[Barrier] Learner 16 到達/重返, 等待人數: 12/18
[Barrier] Learner 7 到達/重返, 等待人數: 13/18
[Barrier] Learner 2 到達/重返, 等待人數: 14/18
[Barrier] Learner 9 到達/重返, 等待人數: 15/18
[Barrier] Learner 13 到達/重返, 等待人數: 16/18
[Barrier] Learner 14 到達/重返, 等待人數: 17/18
[Table] MQ/CE SAT 填 hash=0x2e391e8f14f6c64b
[Table] MQ/CE SAT 填 hash=0x4796e4e40f959b11
[Table] MQ/CE SAT 填 hash=0x3ae801b9924630ae
[Barrier] Learner 8 到達/重返, 等待人數: 18/18
[Global EQ] 啟動 Leader SAT 尋找反例
[Barrier] Learner 2 到達/重返, 等待人數: 1/18
[Barrier] Learner 0 到達/重返, 等待人數: 2/18
[Barrier] Learner 12 到達/重返, 等待人數: 3/18
[Barrier] Learner 9 到達/重返, 等待人數: 4/18
[Barrier] Learner 17 到達/重返, 等待人數: 5/18
[Barrier] Learner 6 到達/重返, 等待人數: 6/18
[Barrier] Learner 11 到達/重返, 等待人數: 7/18
[Barrier] Learner 5 到達/重返, 等待人數: 8/18
[Barrier] Learner 8 到達/重返, 等待人數: 9/18
[Barrier] Learner 13 到達/重返, 等待人數: 10/18
[Barrier] Learner 4 到達/重返, 等待人數: 11/18
[Barrier] Learner 7 到達/重返, 等待人數: 12/18
[Barrier] Learner 14 到達/重返, 等待人數: 13/18
[Barrier] Learner 16 到達/重返, 等待人數: 14/18
[Barrier] Learner 10 到達/重返, 等待人數: 15/18
[Barrier] Learner 1 到達/重返, 等待人數: 16/18
[Barrier] Learner 3 到達/重返, 等待人數: 17/18
[Barrier] Learner 15 到達/重返, 等待人數: 18/18
[Global EQ] 啟動 Leader SAT 尋找反例
[Barrier] Learner 15 到達/重返, 等待人數: 1/18
[Barrier] Learner 11 到達/重返, 等待人數: 2/18
[Barrier] Learner 9 到達/重返, 等待人數: 3/18
[Barrier] Learner 6 到達/重返, 等待人數: 4/18
[Barrier] Learner 12 到達/重返, 等待人數: 5/18
[Barrier] Learner 0 到達/重返, 等待人數: 6/18
[Barrier] Learner 5 到達/重返, 等待人數: 7/18
[Barrier] Learner 17 到達/重返, 等待人數: 8/18
[Barrier] Learner 1 到達/重返, 等待人數: 9/18
[Barrier] Learner 16 到達/重返, 等待人數: 10/18
[Barrier] Learner 13 到達/重返, 等待人數: 11/18
[Barrier] Learner 7 到達/重返, 等待人數: 12/18
[Barrier] Learner 3 到達/重返, 等待人數: 13/18
[Barrier] Learner 14 到達/重返, 等待人數: 14/18
[Barrier] Learner 10 到達/重返, 等待人數: 15/18
[Barrier] Learner 2 到達/重返, 等待人數: 16/18
[Barrier] Learner 4 到達/重返, 等待人數: 17/18
[Table] MQ/CE SAT 填 hash=0x6615c656b7920f12
[Table] MQ/CE SAT 填 hash=0x8322a9ef71439c08
[Barrier] Learner 8 到達/重返, 等待人數: 18/18
[Global EQ] 啟動 Leader SAT 尋找反例
[Table] MQ/CE SAT 填 hash=0x3aaf4b7e3024ba47
[Barrier] Learner 8 到達/重返, 等待人數: 1/18
[Barrier] Learner 13 到達/重返, 等待人數: 2/18
[Barrier] Learner 1 到達/重返, 等待人數: 3/18
[Barrier] Learner 10 到達/重返, 等待人數: 4/18
[Barrier] Learner 4 到達/重返, 等待人數: 5/18
[Barrier] Learner 5 到達/重返, 等待人數: 6/18
[Barrier] Learner 17 到達/重返, 等待人數: 7/18
[Barrier] Learner 14 到達/重返, 等待人數: 8/18
[Barrier] Learner 15 到達/重返, 等待人數: 9/18
[Barrier] Learner 9 到達/重返, 等待人數: 10/18
[Barrier] Learner 16 到達/重返, 等待人數: 11/18
[Barrier] Learner 11 到達/重返, 等待人數: 12/18
[Barrier] Learner 7 到達/重返, 等待人數: 13/18
[Barrier] Learner 6 到達/重返, 等待人數: 14/18
[Barrier] Learner 0 到達/重返, 等待人數: 15/18
[Barrier] Learner 2 到達/重返, 等待人數: 16/18
[Barrier] Learner 3 到達/重返, 等待人數: 17/18
[Table] MQ/CE SAT 填 hash=0xef680dedc4a2187
[Table] MQ/CE SAT 填 hash=0xdc3af434e70c77fb
[Table] MQ/CE SAT 填 hash=0xf598ba89e1ab4cc1
[Table] MQ/CE SAT 填 hash=0x9fe82bd41c25a821
[Table] MQ/CE SAT 填 hash=0x9eba97f763f1cdb5
[Table] MQ/CE SAT 填 hash=0xe33db63f886f88c7
[Table] MQ/CE SAT 填 hash=0xb784eba03494f007
[Table] MQ/CE SAT 填 hash=0x82731e48098b9637
[Table] MQ/CE SAT 填 hash=0x7e39760f010180f
[Table] MQ/CE SAT 填 hash=0x67d6ccdf99c19bf2
[Table] MQ/CE SAT 填 hash=0xae02e75f6a913b0b
[Table] MQ/CE SAT 填 hash=0x3b901ddcd2b22872
[Table] MQ/CE SAT 填 hash=0xc6be591191150c62
[Table] MQ/CE SAT 填 hash=0x1b5d3ba60609c322
[Barrier] Learner 12 到達/重返, 等待人數: 18/18
[Global EQ] 啟動 Leader SAT 尋找反例
[Barrier] Learner 12 到達/重返, 等待人數: 1/18
[Barrier] Learner 1 到達/重返, 等待人數: 2/18
[Barrier] Learner 6 到達/重返, 等待人數: 3/18
[Barrier] Learner 5 到達/重返, 等待人數: 4/18
[Barrier] Learner 16 到達/重返, 等待人數: 5/18
[Barrier] Learner 9 到達/重返, 等待人數: 6/18
[Barrier] Learner 10 到達/重返, 等待人數: 7/18
[Barrier] Learner 8 到達/重返, 等待人數: 8/18
[Barrier] Learner 7 到達/重返, 等待人數: 9/18
[Barrier] Learner 4 到達/重返, 等待人數: 10/18
[Barrier] Learner 0 到達/重返, 等待人數: 11/18
[Barrier] Learner 2 到達/重返, 等待人數: 12/18
[Barrier] Learner 3 到達/重返, 等待人數: 13/18
[Barrier] Learner 11 到達/重返, 等待人數: 14/18
[Barrier] Learner 13 到達/重返, 等待人數: 15/18
[Barrier] Learner 17 到達/重返, 等待人數: 16/18
[Barrier] Learner 15 到達/重返, 等待人數: 17/18
[Table] MQ/CE SAT 填 hash=0xee55e61cc6d6c36f
[Table] MQ/CE SAT 填 hash=0xbcd64024ef1170ef
[Barrier] Learner 14 到達/重返, 等待人數: 18/18
[Global EQ] 啟動 Leader SAT 尋找反例
[Barrier] Learner 14 到達/重返, 等待人數: 1/18
[Barrier] Learner 17 到達/重返, 等待人數: 2/18
[Barrier] Learner 4 到達/重返, 等待人數: 3/18
[Barrier] Learner 16 到達/重返, 等待人數: 4/18
[Barrier] Learner 12 到達/重返, 等待人數: 5/18
[Barrier] Learner 5 到達/重返, 等待人數: 6/18
[Barrier] Learner 10 到達/重返, 等待人數: 7/18
[Barrier] Learner 1 到達/重返, 等待人數: 8/18
[Barrier] Learner 7 到達/重返, 等待人數: 9/18
[Barrier] Learner 9 到達/重返, 等待人數: 10/18
[Barrier] Learner 0 到達/重返, 等待人數: 11/18
[Barrier] Learner 8 到達/重返, 等待人數: 12/18
[Barrier] Learner 2 到達/重返, 等待人數: 13/18
[Barrier] Learner 13 到達/重返, 等待人數: 14/18
[Barrier] Learner 3 到達/重返, 等待人數: 15/18
[Barrier] Learner 11 到達/重返, 等待人數: 16/18
[Barrier] Learner 15 到達/重返, 等待人數: 17/18
[Barrier] Learner 6 到達/重返, 等待人數: 18/18
[Global EQ] 啟動 Leader SAT 尋找反例
[Barrier] Learner 14 到達/重返, 等待人數: 1/18
[Barrier] Learner 7 到達/重返, 等待人數: 2/18
[Barrier] Learner 16 到達/重返, 等待人數: 3/18
[Barrier] Learner 17 到達/重返, 等待人數: 4/18
[Barrier] Learner 5 到達/重返, 等待人數: 5/18
[Barrier] Learner 9 到達/重返, 等待人數: 6/18
[Barrier] Learner 0 到達/重返, 等待人數: 7/18
[Barrier] Learner 10 到達/重返, 等待人數: 8/18
[Barrier] Learner 12 到達/重返, 等待人數: 9/18
[Barrier] Learner 15 到達/重返, 等待人數: 10/18
[Barrier] Learner 13 到達/重返, 等待人數: 11/18
[Barrier] Learner 3 到達/重返, 等待人數: 12/18
[Barrier] Learner 8 到達/重返, 等待人數: 13/18
[Barrier] Learner 11 到達/重返, 等待人數: 14/18
[Barrier] Learner 4 到達/重返, 等待人數: 15/18
[Barrier] Learner 2 到達/重返, 等待人數: 16/18
[Barrier] Learner 1 到達/重返, 等待人數: 17/18
[Table] MQ/CE SAT 填 hash=0xb0fe9b919026a9b7
[Table] MQ/CE SAT 填 hash=0xdcb76630e4014277
[Table] MQ/CE SAT 填 hash=0xb344b4cc7b1b614f
[Barrier] Learner 6 到達/重返, 等待人數: 18/18
[Global EQ] 啟動 Leader SAT 尋找反例
[Table] MQ/CE SAT 填 hash=0x8421ff6f1f3db82a
[Barrier] Learner 12 到達/重返, 等待人數: 1/18
[Barrier] Learner 9 到達/重返, 等待人數: 2/18
[Barrier] Learner 15 到達/重返, 等待人數: 3/18
[Barrier] Learner 13 到達/重返, 等待人數: 4/18
[Barrier] Learner 14 到達/重返, 等待人數: 5/18
[Barrier] Learner 5 到達/重返, 等待人數: 6/18
[Barrier] Learner 10 到達/重返, 等待人數: 7/18
[Barrier] Learner 0 到達/重返, 等待人數: 8/18
[Barrier] Learner 17 到達/重返, 等待人數: 9/18
[Barrier] Learner 3 到達/重返, 等待人數: 10/18
[Barrier] Learner 2 到達/重返, 等待人數: 11/18
[Barrier] Learner 16 到達/重返, 等待人數: 12/18
[Barrier] Learner 8 到達/重返, 等待人數: 13/18
[Barrier] Learner 11 到達/重返, 等待人數: 14/18
[Barrier] Learner 1 到達/重返, 等待人數: 15/18
[Barrier] Learner 4 到達/重返, 等待人數: 16/18
[Barrier] Learner 7 到達/重返, 等待人數: 17/18
[Table] MQ/CE SAT 填 hash=0x586934cfcb631f6a
[Table] MQ/CE SAT 填 hash=0x3f0b6e7ad0c44aa4
[Table] MQ/CE SAT 填 hash=0x4bba51a54e13b507
[Table] MQ/CE SAT 填 hash=0x53f047c0afc81a4b
[Table] MQ/CE SAT 填 hash=0xfe3fb90aea4275ab
[Table] MQ/CE SAT 填 hash=0x133b9b162317fb9b
[Barrier] Learner 6 到達/重返, 等待人數: 18/18
[Global EQ] 啟動 Leader SAT 尋找反例
[Barrier] Learner 6 到達/重返, 等待人數: 1/18
[Barrier] Learner 17 到達/重返, 等待人數: 2/18
[Barrier] Learner 8 到達/重返, 等待人數: 3/18
[Barrier] Learner 4 到達/重返, 等待人數: 4/18
[Barrier] Learner 13 到達/重返, 等待人數: 5/18
[Barrier] Learner 12 到達/重返, 等待人數: 6/18
[Barrier] Learner 11 到達/重返, 等待人數: 7/18
[Barrier] Learner 0 到達/重返, 等待人數: 8/18
[Barrier] Learner 14 到達/重返, 等待人數: 9/18
[Barrier] Learner 16 到達/重返, 等待人數: 10/18
[Barrier] Learner 3 到達/重返, 等待人數: 11/18
[Barrier] Learner 15 到達/重返, 等待人數: 12/18
[Barrier] Learner 1 到達/重返, 等待人數: 13/18
[Barrier] Learner 9 到達/重返, 等待人數: 14/18
[Barrier] Learner 10 到達/重返, 等待人數: 15/18
[Barrier] Learner 2 到達/重返, 等待人數: 16/18
[Barrier] Learner 5 到達/重返, 等待人數: 17/18
[Table] MQ/CE SAT 填 hash=0x52d2a6367bfafa5
[Table] MQ/CE SAT 填 hash=0x3a3ef7bb92c90975
[Table] MQ/CE SAT 填 hash=0x7836b119d8b5fe9
[Table] MQ/CE SAT 填 hash=0xee25a4bca2ec8b23
[Table] MQ/CE SAT 填 hash=0x90da049b2fe7287
[Table] MQ/CE SAT 填 hash=0x19c536a516af2a2e
[Table] MQ/CE SAT 填 hash=0x16f283fae3eeaf6e
[Table] MQ/CE SAT 填 hash=0x6ca312b0a974540e
[Table] MQ/CE SAT 填 hash=0x82c66a320cfc0dce
[Barrier] Learner 7 到達/重返, 等待人數: 18/18
[Global EQ] 啟動 Leader SAT 尋找反例
[Barrier] Learner 8 到達/重返, 等待人數: 1/18
[Barrier] Learner 11 到達/重返, 等待人數: 2/18
[Barrier] Learner 1 到達/重返, 等待人數: 3/18
[Barrier] Learner 4 到達/重返, 等待人數: 4/18
[Barrier] Learner 6 到達/重返, 等待人數: 5/18
[Barrier] Learner 2 到達/重返, 等待人數: 6/18
[Barrier] Learner 5 到達/重返, 等待人數: 7/18
[Barrier] Learner 10 到達/重返, 等待人數: 8/18
[Barrier] Learner 9 到達/重返, 等待人數: 9/18
[Barrier] Learner 13 到達/重返, 等待人數: 10/18
[Barrier] Learner 0 到達/重返, 等待人數: 11/18
[Barrier] Learner 12 到達/重返, 等待人數: 12/18
[Barrier] Learner 15 到達/重返, 等待人數: 13/18
[Barrier] Learner 16 到達/重返, 等待人數: 14/18
[Barrier] Learner 14 到達/重返, 等待人數: 15/18
[Barrier] Learner 17 到達/重返, 等待人數: 16/18
[Barrier] Learner 3 到達/重返, 等待人數: 17/18
[Table] MQ/CE SAT 填 hash=0x7d8e0421a7974a7d
[Table] MQ/CE SAT 填 hash=0x64303dccacf875b7
[Table] MQ/CE SAT 填 hash=0x4948423f9ce68e53
[Table] MQ/CE SAT 填 hash=0x154048ce073f969a
[Table] MQ/CE SAT 填 hash=0xc150c0a123e97eda
[Table] MQ/CE SAT 填 hash=0x6ba031eb5e63da3a
[Table] MQ/CE SAT 填 hash=0xd2e05eef728130fa
[Barrier] Learner 7 到達/重返, 等待人數: 18/18
[Global EQ] 啟動 Leader SAT 尋找反例
[Barrier] Learner 11 到達/重返, 等待人數: 1/18
[Barrier] Learner 8 到達/重返, 等待人數: 2/18
[Barrier] Learner 7 到達/重返, 等待人數: 3/18
[Barrier] Learner 14 到達/重返, 等待人數: 4/18
[Barrier] Learner 9 到達/重返, 等待人數: 5/18
[Barrier] Learner 3 到達/重返, 等待人數: 6/18
[Barrier] Learner 2 到達/重返, 等待人數: 7/18
[Barrier] Learner 4 到達/重返, 等待人數: 8/18
[Barrier] Learner 16 到達/重返, 等待人數: 9/18
[Barrier] Learner 0 到達/重返, 等待人數: 10/18
[Barrier] Learner 6 到達/重返, 等待人數: 11/18
[Barrier] Learner 17 到達/重返, 等待人數: 12/18
[Barrier] Learner 15 到達/重返, 等待人數: 13/18
[Barrier] Learner 13 到達/重返, 等待人數: 14/18
[Barrier] Learner 12 到達/重返, 等待人數: 15/18
[Barrier] Learner 5 到達/重返, 等待人數: 16/18
[Barrier] Learner 10 到達/重返, 等待人數: 17/18
[Table] MQ/CE SAT 填 hash=0x20a4f7379736c48d
[Table] MQ/CE SAT 填 hash=0xeb9329df6c2d6abd
[Table] MQ/CE SAT 填 hash=0xb8d79d3576efc131
[Table] MQ/CE SAT 填 hash=0x9f79d6e07c50ec6b
[Table] MQ/CE SAT 填 hash=0x92caf3b5ff018208
[Table] MQ/CE SAT 填 hash=0x964d00c7c3609bc8
[Table] MQ/CE SAT 填 hash=0xef76cadde2d5aa20
[Table] MQ/CE SAT 填 hash=0x7aa50612a1388e10
[Table] MQ/CE SAT 填 hash=0x129f73225470a2f5
[Table] MQ/CE SAT 填 hash=0x5f08ff7d7213892
[Barrier] Learner 1 到達/重返, 等待人數: 18/18
[Global EQ] 啟動 Leader SAT 尋找反例
[Barrier] Learner 1 到達/重返, 等待人數: 1/18
[Barrier] Learner 17 到達/重返, 等待人數: 2/18
[Barrier] Learner 13 到達/重返, 等待人數: 3/18
[Barrier] Learner 5 到達/重返, 等待人數: 4/18
[Barrier] Learner 6 到達/重返, 等待人數: 5/18
[Barrier] Learner 11 到達/重返, 等待人數: 6/18
[Barrier] Learner 14 到達/重返, 等待人數: 7/18
[Barrier] Learner 8 到達/重返, 等待人數: 8/18
[Barrier] Learner 9 到達/重返, 等待人數: 9/18
[Barrier] Learner 0 到達/重返, 等待人數: 10/18
[Barrier] Learner 15 到達/重返, 等待人數: 11/18
[Barrier] Learner 4 到達/重返, 等待人數: 12/18
[Barrier] Learner 7 到達/重返, 等待人數: 13/18
[Barrier] Learner 16 到達/重返, 等待人數: 14/18
[Barrier] Learner 10 到達/重返, 等待人數: 15/18
[Barrier] Learner 12 到達/重返, 等待人數: 16/18
[Barrier] Learner 2 到達/重返, 等待人數: 17/18
[Table] MQ/CE SAT 填 hash=0x7ef52799f53f318b
[Table] MQ/CE SAT 填 hash=0x29cd6ef4d80203db
[Table] MQ/CE SAT 填 hash=0x3a20fe64290d61cb
[Barrier] Learner 3 到達/重返, 等待人數: 18/18
[Global EQ] 啟動 Leader SAT 尋找反例
[Barrier] Learner 7 到達/重返, 等待人數: 1/18
[Barrier] Learner 1 到達/重返, 等待人數: 2/18
[Barrier] Learner 12 到達/重返, 等待人數: 3/18
[Barrier] Learner 10 到達/重返, 等待人數: 4/18
[Barrier] Learner 3 到達/重返, 等待人數: 5/18
[Barrier] Learner 4 到達/重返, 等待人數: 6/18
[Barrier] Learner 0 到達/重返, 等待人數: 7/18
[Barrier] Learner 5 到達/重返, 等待人數: 8/18
[Barrier] Learner 8 到達/重返, 等待人數: 9/18
[Barrier] Learner 6 到達/重返, 等待人數: 10/18
[Barrier] Learner 13 到達/重返, 等待人數: 11/18
[Barrier] Learner 17 到達/重返, 等待人數: 12/18
[Barrier] Learner 15 到達/重返, 等待人數: 13/18
[Barrier] Learner 14 到達/重返, 等待人數: 14/18
[Barrier] Learner 9 到達/重返, 等待人數: 15/18
[Barrier] Learner 2 到達/重返, 等待人數: 16/18
[Barrier] Learner 16 到達/重返, 等待人數: 17/18
[Barrier] Learner 11 到達/重返, 等待人數: 18/18
[Global EQ] 啟動 Leader SAT 尋找反例
[Barrier] Learner 11 到達/重返, 等待人數: 1/18
[Barrier] Learner 17 到達/重返, 等待人數: 2/18
[Barrier] Learner 5 到達/重返, 等待人數: 3/18
[Barrier] Learner 13 到達/重返, 等待人數: 4/18
[Barrier] Learner 15 到達/重返, 等待人數: 5/18
[Barrier] Learner 4 到達/重返, 等待人數: 6/18
[Barrier] Learner 7 到達/重返, 等待人數: 7/18
[Barrier] Learner 3 到達/重返, 等待人數: 8/18
[Barrier] Learner 14 到達/重返, 等待人數: 9/18
[Barrier] Learner 0 到達/重返, 等待人數: 10/18
[Barrier] Learner 10 到達/重返, 等待人數: 11/18
[Barrier] Learner 1 到達/重返, 等待人數: 12/18
[Barrier] Learner 12 到達/重返, 等待人數: 13/18
[Barrier] Learner 6 到達/重返, 等待人數: 14/18
[Barrier] Learner 2 到達/重返, 等待人數: 15/18
[Barrier] Learner 16 到達/重返, 等待人數: 16/18
[Barrier] Learner 9 到達/重返, 等待人數: 17/18
[Barrier] Learner 8 到達/重返, 等待人數: 18/18
[Global EQ] 啟動 Leader SAT 尋找反例
[Barrier] Learner 8 到達/重返, 等待人數: 1/18
[Barrier] Learner 4 到達/重返, 等待人數: 2/18
[Barrier] Learner 3 到達/重返, 等待人數: 3/18
[Barrier] Learner 5 到達/重返, 等待人數: 4/18
[Barrier] Learner 6 到達/重返, 等待人數: 5/18
[Barrier] Learner 12 到達/重返, 等待人數: 6/18
[Barrier] Learner 10 到達/重返, 等待人數: 7/18
[Barrier] Learner 16 到達/重返, 等待人數: 8/18
[Barrier] Learner 14 到達/重返, 等待人數: 9/18
[Barrier] Learner 9 到達/重返, 等待人數: 10/18
[Barrier] Learner 7 到達/重返, 等待人數: 11/18
[Barrier] Learner 11 到達/重返, 等待人數: 12/18
[Barrier] Learner 0 到達/重返, 等待人數: 13/18
[Barrier] Learner 15 到達/重返, 等待人數: 14/18
[Barrier] Learner 13 到達/重返, 等待人數: 15/18
[Barrier] Learner 17 到達/重返, 等待人數: 16/18
[Barrier] Learner 2 到達/重返, 等待人數: 17/18
[Table] MQ/CE SAT 填 hash=0x5da719fff3bc3367
[Barrier] Learner 1 到達/重返, 等待人數: 18/18
[Global EQ] 啟動 Leader SAT 尋找反例
[Barrier] Learner 1 到達/重返, 等待人數: 1/18
[Barrier] Learner 13 到達/重返, 等待人數: 2/18
[Barrier] Learner 6 到達/重返, 等待人數: 3/18
[Barrier] Learner 10 到達/重返, 等待人數: 4/18
[Barrier] Learner 11 到達/重返, 等待人數: 5/18
[Barrier] Learner 9 到達/重返, 等待人數: 6/18
[Barrier] Learner 8 到達/重返, 等待人數: 7/18
[Barrier] Learner 2 到達/重返, 等待人數: 8/18
[Barrier] Learner 5 到達/重返, 等待人數: 9/18
[Barrier] Learner 0 到達/重返, 等待人數: 10/18
[Barrier] Learner 14 到達/重返, 等待人數: 11/18
[Barrier] Learner 16 到達/重返, 等待人數: 12/18
[Barrier] Learner 17 到達/重返, 等待人數: 13/18
[Barrier] Learner 15 到達/重返, 等待人數: 14/18
[Barrier] Learner 4 到達/重返, 等待人數: 15/18
[Barrier] Learner 12 到達/重返, 等待人數: 16/18
[Barrier] Learner 3 到達/重返, 等待人數: 17/18
[Barrier] Learner 7 到達/重返, 等待人數: 18/18
[Global EQ] 啟動 Leader SAT 尋找反例
[Barrier] Learner 7 到達/重返, 等待人數: 1/18
[Barrier] Learner 12 到達/重返, 等待人數: 2/18
[Barrier] Learner 5 到達/重返, 等待人數: 3/18
[Barrier] Learner 13 到達/重返, 等待人數: 4/18
[Barrier] Learner 16 到達/重返, 等待人數: 5/18
[Barrier] Learner 8 到達/重返, 等待人數: 6/18
[Barrier] Learner 9 到達/重返, 等待人數: 7/18
[Barrier] Learner 15 到達/重返, 等待人數: 8/18
[Barrier] Learner 0 到達/重返, 等待人數: 9/18
[Barrier] Learner 1 到達/重返, 等待人數: 10/18
[Barrier] Learner 10 到達/重返, 等待人數: 11/18
[Barrier] Learner 17 到達/重返, 等待人數: 12/18
[Barrier] Learner 2 到達/重返, 等待人數: 13/18
[Barrier] Learner 4 到達/重返, 等待人數: 14/18
[Barrier] Learner 14 到達/重返, 等待人數: 15/18
[Barrier] Learner 3 到達/重返, 等待人數: 16/18
[Barrier] Learner 6 到達/重返, 等待人數: 17/18
[Barrier] Learner 11 到達/重返, 等待人數: 18/18
[Global EQ] 啟動 Leader SAT 尋找反例
[Barrier] Learner 11 到達/重返, 等待人數: 1/18
[Barrier] Learner 10 到達/重返, 等待人數: 2/18
[Barrier] Learner 9 到達/重返, 等待人數: 3/18
[Barrier] Learner 8 到達/重返, 等待人數: 4/18
[Barrier] Learner 16 到達/重返, 等待人數: 5/18
[Barrier] Learner 5 到達/重返, 等待人數: 6/18
[Barrier] Learner 6 到達/重返, 等待人數: 7/18
[Barrier] Learner 15 到達/重返, 等待人數: 8/18
[Barrier] Learner 12 到達/重返, 等待人數: 9/18
[Barrier] Learner 13 到達/重返, 等待人數: 10/18
[Barrier] Learner 7 到達/重返, 等待人數: 11/18
[Barrier] Learner 0 到達/重返, 等待人數: 12/18
[Barrier] Learner 2 到達/重返, 等待人數: 13/18
[Barrier] Learner 4 到達/重返, 等待人數: 14/18
[Barrier] Learner 3 到達/重返, 等待人數: 15/18
[Barrier] Learner 17 到達/重返, 等待人數: 16/18
[Barrier] Learner 14 到達/重返, 等待人數: 17/18
[Table] MQ/CE SAT 填 hash=0x9910d7c270ff397
[Barrier] Learner 1 到達/重返, 等待人數: 18/18
[Global EQ] 啟動 Leader SAT 尋找反例
[Barrier] Learner 1 到達/重返, 等待人數: 1/18
[Barrier] Learner 7 到達/重返, 等待人數: 2/18
[Barrier] Learner 6 到達/重返, 等待人數: 3/18
[Barrier] Learner 17 到達/重返, 等待人數: 4/18
[Barrier] Learner 8 到達/重返, 等待人數: 5/18
[Barrier] Learner 14 到達/重返, 等待人數: 6/18
[Barrier] Learner 10 到達/重返, 等待人數: 7/18
[Barrier] Learner 3 到達/重返, 等待人數: 8/18
[Barrier] Learner 5 到達/重返, 等待人數: 9/18
[Barrier] Learner 12 到達/重返, 等待人數: 10/18
[Barrier] Learner 11 到達/重返, 等待人數: 11/18
[Barrier] Learner 4 到達/重返, 等待人數: 12/18
[Barrier] Learner 16 到達/重返, 等待人數: 13/18
[Barrier] Learner 13 到達/重返, 等待人數: 14/18
[Barrier] Learner 9 到達/重返, 等待人數: 15/18
[Barrier] Learner 15 到達/重返, 等待人數: 16/18
[Barrier] Learner 2 到達/重返, 等待人數: 17/18
[Barrier] Learner 0 到達/重返, 等待人數: 18/18
[Global EQ] 啟動 Leader SAT 尋找反例
[Barrier] Learner 0 到達/重返, 等待人數: 1/18
[Barrier] Learner 7 到達/重返, 等待人數: 2/18
[Barrier] Learner 8 到達/重返, 等待人數: 3/18
[Barrier] Learner 1 到達/重返, 等待人數: 4/18
[Barrier] Learner 17 到達/重返, 等待人數: 5/18
[Barrier] Learner 11 到達/重返, 等待人數: 6/18
[Barrier] Learner 16 到達/重返, 等待人數: 7/18
[Barrier] Learner 9 到達/重返, 等待人數: 8/18
[Barrier] Learner 13 到達/重返, 等待人數: 9/18
[Barrier] Learner 2 到達/重返, 等待人數: 10/18
[Barrier] Learner 10 到達/重返, 等待人數: 11/18
[Barrier] Learner 6 到達/重返, 等待人數: 12/18
[Barrier] Learner 3 到達/重返, 等待人數: 13/18
[Barrier] Learner 14 到達/重返, 等待人數: 14/18
[Barrier] Learner 4 到達/重返, 等待人數: 15/18
[Barrier] Learner 15 到達/重返, 等待人數: 16/18
[Barrier] Learner 5 到達/重返, 等待人數: 17/18
[Table] MQ/CE SAT 填 hash=0x55652c46a1555617
[Barrier] Learner 12 到達/重返, 等待人數: 18/18
[Global EQ] 啟動 Leader SAT 尋找反例
[Table] MQ/CE SAT 填 hash=0x3e8bd20ef847971e
[Barrier] Learner 12 到達/重返, 等待人數: 1/18
[Barrier] Learner 15 到達/重返, 等待人數: 2/18
[Barrier] Learner 17 到達/重返, 等待人數: 3/18
[Barrier] Learner 10 到達/重返, 等待人數: 4/18
[Barrier] Learner 14 到達/重返, 等待人數: 5/18
[Barrier] Learner 3 到達/重返, 等待人數: 6/18
[Barrier] Learner 5 到達/重返, 等待人數: 7/18
[Barrier] Learner 2 到達/重返, 等待人數: 8/18
[Barrier] Learner 8 到達/重返, 等待人數: 9/18
[Barrier] Learner 11 到達/重返, 等待人數: 10/18
[Barrier] Learner 1 到達/重返, 等待人數: 11/18
[Barrier] Learner 0 到達/重返, 等待人數: 12/18
[Barrier] Learner 4 到達/重返, 等待人數: 13/18
[Barrier] Learner 7 到達/重返, 等待人數: 14/18
[Barrier] Learner 13 到達/重返, 等待人數: 15/18
[Barrier] Learner 16 到達/重返, 等待人數: 16/18
[Barrier] Learner 9 到達/重返, 等待人數: 17/18
[Table] MQ/CE SAT 填 hash=0x12d3076fa46cfe5e
[Table] MQ/CE SAT 填 hash=0xbd2278b9dee759be
[Table] MQ/CE SAT 填 hash=0xf975411aa9ce2998
[Table] MQ/CE SAT 填 hash=0x6242445271d93fb
[Table] MQ/CE SAT 填 hash=0xb073958f6197ef5b
[Table] MQ/CE SAT 填 hash=0xf1284239ee480e0b
[Table] MQ/CE SAT 填 hash=0xf547bec52dc9bf1b
[Barrier] Learner 6 到達/重返, 等待人數: 18/18
[Global EQ] 啟動 Leader SAT 尋找反例
[Barrier] Learner 6 到達/重返, 等待人數: 1/18
[Barrier] Learner 3 到達/重返, 等待人數: 2/18
[Barrier] Learner 5 到達/重返, 等待人數: 3/18
[Barrier] Learner 13 到達/重返, 等待人數: 4/18
[Barrier] Learner 11 到達/重返, 等待人數: 5/18
[Barrier] Learner 10 到達/重返, 等待人數: 6/18
[Barrier] Learner 9 到達/重返, 等待人數: 7/18
[Barrier] Learner 0 到達/重返, 等待人數: 8/18
[Barrier] Learner 1 到達/重返, 等待人數: 9/18
[Barrier] Learner 15 到達/重返, 等待人數: 10/18
[Barrier] Learner 7 到達/重返, 等待人數: 11/18
[Barrier] Learner 17 到達/重返, 等待人數: 12/18
[Barrier] Learner 2 到達/重返, 等待人數: 13/18
[Barrier] Learner 14 到達/重返, 等待人數: 14/18
[Barrier] Learner 12 到達/重返, 等待人數: 15/18
[Barrier] Learner 4 到達/重返, 等待人數: 16/18
[Barrier] Learner 8 到達/重返, 等待人數: 17/18
[Barrier] Learner 16 到達/重返, 等待人數: 18/18
[Global EQ] 啟動 Leader SAT 尋找反例
[Barrier] Learner 16 到達/重返, 等待人數: 1/18
[Barrier] Learner 2 到達/重返, 等待人數: 2/18
[Barrier] Learner 9 到達/重返, 等待人數: 3/18
[Barrier] Learner 15 到達/重返, 等待人數: 4/18
[Barrier] Learner 7 到達/重返, 等待人數: 5/18
[Barrier] Learner 10 到達/重返, 等待人數: 6/18
[Barrier] Learner 5 到達/重返, 等待人數: 7/18
[Barrier] Learner 11 到達/重返, 等待人數: 8/18
[Barrier] Learner 3 到達/重返, 等待人數: 9/18
[Barrier] Learner 8 到達/重返, 等待人數: 10/18
[Barrier] Learner 0 到達/重返, 等待人數: 11/18
[Barrier] Learner 14 到達/重返, 等待人數: 12/18
[Barrier] Learner 4 到達/重返, 等待人數: 13/18
[Barrier] Learner 6 到達/重返, 等待人數: 14/18
[Barrier] Learner 1 到達/重返, 等待人數: 15/18
[Barrier] Learner 12 到達/重返, 等待人數: 16/18
[Barrier] Learner 17 到達/重返, 等待人數: 17/18
[Barrier] Learner 13 到達/重返, 等待人數: 18/18
[Global EQ] 啟動 Leader SAT 尋找反例
[Barrier] Learner 14 到達/重返, 等待人數: 1/18
[Barrier] Learner 17 到達/重返, 等待人數: 2/18
[Barrier] Learner 1 到達/重返, 等待人數: 3/18
[Barrier] Learner 7 到達/重返, 等待人數: 4/18
[Barrier] Learner 4 到達/重返, 等待人數: 5/18
[Barrier] Learner 13 到達/重返, 等待人數: 6/18
[Barrier] Learner 3 到達/重返, 等待人數: 7/18
[Barrier] Learner 9 到達/重返, 等待人數: 8/18
[Barrier] Learner 16 到達/重返, 等待人數: 9/18
[Barrier] Learner 11 到達/重返, 等待人數: 10/18
[Barrier] Learner 15 到達/重返, 等待人數: 11/18
[Barrier] Learner 8 到達/重返, 等待人數: 12/18
[Barrier] Learner 0 到達/重返, 等待人數: 13/18
[Barrier] Learner 6 到達/重返, 等待人數: 14/18
[Barrier] Learner 12 到達/重返, 等待人數: 15/18
[Barrier] Learner 10 到達/重返, 等待人數: 16/18
[Barrier] Learner 2 到達/重返, 等待人數: 17/18
[Barrier] Learner 5 到達/重返, 等待人數: 18/18
[Global EQ] 啟動 Leader SAT 尋找反例
[Barrier] Learner 5 到達/重返, 等待人數: 1/18
[Barrier] Learner 8 到達/重返, 等待人數: 2/18
[Barrier] Learner 17 到達/重返, 等待人數: 3/18
[Barrier] Learner 4 到達/重返, 等待人數: 4/18
[Barrier] Learner 6 到達/重返, 等待人數: 5/18
[Barrier] Learner 9 到達/重返, 等待人數: 6/18
[Barrier] Learner 13 到達/重返, 等待人數: 7/18
[Barrier] Learner 7 到達/重返, 等待人數: 8/18
[Barrier] Learner 16 到達/重返, 等待人數: 9/18
[Barrier] Learner 12 到達/重返, 等待人數: 10/18
[Barrier] Learner 15 到達/重返, 等待人數: 11/18
[Barrier] Learner 3 到達/重返, 等待人數: 12/18
[Barrier] Learner 2 到達/重返, 等待人數: 13/18
[Barrier] Learner 10 到達/重返, 等待人數: 14/18
[Barrier] Learner 14 到達/重返, 等待人數: 15/18
[Barrier] Learner 1 到達/重返, 等待人數: 16/18
[Barrier] Learner 11 到達/重返, 等待人數: 17/18
[Table] MQ/CE SAT 填 hash=0x63d5cfc07358db0
[Barrier] Learner 0 到達/重返, 等待人數: 18/18
[Global EQ] 啟動 Leader SAT 尋找反例
[Barrier] Learner 12 到達/重返, 等待人數: 1/18
[Barrier] Learner 5 到達/重返, 等待人數: 2/18
[Barrier] Learner 9 到達/重返, 等待人數: 3/18
[Barrier] Learner 16 到達/重返, 等待人數: 4/18
[Barrier] Learner 10 到達/重返, 等待人數: 5/18
[Barrier] Learner 15 到達/重返, 等待人數: 6/18
[Barrier] Learner 4 到達/重返, 等待人數: 7/18
[Barrier] Learner 6 到達/重返, 等待人數: 8/18
[Barrier] Learner 8 到達/重返, 等待人數: 9/18
[Barrier] Learner 13 到達/重返, 等待人數: 10/18
[Barrier] Learner 3 到達/重返, 等待人數: 11/18
[Barrier] Learner 2 到達/重返, 等待人數: 12/18
[Barrier] Learner 0 到達/重返, 等待人數: 13/18
[Barrier] Learner 14 到達/重返, 等待人數: 14/18
[Barrier] Learner 1 到達/重返, 等待人數: 15/18
[Barrier] Learner 11 到達/重返, 等待人數: 16/18
[Barrier] Learner 17 到達/重返, 等待人數: 17/18
[Barrier] Learner 7 到達/重返, 等待人數: 18/18
[Global EQ] 啟動 Leader SAT 尋找反例
[Barrier] Learner 7 到達/重返, 等待人數: 1/18
[Barrier] Learner 5 到達/重返, 等待人數: 2/18
[Barrier] Learner 6 到達/重返, 等待人數: 3/18
[Barrier] Learner 10 到達/重返, 等待人數: 4/18
[Barrier] Learner 13 到達/重返, 等待人數: 5/18
[Barrier] Learner 9 到達/重返, 等待人數: 6/18
[Barrier] Learner 3 到達/重返, 等待人數: 7/18
[Barrier] Learner 15 到達/重返, 等待人數: 8/18
[Barrier] Learner 2 到達/重返, 等待人數: 9/18
[Barrier] Learner 16 到達/重返, 等待人數: 10/18
[Barrier] Learner 14 到達/重返, 等待人數: 11/18
[Barrier] Learner 1 到達/重返, 等待人數: 12/18
[Barrier] Learner 8 到達/重返, 等待人數: 13/18
[Barrier] Learner 0 到達/重返, 等待人數: 14/18
[Barrier] Learner 11 到達/重返, 等待人數: 15/18
[Barrier] Learner 4 到達/重返, 等待人數: 16/18
[Barrier] Learner 17 到達/重返, 等待人數: 17/18
[Barrier] Learner 12 到達/重返, 等待人數: 18/18
[Global EQ] 啟動 Leader SAT 尋找反例
[Barrier] Learner 12 到達/重返, 等待人數: 1/18
[Barrier] Learner 15 到達/重返, 等待人數: 2/18
[Barrier] Learner 1 到達/重返, 等待人數: 3/18
[Barrier] Learner 17 到達/重返, 等待人數: 4/18
[Barrier] Learner 11 到達/重返, 等待人數: 5/18
[Barrier] Learner 4 到達/重返, 等待人數: 6/18
[Barrier] Learner 16 到達/重返, 等待人數: 7/18
[Barrier] Learner 13 到達/重返, 等待人數: 8/18
[Barrier] Learner 10 到達/重返, 等待人數: 9/18
[Barrier] Learner 14 到達/重返, 等待人數: 10/18
[Barrier] Learner 9 到達/重返, 等待人數: 11/18
[Barrier] Learner 3 到達/重返, 等待人數: 12/18
[Barrier] Learner 2 到達/重返, 等待人數: 13/18
[Barrier] Learner 6 到達/重返, 等待人數: 14/18
[Barrier] Learner 5 到達/重返, 等待人數: 15/18
[Barrier] Learner 8 到達/重返, 等待人數: 16/18
[Barrier] Learner 7 到達/重返, 等待人數: 17/18
[Table] MQ/CE SAT 填 hash=0x3228599e1a8ec75d
[Table] MQ/CE SAT 填 hash=0x257976739d3f5cfa
[Barrier] Learner 0 到達/重返, 等待人數: 18/18
[Global EQ] 啟動 Leader SAT 尋找反例
[Barrier] Learner 15 到達/重返, 等待人數: 1/18
[Barrier] Learner 0 到達/重返, 等待人數: 2/18
[Barrier] Learner 17 到達/重返, 等待人數: 3/18
[Barrier] Learner 8 到達/重返, 等待人數: 4/18
[Barrier] Learner 1 到達/重返, 等待人數: 5/18
[Barrier] Learner 5 到達/重返, 等待人數: 6/18
[Barrier] Learner 11 到達/重返, 等待人數: 7/18
[Barrier] Learner 7 到達/重返, 等待人數: 8/18
[Barrier] Learner 14 到達/重返, 等待人數: 9/18
[Barrier] Learner 12 到達/重返, 等待人數: 10/18
[Barrier] Learner 3 到達/重返, 等待人數: 11/18
[Barrier] Learner 9 到達/重返, 等待人數: 12/18
[Barrier] Learner 13 到達/重返, 等待人數: 13/18
[Barrier] Learner 6 到達/重返, 等待人數: 14/18
[Barrier] Learner 4 到達/重返, 等待人數: 15/18
[Barrier] Learner 2 到達/重返, 等待人數: 16/18
[Barrier] Learner 16 到達/重返, 等待人數: 17/18
[Barrier] Learner 10 到達/重返, 等待人數: 18/18
[Global EQ] 啟動 Leader SAT 尋找反例
[Table] MQ/CE SAT 填 hash=0x36f2ee53a55de107
[Barrier] Learner 10 到達/重返, 等待人數: 1/18
[Barrier] Learner 16 到達/重返, 等待人數: 2/18
[Barrier] Learner 0 到達/重返, 等待人數: 3/18
[Barrier] Learner 11 到達/重返, 等待人數: 4/18
[Barrier] Learner 5 到達/重返, 等待人數: 5/18
[Barrier] Learner 8 到達/重返, 等待人數: 6/18
[Barrier] Learner 4 到達/重返, 等待人數: 7/18
[Barrier] Learner 17 到達/重返, 等待人數: 8/18
[Barrier] Learner 14 到達/重返, 等待人數: 9/18
[Barrier] Learner 13 到達/重返, 等待人數: 10/18
[Barrier] Learner 12 到達/重返, 等待人數: 11/18
[Barrier] Learner 2 到達/重返, 等待人數: 12/18
[Barrier] Learner 7 到達/重返, 等待人數: 13/18
[Barrier] Learner 9 到達/重返, 等待人數: 14/18
[Barrier] Learner 6 到達/重返, 等待人數: 15/18
[Barrier] Learner 3 到達/重返, 等待人數: 16/18
[Barrier] Learner 1 到達/重返, 等待人數: 17/18
[Table] MQ/CE SAT 填 hash=0x1e120fb7a548737
[Table] MQ/CE SAT 填 hash=0x9c6a07a78fd9341f
[Table] MQ/CE SAT 填 hash=0x69ae7afd9a9b8a93
[Table] MQ/CE SAT 填 hash=0x830c4152953a5f59
[Table] MQ/CE SAT 填 hash=0x765d5e2817eaf4f6
[Table] MQ/CE SAT 填 hash=0x806933a02f5a59f7
[Table] MQ/CE SAT 填 hash=0x2ab8a4ea69d4b557
[Table] MQ/CE SAT 填 hash=0x3fb486f5a2aa3b47
[Table] MQ/CE SAT 填 hash=0x6f8cce2036068517
[Table] MQ/CE SAT 填 hash=0xcc530f25ca567241
[Barrier] Learner 15 到達/重返, 等待人數: 18/18
[Global EQ] 啟動 Leader SAT 尋找反例
[Barrier] Learner 8 到達/重返, 等待人數: 1/18
[Barrier] Learner 13 到達/重返, 等待人數: 2/18
[Barrier] Learner 4 到達/重返, 等待人數: 3/18
[Barrier] Learner 15 到達/重返, 等待人數: 4/18
[Barrier] Learner 16 到達/重返, 等待人數: 5/18
[Barrier] Learner 0 到達/重返, 等待人數: 6/18
[Barrier] Learner 9 到達/重返, 等待人數: 7/18
[Barrier] Learner 3 到達/重返, 等待人數: 8/18
[Barrier] Learner 7 到達/重返, 等待人數: 9/18
[Barrier] Learner 12 到達/重返, 等待人數: 10/18
[Barrier] Learner 14 到達/重返, 等待人數: 11/18
[Barrier] Learner 6 到達/重返, 等待人數: 12/18
[Barrier] Learner 11 到達/重返, 等待人數: 13/18
[Barrier] Learner 10 到達/重返, 等待人數: 14/18
[Barrier] Learner 1 到達/重返, 等待人數: 15/18
[Barrier] Learner 2 到達/重返, 等待人數: 16/18
[Barrier] Learner 17 到達/重返, 等待人數: 17/18
[Barrier] Learner 5 到達/重返, 等待人數: 18/18
[Global EQ] 啟動 Leader SAT 尋找反例
[Barrier] Learner 5 到達/重返, 等待人數: 1/18
[Barrier] Learner 15 到達/重返, 等待人數: 2/18
[Barrier] Learner 9 到達/重返, 等待人數: 3/18
[Barrier] Learner 4 到達/重返, 等待人數: 4/18
[Barrier] Learner 14 到達/重返, 等待人數: 5/18
[Barrier] Learner 0 到達/重返, 等待人數: 6/18
[Barrier] Learner 1 到達/重返, 等待人數: 7/18
[Barrier] Learner 10 到達/重返, 等待人數: 8/18
[Barrier] Learner 16 到達/重返, 等待人數: 9/18
[Barrier] Learner 7 到達/重返, 等待人數: 10/18
[Barrier] Learner 13 到達/重返, 等待人數: 11/18
[Barrier] Learner 3 到達/重返, 等待人數: 12/18
[Barrier] Learner 8 到達/重返, 等待人數: 13/18
[Barrier] Learner 2 到達/重返, 等待人數: 14/18
[Barrier] Learner 6 到達/重返, 等待人數: 15/18
[Barrier] Learner 17 到達/重返, 等待人數: 16/18
[Barrier] Learner 11 到達/重返, 等待人數: 17/18
[Barrier] Learner 12 到達/重返, 等待人數: 18/18
[Global EQ] 啟動 Leader SAT 尋找反例
[Table] MQ/CE SAT 填 hash=0xaf560da70a91d9f
[Barrier] Learner 12 到達/重返, 等待人數: 1/18
[Barrier] Learner 8 到達/重返, 等待人數: 2/18
[Barrier] Learner 14 到達/重返, 等待人數: 3/18
[Barrier] Learner 4 到達/重返, 等待人數: 4/18
[Barrier] Learner 17 到達/重返, 等待人數: 5/18
[Barrier] Learner 5 到達/重返, 等待人數: 6/18
[Barrier] Learner 10 到達/重返, 等待人數: 7/18
[Barrier] Learner 1 到達/重返, 等待人數: 8/18
[Barrier] Learner 9 到達/重返, 等待人數: 9/18
[Barrier] Learner 3 到達/重返, 等待人數: 10/18
[Barrier] Learner 11 到達/重返, 等待人數: 11/18
[Barrier] Learner 0 到達/重返, 等待人數: 12/18
[Barrier] Learner 13 到達/重返, 等待人數: 13/18
[Barrier] Learner 7 到達/重返, 等待人數: 14/18
[Barrier] Learner 2 到達/重返, 等待人數: 15/18
[Barrier] Learner 6 到達/重返, 等待人數: 16/18
[Barrier] Learner 16 到達/重返, 等待人數: 17/18
[Table] MQ/CE SAT 填 hash=0x706c7a2e5b2470b7
[Table] MQ/CE SAT 填 hash=0x3db0ed8465e6c72b
[Table] MQ/CE SAT 填 hash=0xe9120aeff0f2106b
[Barrier] Learner 15 到達/重返, 等待人數: 18/18
[Global EQ] 啟動 Leader SAT 尋找反例
[Barrier] Learner 15 到達/重返, 等待人數: 1/18
[Barrier] Learner 6 到達/重返, 等待人數: 2/18
[Barrier] Learner 7 到達/重返, 等待人數: 3/18
[Barrier] Learner 5 到達/重返, 等待人數: 4/18
[Barrier] Learner 10 到達/重返, 等待人數: 5/18
[Barrier] Learner 13 到達/重返, 等待人數: 6/18
[Barrier] Learner 0 到達/重返, 等待人數: 7/18
[Barrier] Learner 12 到達/重返, 等待人數: 8/18
[Barrier] Learner 11 到達/重返, 等待人數: 9/18
[Barrier] Learner 9 到達/重返, 等待人數: 10/18
[Barrier] Learner 8 到達/重返, 等待人數: 11/18
[Barrier] Learner 1 到達/重返, 等待人數: 12/18
[Barrier] Learner 14 到達/重返, 等待人數: 13/18
[Barrier] Learner 4 到達/重返, 等待人數: 14/18
[Barrier] Learner 2 到達/重返, 等待人數: 15/18
[Barrier] Learner 16 到達/重返, 等待人數: 16/18
[Barrier] Learner 3 到達/重返, 等待人數: 17/18
[Table] MQ/CE SAT 填 hash=0x58d6443e2514ee3b
[Table] MQ/CE SAT 填 hash=0x8b91d0e81a5297c7
[Table] MQ/CE SAT 填 hash=0xd839d4307b6b7413
[Barrier] Learner 17 到達/重返, 等待人數: 18/18
[Global EQ] 啟動 Leader SAT 尋找反例
[Table] MQ/CE SAT 填 hash=0x93461103c200d897
[Barrier] Learner 17 到達/重返, 等待人數: 1/18
[Barrier] Learner 13 到達/重返, 等待人數: 2/18
[Barrier] Learner 10 到達/重返, 等待人數: 3/18
[Barrier] Learner 1 到達/重返, 等待人數: 4/18
[Barrier] Learner 16 到達/重返, 等待人數: 5/18
[Barrier] Learner 7 到達/重返, 等待人數: 6/18
[Barrier] Learner 0 到達/重返, 等待人數: 7/18
[Barrier] Learner 6 到達/重返, 等待人數: 8/18
[Barrier] Learner 14 到達/重返, 等待人數: 9/18
[Barrier] Learner 2 到達/重返, 等待人數: 10/18
[Barrier] Learner 3 到達/重返, 等待人數: 11/18
[Barrier] Learner 12 到達/重返, 等待人數: 12/18
[Barrier] Learner 15 到達/重返, 等待人數: 13/18
[Barrier] Learner 11 到達/重返, 等待人數: 14/18
[Barrier] Learner 9 到達/重返, 等待人數: 15/18
[Barrier] Learner 5 到達/重返, 等待人數: 16/18
[Barrier] Learner 8 到達/重返, 等待人數: 17/18
[Barrier] Learner 4 到達/重返, 等待人數: 18/18
[Global EQ] 啟動 Leader SAT 尋找反例
[Barrier] Learner 4 到達/重返, 等待人數: 1/18
[Barrier] Learner 7 到達/重返, 等待人數: 2/18
[Barrier] Learner 17 到達/重返, 等待人數: 3/18
[Barrier] Learner 6 到達/重返, 等待人數: 4/18
[Barrier] Learner 11 到達/重返, 等待人數: 5/18
[Barrier] Learner 9 到達/重返, 等待人數: 6/18
[Barrier] Learner 3 到達/重返, 等待人數: 7/18
[Barrier] Learner 0 到達/重返, 等待人數: 8/18
[Barrier] Learner 15 到達/重返, 等待人數: 9/18
[Barrier] Learner 16 到達/重返, 等待人數: 10/18
[Barrier] Learner 13 到達/重返, 等待人數: 11/18
[Barrier] Learner 2 到達/重返, 等待人數: 12/18
[Barrier] Learner 1 到達/重返, 等待人數: 13/18
[Barrier] Learner 10 到達/重返, 等待人數: 14/18
[Barrier] Learner 14 到達/重返, 等待人數: 15/18
[Barrier] Learner 5 到達/重返, 等待人數: 16/18
[Barrier] Learner 8 到達/重返, 等待人數: 17/18
[Barrier] Learner 12 到達/重返, 等待人數: 18/18
[Global EQ] 啟動 Leader SAT 尋找反例
[Barrier] Learner 12 到達/重返, 等待人數: 1/18
[Barrier] Learner 9 到達/重返, 等待人數: 2/18
[Barrier] Learner 15 到達/重返, 等待人數: 3/18
[Barrier] Learner 13 到達/重返, 等待人數: 4/18
[Barrier] Learner 5 到達/重返, 等待人數: 5/18
[Barrier] Learner 0 到達/重返, 等待人數: 6/18
[Barrier] Learner 2 到達/重返, 等待人數: 7/18
[Barrier] Learner 1 到達/重返, 等待人數: 8/18
[Barrier] Learner 10 到達/重返, 等待人數: 9/18
[Barrier] Learner 14 到達/重返, 等待人數: 10/18
[Barrier] Learner 17 到達/重返, 等待人數: 11/18
[Barrier] Learner 4 到達/重返, 等待人數: 12/18
[Barrier] Learner 16 到達/重返, 等待人數: 13/18
[Barrier] Learner 8 到達/重返, 等待人數: 14/18
[Barrier] Learner 3 到達/重返, 等待人數: 15/18
[Barrier] Learner 11 到達/重返, 等待人數: 16/18
[Table] MQ/CE SAT 填 hash=0x9a2d76ae0e9f5eaa
[Table] MQ/CE SAT 填 hash=0x651ba955e39604da
[Table] MQ/CE SAT 填 hash=0x32601cabee585b4e
[Table] MQ/CE SAT 填 hash=0x4bbde300e8f73014
[Table] MQ/CE SAT 填 hash=0xc0068be03691426a
[Table] MQ/CE SAT 填 hash=0xb0fac8141d9c173b
[Table] MQ/CE SAT 填 hash=0x73ed38e146b4c418
[Table] MQ/CE SAT 填 hash=0xd46463e12faa5102
[Table] MQ/CE SAT 填 hash=0x92b3e2db7864fd6e
[Table] MQ/CE SAT 填 hash=0xa0d925a6098a0ef8
[Table] MQ/CE SAT 填 hash=0x6f4a470e6656c3a7
[Barrier] Learner 7 到達/重返, 等待人數: 17/18
[Barrier] Learner 6 到達/重返, 等待人數: 18/18
[Global EQ] 啟動 Leader SAT 尋找反例
[Barrier] Learner 6 到達/重返, 等待人數: 1/18
[Barrier] Learner 11 到達/重返, 等待人數: 2/18
[Barrier] Learner 2 到達/重返, 等待人數: 3/18
[Barrier] Learner 17 到達/重返, 等待人數: 4/18
[Barrier] Learner 3 到達/重返, 等待人數: 5/18
[Barrier] Learner 15 到達/重返, 等待人數: 6/18
[Barrier] Learner 13 到達/重返, 等待人數: 7/18
[Barrier] Learner 9 到達/重返, 等待人數: 8/18
[Barrier] Learner 12 到達/重返, 等待人數: 9/18
[Barrier] Learner 1 到達/重返, 等待人數: 10/18
[Barrier] Learner 4 到達/重返, 等待人數: 11/18
[Barrier] Learner 8 到達/重返, 等待人數: 12/18
[Barrier] Learner 10 到達/重返, 等待人數: 13/18
[Barrier] Learner 0 到達/重返, 等待人數: 14/18
[Barrier] Learner 7 到達/重返, 等待人數: 15/18
[Barrier] Learner 16 到達/重返, 等待人數: 16/18
[Barrier] Learner 14 到達/重返, 等待人數: 17/18
[Barrier] Learner 5 到達/重返, 等待人數: 18/18
[Global EQ] 啟動 Leader SAT 尋找反例
[Barrier] Learner 5 到達/重返, 等待人數: 1/18
[Barrier] Learner 16 到達/重返, 等待人數: 2/18
[Barrier] Learner 17 到達/重返, 等待人數: 3/18
[Barrier] Learner 12 到達/重返, 等待人數: 4/18
[Barrier] Learner 1 到達/重返, 等待人數: 5/18
[Barrier] Learner 9 到達/重返, 等待人數: 6/18
[Barrier] Learner 8 到達/重返, 等待人數: 7/18
[Barrier] Learner 14 到達/重返, 等待人數: 8/18
[Barrier] Learner 3 到達/重返, 等待人數: 9/18
[Barrier] Learner 2 到達/重返, 等待人數: 10/18
[Barrier] Learner 4 到達/重返, 等待人數: 11/18
[Barrier] Learner 15 到達/重返, 等待人數: 12/18
[Barrier] Learner 11 到達/重返, 等待人數: 13/18
[Barrier] Learner 13 到達/重返, 等待人數: 14/18
[Barrier] Learner 6 到達/重返, 等待人數: 15/18
[Barrier] Learner 0 到達/重返, 等待人數: 16/18
[Barrier] Learner 10 到達/重返, 等待人數: 17/18
[Table] MQ/CE SAT 填 hash=0x8d4aff36415398de
[Barrier] Learner 7 到達/重返, 等待人數: 18/18
[Global EQ] 啟動 Leader SAT 尋找反例
[Barrier] Learner 7 到達/重返, 等待人數: 1/18
[Barrier] Learner 3 到達/重返, 等待人數: 2/18
[Barrier] Learner 5 到達/重返, 等待人數: 3/18
[Barrier] Learner 14 到達/重返, 等待人數: 4/18
[Barrier] Learner 15 到達/重返, 等待人數: 5/18
[Barrier] Learner 17 到達/重返, 等待人數: 6/18
[Barrier] Learner 9 到達/重返, 等待人數: 7/18
[Barrier] Learner 11 到達/重返, 等待人數: 8/18
[Barrier] Learner 16 到達/重返, 等待人數: 9/18
[Barrier] Learner 2 到達/重返, 等待人數: 10/18
[Barrier] Learner 4 到達/重返, 等待人數: 11/18
[Barrier] Learner 13 到達/重返, 等待人數: 12/18
[Barrier] Learner 12 到達/重返, 等待人數: 13/18
[Barrier] Learner 1 到達/重返, 等待人數: 14/18
[Barrier] Learner 6 到達/重返, 等待人數: 15/18
[Barrier] Learner 10 到達/重返, 等待人數: 16/18
[Barrier] Learner 0 到達/重返, 等待人數: 17/18
[Barrier] Learner 8 到達/重返, 等待人數: 18/18
[Global EQ] 啟動 Leader SAT 尋找反例
[Barrier] Learner 8 到達/重返, 等待人數: 1/18
[Barrier] Learner 16 到達/重返, 等待人數: 2/18
[Barrier] Learner 5 到達/重返, 等待人數: 3/18
[Barrier] Learner 7 到達/重返, 等待人數: 4/18
[Barrier] Learner 6 到達/重返, 等待人數: 5/18
[Barrier] Learner 13 到達/重返, 等待人數: 6/18
[Barrier] Learner 9 到達/重返, 等待人數: 7/18
[Barrier] Learner 11 到達/重返, 等待人數: 8/18
[Barrier] Learner 0 到達/重返, 等待人數: 9/18
[Barrier] Learner 1 到達/重返, 等待人數: 10/18
[Barrier] Learner 4 到達/重返, 等待人數: 11/18
[Barrier] Learner 17 到達/重返, 等待人數: 12/18
[Barrier] Learner 10 到達/重返, 等待人數: 13/18
[Barrier] Learner 2 到達/重返, 等待人數: 14/18
[Barrier] Learner 3 到達/重返, 等待人數: 15/18
[Barrier] Learner 12 到達/重返, 等待人數: 16/18
[Barrier] Learner 14 到達/重返, 等待人數: 17/18
[Barrier] Learner 15 到達/重返, 等待人數: 18/18
[Global EQ] 啟動 Leader SAT 尋找反例
[Table] MQ/CE SAT 填 hash=0x7f3bed43ae710bb
[Barrier] Learner 11 到達/重返, 等待人數: 1/18
[Barrier] Learner 10 到達/重返, 等待人數: 2/18
[Barrier] Learner 17 到達/重返, 等待人數: 3/18
[Barrier] Learner 14 到達/重返, 等待人數: 4/18
[Barrier] Learner 16 到達/重返, 等待人數: 5/18
[Barrier] Learner 7 到達/重返, 等待人數: 6/18
[Barrier] Learner 2 到達/重返, 等待人數: 7/18
[Barrier] Learner 15 到達/重返, 等待人數: 8/18
[Barrier] Learner 4 到達/重返, 等待人數: 9/18
[Barrier] Learner 13 到達/重返, 等待人數: 10/18
[Barrier] Learner 6 到達/重返, 等待人數: 11/18
[Barrier] Learner 5 到達/重返, 等待人數: 12/18
[Barrier] Learner 3 到達/重返, 等待人數: 13/18
[Barrier] Learner 1 到達/重返, 等待人數: 14/18
[Barrier] Learner 9 到達/重返, 等待人數: 15/18
[Barrier] Learner 0 到達/重返, 等待人數: 16/18
[Barrier] Learner 12 到達/重返, 等待人數: 17/18
[Barrier] Learner 8 到達/重返, 等待人數: 18/18
[Global EQ] 啟動 Leader SAT 尋找反例
[Barrier] Learner 5 到達/重返, 等待人數: 1/18
[Barrier] Learner 7 到達/重返, 等待人數: 2/18
[Barrier] Learner 16 到達/重返, 等待人數: 3/18
[Barrier] Learner 1 到達/重返, 等待人數: 4/18
[Barrier] Learner 12 到達/重返, 等待人數: 5/18
[Barrier] Learner 14 到達/重返, 等待人數: 6/18
[Barrier] Learner 8 到達/重返, 等待人數: 7/18
[Barrier] Learner 4 到達/重返, 等待人數: 8/18
[Barrier] Learner 11 到達/重返, 等待人數: 9/18
[Barrier] Learner 15 到達/重返, 等待人數: 10/18
[Barrier] Learner 6 到達/重返, 等待人數: 11/18
[Barrier] Learner 9 到達/重返, 等待人數: 12/18
[Barrier] Learner 2 到達/重返, 等待人數: 13/18
[Barrier] Learner 3 到達/重返, 等待人數: 14/18
[Barrier] Learner 17 到達/重返, 等待人數: 15/18
[Barrier] Learner 0 到達/重返, 等待人數: 16/18
[Barrier] Learner 13 到達/重返, 等待人數: 17/18
[Barrier] Learner 10 到達/重返, 等待人數: 18/18
[Global EQ] 啟動 Leader SAT 尋找反例
[Table] MQ/CE SAT 填 hash=0x26d179a8f333ceab
[Barrier] Learner 10 到達/重返, 等待人數: 1/18
[Barrier] Learner 5 到達/重返, 等待人數: 2/18
[Barrier] Learner 17 到達/重返, 等待人數: 3/18
[Barrier] Learner 9 到達/重返, 等待人數: 4/18
[Barrier] Learner 16 到達/重返, 等待人數: 5/18
[Barrier] Learner 15 到達/重返, 等待人數: 6/18
[Barrier] Learner 13 到達/重返, 等待人數: 7/18
[Barrier] Learner 1 到達/重返, 等待人數: 8/18
[Barrier] Learner 8 到達/重返, 等待人數: 9/18
[Barrier] Learner 11 到達/重返, 等待人數: 10/18
[Barrier] Learner 2 到達/重返, 等待人數: 11/18
[Barrier] Learner 6 到達/重返, 等待人數: 12/18
[Barrier] Learner 3 到達/重返, 等待人數: 13/18
[Barrier] Learner 12 到達/重返, 等待人數: 14/18
[Barrier] Learner 0 到達/重返, 等待人數: 15/18
[Barrier] Learner 14 到達/重返, 等待人數: 16/18
[Barrier] Learner 4 到達/重返, 等待人數: 17/18
[Table] MQ/CE SAT 填 hash=0x45a7ccd079c2a19f
[Barrier] Learner 7 到達/重返, 等待人數: 18/18
[Global EQ] 啟動 Leader SAT 尋找反例
[Barrier] Learner 7 到達/重返, 等待人數: 1/18
[Barrier] Learner 4 到達/重返, 等待人數: 2/18
[Barrier] Learner 8 到達/重返, 等待人數: 3/18
[Barrier] Learner 0 到達/重返, 等待人數: 4/18
[Barrier] Learner 15 到達/重返, 等待人數: 5/18
[Barrier] Learner 6 到達/重返, 等待人數: 6/18
[Barrier] Learner 5 到達/重返, 等待人數: 7/18
[Barrier] Learner 11 到達/重返, 等待人數: 8/18
[Barrier] Learner 14 到達/重返, 等待人數: 9/18
[Barrier] Learner 17 到達/重返, 等待人數: 10/18
[Barrier] Learner 16 到達/重返, 等待人數: 11/18
[Barrier] Learner 2 到達/重返, 等待人數: 12/18
[Barrier] Learner 12 到達/重返, 等待人數: 13/18
[Barrier] Learner 3 到達/重返, 等待人數: 14/18
[Barrier] Learner 10 到達/重返, 等待人數: 15/18
[Barrier] Learner 1 到達/重返, 等待人數: 16/18
[Barrier] Learner 9 到達/重返, 等待人數: 17/18
[Table] MQ/CE SAT 填 hash=0xa39fb21dc5e6196f
[Table] MQ/CE SAT 填 hash=0x6e8de4c59adcbf9f
[Table] MQ/CE SAT 填 hash=0xd2e1f17c0fddb6eb
[Barrier] Learner 13 到達/重返, 等待人數: 18/18
[Global EQ] 啟動 Leader SAT 尋找反例
[Barrier] Learner 13 到達/重返, 等待人數: 1/18
[Barrier] Learner 17 到達/重返, 等待人數: 2/18
[Barrier] Learner 7 到達/重返, 等待人數: 3/18
[Barrier] Learner 10 到達/重返, 等待人數: 4/18
[Barrier] Learner 6 到達/重返, 等待人數: 5/18
[Barrier] Learner 9 到達/重返, 等待人數: 6/18
[Barrier] Learner 11 到達/重返, 等待人數: 7/18
[Barrier] Learner 3 到達/重返, 等待人數: 8/18
[Barrier] Learner 0 到達/重返, 等待人數: 9/18
[Barrier] Learner 1 到達/重返, 等待人數: 10/18
[Barrier] Learner 15 到達/重返, 等待人數: 11/18
[Barrier] Learner 8 到達/重返, 等待人數: 12/18
[Barrier] Learner 5 到達/重返, 等待人數: 13/18
[Barrier] Learner 16 到達/重返, 等待人數: 14/18
[Barrier] Learner 4 到達/重返, 等待人數: 15/18
[Barrier] Learner 2 到達/重返, 等待人數: 16/18
[Barrier] Learner 14 到達/重返, 等待人數: 17/18
[Barrier] Learner 12 到達/重返, 等待人數: 18/18
[Global EQ] 啟動 Leader SAT 尋找反例
[Barrier] Learner 10 到達/重返, 等待人數: 1/18
[Barrier] Learner 0 到達/重返, 等待人數: 2/18
[Barrier] Learner 7 到達/重返, 等待人數: 3/18
[Barrier] Learner 2 到達/重返, 等待人數: 4/18
[Barrier] Learner 6 到達/重返, 等待人數: 5/18
[Barrier] Learner 4 到達/重返, 等待人數: 6/18
[Barrier] Learner 5 到達/重返, 等待人數: 7/18
[Barrier] Learner 14 到達/重返, 等待人數: 8/18
[Barrier] Learner 12 到達/重返, 等待人數: 9/18
[Barrier] Learner 1 到達/重返, 等待人數: 10/18
[Barrier] Learner 17 到達/重返, 等待人數: 11/18
[Barrier] Learner 8 到達/重返, 等待人數: 12/18
[Barrier] Learner 11 到達/重返, 等待人數: 13/18
[Barrier] Learner 16 到達/重返, 等待人數: 14/18
[Barrier] Learner 15 到達/重返, 等待人數: 15/18
[Barrier] Learner 9 到達/重返, 等待人數: 16/18
[Barrier] Learner 3 到達/重返, 等待人數: 17/18
[Barrier] Learner 13 到達/重返, 等待人數: 18/18
[Global EQ] 啟動 Leader SAT 尋找反例
[Barrier] Learner 13 到達/重返, 等待人數: 1/18
[Barrier] Learner 1 到達/重返, 等待人數: 2/18
[Barrier] Learner 4 到達/重返, 等待人數: 3/18
[Barrier] Learner 11 到達/重返, 等待人數: 4/18
[Barrier] Learner 3 到達/重返, 等待人數: 5/18
[Barrier] Learner 14 到達/重返, 等待人數: 6/18
[Barrier] Learner 8 到達/重返, 等待人數: 7/18
[Barrier] Learner 9 到達/重返, 等待人數: 8/18
[Barrier] Learner 2 到達/重返, 等待人數: 9/18
[Barrier] Learner 12 到達/重返, 等待人數: 10/18
[Barrier] Learner 5 到達/重返, 等待人數: 11/18
[Barrier] Learner 17 到達/重返, 等待人數: 12/18
[Barrier] Learner 15 到達/重返, 等待人數: 13/18
[Barrier] Learner 10 到達/重返, 等待人數: 14/18
[Barrier] Learner 0 到達/重返, 等待人數: 15/18
[Barrier] Learner 16 到達/重返, 等待人數: 16/18
[Barrier] Learner 6 到達/重返, 等待人數: 17/18
[Table] MQ/CE SAT 填 hash=0x3962deb68fbb6c1a
[Table] MQ/CE SAT 填 hash=0x3c359160c27be6da
[Barrier] Learner 7 到達/重返, 等待人數: 18/18
[Global EQ] 啟動 Leader SAT 尋找反例
[Barrier] Learner 5 到達/重返, 等待人數: 1/18
[Barrier] Learner 12 到達/重返, 等待人數: 2/18
[Barrier] Learner 15 到達/重返, 等待人數: 3/18
[Barrier] Learner 13 到達/重返, 等待人數: 4/18
[Barrier] Learner 2 到達/重返, 等待人數: 5/18
[Barrier] Learner 3 到達/重返, 等待人數: 6/18
[Barrier] Learner 11 到達/重返, 等待人數: 7/18
[Barrier] Learner 16 到達/重返, 等待人數: 8/18
[Barrier] Learner 1 到達/重返, 等待人數: 9/18
[Barrier] Learner 14 到達/重返, 等待人數: 10/18
[Barrier] Learner 6 到達/重返, 等待人數: 11/18
[Barrier] Learner 8 到達/重返, 等待人數: 12/18
[Barrier] Learner 0 到達/重返, 等待人數: 13/18
[Barrier] Learner 9 到達/重返, 等待人數: 14/18
[Barrier] Learner 4 到達/重返, 等待人數: 15/18
[Barrier] Learner 10 到達/重返, 等待人數: 16/18
[Barrier] Learner 7 到達/重返, 等待人數: 17/18
[Barrier] Learner 17 到達/重返, 等待人數: 18/18
[Global EQ] 啟動 Leader SAT 尋找反例
[Barrier] Learner 17 到達/重返, 等待人數: 1/18
[Barrier] Learner 0 到達/重返, 等待人數: 2/18
[Barrier] Learner 2 到達/重返, 等待人數: 3/18
[Barrier] Learner 8 到達/重返, 等待人數: 4/18
[Barrier] Learner 16 到達/重返, 等待人數: 5/18
[Barrier] Learner 12 到達/重返, 等待人數: 6/18
[Barrier] Learner 6 到達/重返, 等待人數: 7/18
[Barrier] Learner 4 到達/重返, 等待人數: 8/18
[Barrier] Learner 3 到達/重返, 等待人數: 9/18
[Barrier] Learner 10 到達/重返, 等待人數: 10/18
[Barrier] Learner 1 到達/重返, 等待人數: 11/18
[Barrier] Learner 15 到達/重返, 等待人數: 12/18
[Barrier] Learner 11 到達/重返, 等待人數: 13/18
[Barrier] Learner 5 到達/重返, 等待人數: 14/18
[Barrier] Learner 9 到達/重返, 等待人數: 15/18
[Barrier] Learner 14 到達/重返, 等待人數: 16/18
[Barrier] Learner 13 到達/重返, 等待人數: 17/18
[Table] MQ/CE SAT 填 hash=0xea0e5d858af14dff
[Table] MQ/CE SAT 填 hash=0x4e626a3bfff2454b
[Table] MQ/CE SAT 填 hash=0x4b8fb791cd31ca8b
[Barrier] Learner 7 到達/重返, 等待人數: 18/18
[Global EQ] 啟動 Leader SAT 尋找反例
[Barrier] Learner 16 到達/重返, 等待人數: 1/18
[Barrier] Learner 12 到達/重返, 等待人數: 2/18
[Barrier] Learner 6 到達/重返, 等待人數: 3/18
[Barrier] Learner 15 到達/重返, 等待人數: 4/18
[Barrier] Learner 7 到達/重返, 等待人數: 5/18
[Barrier] Learner 3 到達/重返, 等待人數: 6/18
[Barrier] Learner 2 到達/重返, 等待人數: 7/18
[Barrier] Learner 17 到達/重返, 等待人數: 8/18
[Barrier] Learner 1 到達/重返, 等待人數: 9/18
[Barrier] Learner 14 到達/重返, 等待人數: 10/18
[Barrier] Learner 8 到達/重返, 等待人數: 11/18
[Barrier] Learner 9 到達/重返, 等待人數: 12/18
[Barrier] Learner 5 到達/重返, 等待人數: 13/18
[Barrier] Learner 13 到達/重返, 等待人數: 14/18
[Barrier] Learner 11 到達/重返, 等待人數: 15/18
[Table] MQ/CE SAT 填 hash=0x351b4035a483f266
[Table] MQ/CE SAT 填 hash=0x106537a0f20c6a72
[Barrier] Learner 0 到達/重返, 等待人數: 16/18
[Table] MQ/CE SAT 填 hash=0x308787028f93eac6
[Table] MQ/CE SAT 填 hash=0x62072cfa67593d46
[Table] MQ/CE SAT 填 hash=0x3e523db1d651be36
[Table] MQ/CE SAT 填 hash=0x634313ac84d19452
[Table] MQ/CE SAT 填 hash=0xdb536a48c70310a2
[Barrier] Learner 10 到達/重返, 等待人數: 17/18
[Table] MQ/CE SAT 填 hash=0x6d9c37a5aadb5f8
[Table] MQ/CE SAT 填 hash=0xe37027ad489f7c31
[Barrier] Learner 4 到達/重返, 等待人數: 18/18
[Global EQ] 啟動 Leader SAT 尋找反例
[Barrier] Learner 2 到達/重返, 等待人數: 1/18
[Barrier] Learner 15 到達/重返, 等待人數: 2/18
[Barrier] Learner 9 到達/重返, 等待人數: 3/18
[Barrier] Learner 3 到達/重返, 等待人數: 4/18
[Barrier] Learner 11 到達/重返, 等待人數: 5/18
[Barrier] Learner 5 到達/重返, 等待人數: 6/18
[Barrier] Learner 16 到達/重返, 等待人數: 7/18
[Barrier] Learner 1 到達/重返, 等待人數: 8/18
[Barrier] Learner 14 到達/重返, 等待人數: 9/18
[Barrier] Learner 6 到達/重返, 等待人數: 10/18
[Barrier] Learner 4 到達/重返, 等待人數: 11/18
[Barrier] Learner 13 到達/重返, 等待人數: 12/18
[Barrier] Learner 17 到達/重返, 等待人數: 13/18
[Barrier] Learner 10 到達/重返, 等待人數: 14/18
[Barrier] Learner 8 到達/重返, 等待人數: 15/18
[Barrier] Learner 12 到達/重返, 等待人數: 16/18
[Barrier] Learner 0 到達/重返, 等待人數: 17/18
[Table] MQ/CE SAT 填 hash=0x170316d0130f946a
[Table] MQ/CE SAT 填 hash=0x42bbe16f66ea2d2a
[Table] MQ/CE SAT 填 hash=0x100054c571ac839e
[Table] MQ/CE SAT 填 hash=0x700cc2fafb760136
[Barrier] Learner 7 到達/重返, 等待人數: 18/18
[Global EQ] 啟動 Leader SAT 尋找反例
[Barrier] Learner 9 到達/重返, 等待人數: 1/18
[Barrier] Learner 17 到達/重返, 等待人數: 2/18
[Barrier] Learner 2 到達/重返, 等待人數: 3/18
[Barrier] Learner 12 到達/重返, 等待人數: 4/18
[Barrier] Learner 3 到達/重返, 等待人數: 5/18
[Barrier] Learner 10 到達/重返, 等待人數: 6/18
[Barrier] Learner 11 到達/重返, 等待人數: 7/18
[Barrier] Learner 1 到達/重返, 等待人數: 8/18
[Barrier] Learner 14 到達/重返, 等待人數: 9/18
[Barrier] Learner 6 到達/重返, 等待人數: 10/18
[Barrier] Learner 15 到達/重返, 等待人數: 11/18
[Barrier] Learner 13 到達/重返, 等待人數: 12/18
[Barrier] Learner 0 到達/重返, 等待人數: 13/18
[Barrier] Learner 4 到達/重返, 等待人數: 14/18
[Barrier] Learner 16 到達/重返, 等待人數: 15/18
[Barrier] Learner 8 到達/重返, 等待人數: 16/18
[Barrier] Learner 5 到達/重返, 等待人數: 17/18
[Table] MQ/CE SAT 填 hash=0xe13a876324a9b09e
[Table] MQ/CE SAT 填 hash=0xac28ba0af9a056ce
[Table] MQ/CE SAT 填 hash=0xdee446b4eede005a
[Table] MQ/CE SAT 填 hash=0xe26653c6b33d1a1a
[Barrier] Learner 7 到達/重返, 等待人數: 18/18
[Global EQ] 啟動 Leader SAT 尋找反例
[Table] MQ/CE SAT 填 hash=0x1f4e564cd1c00d58
[Barrier] Learner 2 到達/重返, 等待人數: 1/18
[Barrier] Learner 12 到達/重返, 等待人數: 2/18
[Barrier] Learner 14 到達/重返, 等待人數: 3/18
[Barrier] Learner 10 到達/重返, 等待人數: 4/18
[Barrier] Learner 5 到達/重返, 等待人數: 5/18
[Barrier] Learner 4 到達/重返, 等待人數: 6/18
[Barrier] Learner 13 到達/重返, 等待人數: 7/18
[Barrier] Learner 1 到達/重返, 等待人數: 8/18
[Barrier] Learner 0 到達/重返, 等待人數: 9/18
[Barrier] Learner 15 到達/重返, 等待人數: 10/18
[Barrier] Learner 8 到達/重返, 等待人數: 11/18
[Barrier] Learner 6 到達/重返, 等待人數: 12/18
[Barrier] Learner 7 到達/重返, 等待人數: 13/18
[Barrier] Learner 11 到達/重返, 等待人數: 14/18
[Barrier] Learner 16 到達/重返, 等待人數: 15/18
[Barrier] Learner 3 到達/重返, 等待人數: 16/18
[Barrier] Learner 17 到達/重返, 等待人數: 17/18
[Table] MQ/CE SAT 填 hash=0xea3c88f4a6b6b388
[Table] MQ/CE SAT 填 hash=0x1cf8159e9bf45d14
[Table] MQ/CE SAT 填 hash=0xc7dcc10e2a0adbd8
[Table] MQ/CE SAT 填 hash=0x5db9265dd3f82838
[Table] MQ/CE SAT 填 hash=0x9074b307c935d1c4
[Table] MQ/CE SAT 填 hash=0x2eebf14e55376a3c
[Table] MQ/CE SAT 填 hash=0x255055b47301bd16
[Table] MQ/CE SAT 填 hash=0xa3e6fc5f59a17fb6
[Table] MQ/CE SAT 填 hash=0xd566a2573166d236
[Table] MQ/CE SAT 填 hash=0xdcf641061ecb9556
[Table] MQ/CE SAT 填 hash=0x6265a7ba3f8f88c0
[Table] MQ/CE SAT 填 hash=0x7bc36e0f3a2e5d86
[Table] MQ/CE SAT 填 hash=0x10e1a99cef0134ee
[Table] MQ/CE SAT 填 hash=0xd91dc9fea30d450f
[Table] MQ/CE SAT 填 hash=0xb8c0b9f6b5ad646e
[Table] MQ/CE SAT 填 hash=0xdec32f53088e3a8f
[Table] MQ/CE SAT 填 hash=0xd5f9c8b2aa21b2e
[Table] MQ/CE SAT 填 hash=0x847ee76a2e188e4f
[Table] MQ/CE SAT 填 hash=0x915accd4d63a48ae
[Table] MQ/CE SAT 填 hash=0x87a17b3d9b0bbcf
[Table] MQ/CE SAT 填 hash=0x864a60d5149d1916
[Barrier] Learner 9 到達/重返, 等待人數: 18/18
[Global EQ] 啟動 Leader SAT 尋找反例
[Barrier] Learner 9 到達/重返, 等待人數: 1/18
[Barrier] Learner 12 到達/重返, 等待人數: 2/18
[Barrier] Learner 10 到達/重返, 等待人數: 3/18
[Barrier] Learner 0 到達/重返, 等待人數: 4/18
[Barrier] Learner 15 到達/重返, 等待人數: 5/18
[Barrier] Learner 1 到達/重返, 等待人數: 6/18
[Barrier] Learner 17 到達/重返, 等待人數: 7/18
[Barrier] Learner 5 到達/重返, 等待人數: 8/18
[Barrier] Learner 4 到達/重返, 等待人數: 9/18
[Barrier] Learner 6 到達/重返, 等待人數: 10/18
[Barrier] Learner 2 到達/重返, 等待人數: 11/18
[Barrier] Learner 8 到達/重返, 等待人數: 12/18
[Barrier] Learner 7 到達/重返, 等待人數: 13/18
[Barrier] Learner 11 到達/重返, 等待人數: 14/18
[Barrier] Learner 3 到達/重返, 等待人數: 15/18
[Barrier] Learner 14 到達/重返, 等待人數: 16/18
[Barrier] Learner 13 到達/重返, 等待人數: 17/18
[Barrier] Learner 16 到達/重返, 等待人數: 18/18
[Global EQ] 啟動 Leader SAT 尋找反例
[Barrier] Learner 16 到達/重返, 等待人數: 1/18
[Barrier] Learner 15 到達/重返, 等待人數: 2/18
[Barrier] Learner 12 到達/重返, 等待人數: 3/18
[Barrier] Learner 6 到達/重返, 等待人數: 4/18
[Barrier] Learner 4 到達/重返, 等待人數: 5/18
[Barrier] Learner 8 到達/重返, 等待人數: 6/18
[Barrier] Learner 11 到達/重返, 等待人數: 7/18
[Barrier] Learner 3 到達/重返, 等待人數: 8/18
[Barrier] Learner 1 到達/重返, 等待人數: 9/18
[Barrier] Learner 14 到達/重返, 等待人數: 10/18
[Barrier] Learner 0 到達/重返, 等待人數: 11/18
[Barrier] Learner 9 到達/重返, 等待人數: 12/18
[Barrier] Learner 13 到達/重返, 等待人數: 13/18
[Barrier] Learner 10 到達/重返, 等待人數: 14/18
[Barrier] Learner 2 到達/重返, 等待人數: 15/18
[Barrier] Learner 7 到達/重返, 等待人數: 16/18
[Barrier] Learner 17 到達/重返, 等待人數: 17/18
[Barrier] Learner 5 到達/重返, 等待人數: 18/18
[Global EQ] 啟動 Leader SAT 尋找反例
[Barrier] Learner 5 到達/重返, 等待人數: 1/18
[Barrier] Learner 3 到達/重返, 等待人數: 2/18
[Barrier] Learner 11 到達/重返, 等待人數: 3/18
[Barrier] Learner 6 到達/重返, 等待人數: 4/18
[Barrier] Learner 4 到達/重返, 等待人數: 5/18
[Barrier] Learner 10 到達/重返, 等待人數: 6/18
[Barrier] Learner 17 到達/重返, 等待人數: 7/18
[Barrier] Learner 15 到達/重返, 等待人數: 8/18
[Barrier] Learner 1 到達/重返, 等待人數: 9/18
[Barrier] Learner 14 到達/重返, 等待人數: 10/18
[Barrier] Learner 0 到達/重返, 等待人數: 11/18
[Barrier] Learner 13 到達/重返, 等待人數: 12/18
[Barrier] Learner 16 到達/重返, 等待人數: 13/18
[Barrier] Learner 8 到達/重返, 等待人數: 14/18
[Barrier] Learner 2 到達/重返, 等待人數: 15/18
[Barrier] Learner 9 到達/重返, 等待人數: 16/18
[Barrier] Learner 12 到達/重返, 等待人數: 17/18
[Table] MQ/CE SAT 填 hash=0x458e941999aaa7ea
[Table] MQ/CE SAT 填 hash=0x107cc6c16ea14e1a
[Table] MQ/CE SAT 填 hash=0xf71f006c74027954
[Barrier] Learner 7 到達/重返, 等待人數: 18/18
[Global EQ] 啟動 Leader SAT 尋找反例
[Barrier] Learner 16 到達/重返, 等待人數: 1/18
[Barrier] Learner 12 到達/重返, 等待人數: 2/18
[Barrier] Learner 2 到達/重返, 等待人數: 3/18
[Barrier] Learner 7 到達/重返, 等待人數: 4/18
[Barrier] Learner 13 到達/重返, 等待人數: 5/18
[Barrier] Learner 5 到達/重返, 等待人數: 6/18
[Barrier] Learner 1 到達/重返, 等待人數: 7/18
[Barrier] Learner 3 到達/重返, 等待人數: 8/18
[Barrier] Learner 17 到達/重返, 等待人數: 9/18
[Barrier] Learner 0 到達/重返, 等待人數: 10/18
[Barrier] Learner 10 到達/重返, 等待人數: 11/18
[Barrier] Learner 4 到達/重返, 等待人數: 12/18
[Barrier] Learner 9 到達/重返, 等待人數: 13/18
[Barrier] Learner 11 到達/重返, 等待人數: 14/18
[Barrier] Learner 14 到達/重返, 等待人數: 15/18
[Barrier] Learner 15 到達/重返, 等待人數: 16/18
[Barrier] Learner 6 到達/重返, 等待人數: 17/18
[Barrier] Learner 8 到達/重返, 等待人數: 18/18
[Global EQ] 啟動 Leader SAT 尋找反例
[Table] MQ/CE SAT 填 hash=0x3fd445c70708a2eb
[Barrier] Learner 8 到達/重返, 等待人數: 1/18
[Barrier] Learner 7 到達/重返, 等待人數: 2/18
[Barrier] Learner 16 到達/重返, 等待人數: 3/18
[Barrier] Learner 5 到達/重返, 等待人數: 4/18
[Barrier] Learner 4 到達/重返, 等待人數: 5/18
[Barrier] Learner 17 到達/重返, 等待人數: 6/18
[Barrier] Learner 13 到達/重返, 等待人數: 7/18
[Barrier] Learner 14 到達/重返, 等待人數: 8/18
[Barrier] Learner 10 到達/重返, 等待人數: 9/18
[Barrier] Learner 9 到達/重返, 等待人數: 10/18
[Barrier] Learner 2 到達/重返, 等待人數: 11/18
[Barrier] Learner 0 到達/重返, 等待人數: 12/18
[Barrier] Learner 12 到達/重返, 等待人數: 13/18
[Barrier] Learner 11 到達/重返, 等待人數: 14/18
[Barrier] Learner 6 到達/重返, 等待人數: 15/18
[Barrier] Learner 3 到達/重返, 等待人數: 16/18
[Barrier] Learner 1 到達/重返, 等待人數: 17/18
[Barrier] Learner 15 到達/重返, 等待人數: 18/18
[Global EQ] 啟動 Leader SAT 尋找反例
[Barrier] Learner 15 到達/重返, 等待人數: 1/18
[Barrier] Learner 17 到達/重返, 等待人數: 2/18
[Barrier] Learner 2 到達/重返, 等待人數: 3/18
[Barrier] Learner 12 到達/重返, 等待人數: 4/18
[Barrier] Learner 5 到達/重返, 等待人數: 5/18
[Barrier] Learner 8 到達/重返, 等待人數: 6/18
[Barrier] Learner 0 到達/重返, 等待人數: 7/18
[Barrier] Learner 13 到達/重返, 等待人數: 8/18
[Barrier] Learner 14 到達/重返, 等待人數: 9/18
[Barrier] Learner 9 到達/重返, 等待人數: 10/18
[Barrier] Learner 1 到達/重返, 等待人數: 11/18
[Barrier] Learner 11 到達/重返, 等待人數: 12/18
[Barrier] Learner 4 到達/重返, 等待人數: 13/18
[Barrier] Learner 6 到達/重返, 等待人數: 14/18
[Barrier] Learner 7 到達/重返, 等待人數: 15/18
[Barrier] Learner 10 到達/重返, 等待人數: 16/18
[Barrier] Learner 3 到達/重返, 等待人數: 17/18
[Barrier] Learner 16 到達/重返, 等待人數: 18/18
[Global EQ] 啟動 Leader SAT 尋找反例
[Table] MQ/CE SAT 填 hash=0x308f5f3d4ac2768f
[Barrier] Learner 16 到達/重返, 等待人數: 1/18
[Barrier] Learner 6 到達/重返, 等待人數: 2/18
[Barrier] Learner 0 到達/重返, 等待人數: 3/18
[Barrier] Learner 5 到達/重返, 等待人數: 4/18
[Barrier] Learner 3 到達/重返, 等待人數: 5/18
[Barrier] Learner 11 到達/重返, 等待人數: 6/18
[Barrier] Learner 8 到達/重返, 等待人數: 7/18
[Barrier] Learner 2 到達/重返, 等待人數: 8/18
[Barrier] Learner 13 到達/重返, 等待人數: 9/18
[Barrier] Learner 7 到達/重返, 等待人數: 10/18
[Barrier] Learner 14 到達/重返, 等待人數: 11/18
[Barrier] Learner 9 到達/重返, 等待人數: 12/18
[Barrier] Learner 4 到達/重返, 等待人數: 13/18
[Barrier] Learner 12 到達/重返, 等待人數: 14/18
[Barrier] Learner 17 到達/重返, 等待人數: 15/18
[Barrier] Learner 1 到達/重返, 等待人數: 16/18
[Barrier] Learner 10 到達/重返, 等待人數: 17/18
[Table] MQ/CE SAT 填 hash=0xfb7d91e51fb91cbf
[Table] MQ/CE SAT 填 hash=0x60f4ab390a346fd7
[Barrier] Learner 15 到達/重返, 等待人數: 18/18
[Global EQ] 啟動 Leader SAT 尋找反例
[Barrier] Learner 5 到達/重返, 等待人數: 1/18
[Barrier] Learner 15 到達/重返, 等待人數: 2/18
[Barrier] Learner 11 到達/重返, 等待人數: 3/18
[Barrier] Learner 12 到達/重返, 等待人數: 4/18
[Barrier] Learner 10 到達/重返, 等待人數: 5/18
[Barrier] Learner 0 到達/重返, 等待人數: 6/18
[Barrier] Learner 6 到達/重返, 等待人數: 7/18
[Barrier] Learner 3 到達/重返, 等待人數: 8/18
[Barrier] Learner 14 到達/重返, 等待人數: 9/18
[Barrier] Learner 1 到達/重返, 等待人數: 10/18
[Barrier] Learner 8 到達/重返, 等待人數: 11/18
[Barrier] Learner 9 到達/重返, 等待人數: 12/18
[Barrier] Learner 7 到達/重返, 等待人數: 13/18
[Barrier] Learner 2 到達/重返, 等待人數: 14/18
[Barrier] Learner 17 到達/重返, 等待人數: 15/18
[Barrier] Learner 4 到達/重返, 等待人數: 16/18
[Barrier] Learner 16 到達/重返, 等待人數: 17/18
[Table] MQ/CE SAT 填 hash=0x34cf9611043c0547
[Table] MQ/CE SAT 填 hash=0x852e41d1bfb72d4f
[Barrier] Learner 13 到達/重返, 等待人數: 18/18
[Global EQ] 啟動 Leader SAT 尋找反例
[Barrier] Learner 6 到達/重返, 等待人數: 1/18
[Barrier] Learner 7 到達/重返, 等待人數: 2/18
[Barrier] Learner 10 到達/重返, 等待人數: 3/18
[Barrier] Learner 11 到達/重返, 等待人數: 4/18
[Barrier] Learner 12 到達/重返, 等待人數: 5/18
[Barrier] Learner 2 到達/重返, 等待人數: 6/18
[Barrier] Learner 16 到達/重返, 等待人數: 7/18
[Barrier] Learner 1 到達/重返, 等待人數: 8/18
[Barrier] Learner 0 到達/重返, 等待人數: 9/18
[Barrier] Learner 5 到達/重返, 等待人數: 10/18
[Barrier] Learner 4 到達/重返, 等待人數: 11/18
[Barrier] Learner 9 到達/重返, 等待人數: 12/18
[Barrier] Learner 14 到達/重返, 等待人數: 13/18
[Barrier] Learner 17 到達/重返, 等待人數: 14/18
[Barrier] Learner 3 到達/重返, 等待人數: 15/18
[Barrier] Learner 8 到達/重返, 等待人數: 16/18
[Barrier] Learner 15 到達/重返, 等待人數: 17/18
[Table] MQ/CE SAT 填 hash=0x2224f84c879c6e23
[Table] MQ/CE SAT 填 hash=0x860095ced04e28b
[Barrier] Learner 13 到達/重返, 等待人數: 18/18
[Global EQ] 啟動 Leader SAT 尋找反例
[Barrier] Learner 11 到達/重返, 等待人數: 1/18
[Barrier] Learner 13 到達/重返, 等待人數: 2/18
[Barrier] Learner 2 到達/重返, 等待人數: 3/18
[Barrier] Learner 14 到達/重返, 等待人數: 4/18
[Barrier] Learner 3 到達/重返, 等待人數: 5/18
[Barrier] Learner 17 到達/重返, 等待人數: 6/18
[Barrier] Learner 15 到達/重返, 等待人數: 7/18
[Barrier] Learner 7 到達/重返, 等待人數: 8/18
[Barrier] Learner 4 到達/重返, 等待人數: 9/18
[Barrier] Learner 0 到達/重返, 等待人數: 10/18
[Barrier] Learner 5 到達/重返, 等待人數: 11/18
[Barrier] Learner 10 到達/重返, 等待人數: 12/18
[Barrier] Learner 6 到達/重返, 等待人數: 13/18
[Barrier] Learner 9 到達/重返, 等待人數: 14/18
[Barrier] Learner 8 到達/重返, 等待人數: 15/18
[Barrier] Learner 1 到達/重返, 等待人數: 16/18
[Barrier] Learner 16 到達/重返, 等待人數: 17/18
[Table] MQ/CE SAT 填 hash=0x936bbaf7dae6b403
[Table] MQ/CE SAT 填 hash=0x67b2f058870c1b43
[Table] MQ/CE SAT 填 hash=0x32a123005c02c173
[Table] MQ/CE SAT 填 hash=0x9f0ad6eb9d0a2cab
[Table] MQ/CE SAT 填 hash=0x2a6b2ce4fa4e5c2f
[Table] MQ/CE SAT 填 hash=0x34ce038466df7f56
[Table] MQ/CE SAT 填 hash=0x664da97c3ea4d1d6
[Table] MQ/CE SAT 填 hash=0xa79be73982d24996
[Barrier] Learner 12 到達/重返, 等待人數: 18/18
[Global EQ] 啟動 Leader SAT 尋找反例
[Barrier] Learner 12 到達/重返, 等待人數: 1/18
[Barrier] Learner 17 到達/重返, 等待人數: 2/18
[Barrier] Learner 0 到達/重返, 等待人數: 3/18
[Barrier] Learner 1 到達/重返, 等待人數: 4/18
[Barrier] Learner 8 到達/重返, 等待人數: 5/18
[Barrier] Learner 3 到達/重返, 等待人數: 6/18
[Barrier] Learner 14 到達/重返, 等待人數: 7/18
[Barrier] Learner 15 到達/重返, 等待人數: 8/18
[Barrier] Learner 2 到達/重返, 等待人數: 9/18
[Barrier] Learner 6 到達/重返, 等待人數: 10/18
[Barrier] Learner 4 到達/重返, 等待人數: 11/18
[Barrier] Learner 11 到達/重返, 等待人數: 12/18
[Barrier] Learner 13 到達/重返, 等待人數: 13/18
[Barrier] Learner 10 到達/重返, 等待人數: 14/18
[Barrier] Learner 5 到達/重返, 等待人數: 15/18
[Barrier] Learner 16 到達/重返, 等待人數: 16/18
[Table] MQ/CE SAT 填 hash=0x66867e7ae2c425fb
[Table] MQ/CE SAT 填 hash=0x542b7a3089886201
[Table] MQ/CE SAT 填 hash=0xb1159c41bd2d91af
[Table] MQ/CE SAT 填 hash=0xeeb460dc9f0d0ee9
[Table] MQ/CE SAT 填 hash=0xae42e9978a6d16ef
[Table] MQ/CE SAT 填 hash=0xd5569a87a46e3a23
[Table] MQ/CE SAT 填 hash=0x58925ae1c4e7724f
[Barrier] Learner 7 到達/重返, 等待人數: 17/18
[Table] MQ/CE SAT 填 hash=0x6a74d6155941118b
[Table] MQ/CE SAT 填 hash=0x64cf70c0f3c01c0b
[Table] MQ/CE SAT 填 hash=0xf1ee20b2e3a776b
[Table] MQ/CE SAT 填 hash=0xee22fdb1322ceeeb
[Table] MQ/CE SAT 填 hash=0x8809a65518357553
[Barrier] Learner 9 到達/重返, 等待人數: 18/18
[Global EQ] 啟動 Leader SAT 尋找反例
[Barrier] Learner 9 到達/重返, 等待人數: 1/18
[Barrier] Learner 2 到達/重返, 等待人數: 2/18
[Barrier] Learner 12 到達/重返, 等待人數: 3/18
[Barrier] Learner 3 到達/重返, 等待人數: 4/18
[Barrier] Learner 16 到達/重返, 等待人數: 5/18
[Barrier] Learner 0 到達/重返, 等待人數: 6/18
[Barrier] Learner 7 到達/重返, 等待人數: 7/18
[Barrier] Learner 1 到達/重返, 等待人數: 8/18
[Barrier] Learner 14 到達/重返, 等待人數: 9/18
[Barrier] Learner 15 到達/重返, 等待人數: 10/18
[Barrier] Learner 6 到達/重返, 等待人數: 11/18
[Barrier] Learner 13 到達/重返, 等待人數: 12/18
[Barrier] Learner 8 到達/重返, 等待人數: 13/18
[Barrier] Learner 17 到達/重返, 等待人數: 14/18
[Barrier] Learner 11 到達/重返, 等待人數: 15/18
[Barrier] Learner 4 到達/重返, 等待人數: 16/18
[Barrier] Learner 10 到達/重返, 等待人數: 17/18
[Barrier] Learner 5 到達/重返, 等待人數: 18/18
[Global EQ] 啟動 Leader SAT 尋找反例
[Barrier] Learner 5 到達/重返, 等待人數: 1/18
[Barrier] Learner 10 到達/重返, 等待人數: 2/18
[Barrier] Learner 12 到達/重返, 等待人數: 3/18
[Barrier] Learner 13 到達/重返, 等待人數: 4/18
[Barrier] Learner 16 到達/重返, 等待人數: 5/18
[Barrier] Learner 4 到達/重返, 等待人數: 6/18
[Barrier] Learner 0 到達/重返, 等待人數: 7/18
[Barrier] Learner 7 到達/重返, 等待人數: 8/18
[Barrier] Learner 14 到達/重返, 等待人數: 9/18
[Barrier] Learner 17 到達/重返, 等待人數: 10/18
[Barrier] Learner 3 到達/重返, 等待人數: 11/18
[Barrier] Learner 15 到達/重返, 等待人數: 12/18
[Barrier] Learner 2 到達/重返, 等待人數: 13/18
[Barrier] Learner 6 到達/重返, 等待人數: 14/18
[Barrier] Learner 8 到達/重返, 等待人數: 15/18
[Barrier] Learner 11 到達/重返, 等待人數: 16/18
[Barrier] Learner 9 到達/重返, 等待人數: 17/18
[Barrier] Learner 1 到達/重返, 等待人數: 18/18
[Global EQ] 啟動 Leader SAT 尋找反例
[Barrier] Learner 1 到達/重返, 等待人數: 1/18
[Barrier] Learner 13 到達/重返, 等待人數: 2/18
[Barrier] Learner 17 到達/重返, 等待人數: 3/18
[Barrier] Learner 15 到達/重返, 等待人數: 4/18
[Barrier] Learner 6 到達/重返, 等待人數: 5/18
[Barrier] Learner 16 到達/重返, 等待人數: 6/18
[Barrier] Learner 9 到達/重返, 等待人數: 7/18
[Barrier] Learner 5 到達/重返, 等待人數: 8/18
[Barrier] Learner 3 到達/重返, 等待人數: 9/18
[Barrier] Learner 14 到達/重返, 等待人數: 10/18
[Barrier] Learner 7 到達/重返, 等待人數: 11/18
[Barrier] Learner 11 到達/重返, 等待人數: 12/18
[Barrier] Learner 12 到達/重返, 等待人數: 13/18
[Barrier] Learner 2 到達/重返, 等待人數: 14/18
[Barrier] Learner 8 到達/重返, 等待人數: 15/18
[Table] MQ/CE SAT 填 hash=0xe4ac6d019e31d1b2
[Table] MQ/CE SAT 填 hash=0xb1f0e057a8f42826
[Barrier] Learner 4 到達/重返, 等待人數: 16/18
[Barrier] Learner 10 到達/重返, 等待人數: 17/18
[Barrier] Learner 0 到達/重返, 等待人數: 18/18
[Global EQ] 啟動 Leader SAT 尋找反例
[Barrier] Learner 0 到達/重返, 等待人數: 1/18
[Barrier] Learner 2 到達/重返, 等待人數: 2/18
[Barrier] Learner 6 到達/重返, 等待人數: 3/18
[Barrier] Learner 11 到達/重返, 等待人數: 4/18
[Barrier] Learner 14 到達/重返, 等待人數: 5/18
[Barrier] Learner 9 到達/重返, 等待人數: 6/18
[Barrier] Learner 17 到達/重返, 等待人數: 7/18
[Barrier] Learner 15 到達/重返, 等待人數: 8/18
[Barrier] Learner 4 到達/重返, 等待人數: 9/18
[Barrier] Learner 5 到達/重返, 等待人數: 10/18
[Barrier] Learner 1 到達/重返, 等待人數: 11/18
[Barrier] Learner 13 到達/重返, 等待人數: 12/18
[Barrier] Learner 12 到達/重返, 等待人數: 13/18
[Barrier] Learner 10 到達/重返, 等待人數: 14/18
[Barrier] Learner 16 到達/重返, 等待人數: 15/18
[Barrier] Learner 7 到達/重返, 等待人數: 16/18
[Barrier] Learner 3 到達/重返, 等待人數: 17/18
[Barrier] Learner 8 到達/重返, 等待人數: 18/18
[Global EQ] 啟動 Leader SAT 尋找反例
[Barrier] Learner 6 到達/重返, 等待人數: 1/18
[Barrier] Learner 11 到達/重返, 等待人數: 2/18
[Barrier] Learner 16 到達/重返, 等待人數: 3/18
[Barrier] Learner 2 到達/重返, 等待人數: 4/18
[Barrier] Learner 8 到達/重返, 等待人數: 5/18
[Barrier] Learner 0 到達/重返, 等待人數: 6/18
[Barrier] Learner 4 到達/重返, 等待人數: 7/18
[Barrier] Learner 3 到達/重返, 等待人數: 8/18
[Barrier] Learner 10 到達/重返, 等待人數: 9/18
[Barrier] Learner 13 到達/重返, 等待人數: 10/18
[Barrier] Learner 15 到達/重返, 等待人數: 11/18
[Barrier] Learner 17 到達/重返, 等待人數: 12/18
[Barrier] Learner 5 到達/重返, 等待人數: 13/18
[Barrier] Learner 14 到達/重返, 等待人數: 14/18
[Barrier] Learner 1 到達/重返, 等待人數: 15/18
[Barrier] Learner 7 到達/重返, 等待人數: 16/18
[Barrier] Learner 12 到達/重返, 等待人數: 17/18
[Table] MQ/CE SAT 填 hash=0x9144add36caa5575
[Table] MQ/CE SAT 填 hash=0xf6bbc7275725a88d
[Table] MQ/CE SAT 填 hash=0xdd5e00d25c86d3c7
[Table] MQ/CE SAT 填 hash=0xdc9fd710676c5ecf
[Table] MQ/CE SAT 填 hash=0xb059280da05ceb4f
[Table] MQ/CE SAT 填 hash=0xeb6700a9fb54a917
[Barrier] Learner 9 到達/重返, 等待人數: 18/18
[Global EQ] 啟動 Leader SAT 尋找反例
[Barrier] Learner 9 到達/重返, 等待人數: 1/18
[Barrier] Learner 11 到達/重返, 等待人數: 2/18
[Barrier] Learner 2 到達/重返, 等待人數: 3/18
[Barrier] Learner 4 到達/重返, 等待人數: 4/18
[Barrier] Learner 15 到達/重返, 等待人數: 5/18
[Barrier] Learner 13 到達/重返, 等待人數: 6/18
[Barrier] Learner 12 到達/重返, 等待人數: 7/18
[Barrier] Learner 0 到達/重返, 等待人數: 8/18
[Barrier] Learner 8 到達/重返, 等待人數: 9/18
[Barrier] Learner 16 到達/重返, 等待人數: 10/18
[Barrier] Learner 6 到達/重返, 等待人數: 11/18
[Barrier] Learner 7 到達/重返, 等待人數: 12/18
[Barrier] Learner 1 到達/重返, 等待人數: 13/18
[Barrier] Learner 14 到達/重返, 等待人數: 14/18
[Barrier] Learner 3 到達/重返, 等待人數: 15/18
[Barrier] Learner 10 到達/重返, 等待人數: 16/18
[Barrier] Learner 5 到達/重返, 等待人數: 17/18
[Barrier] Learner 17 到達/重返, 等待人數: 18/18
[Global EQ] 啟動 Leader SAT 尋找反例
[Barrier] Learner 17 到達/重返, 等待人數: 1/18
[Barrier] Learner 5 到達/重返, 等待人數: 2/18
[Barrier] Learner 4 到達/重返, 等待人數: 3/18
[Barrier] Learner 13 到達/重返, 等待人數: 4/18
[Barrier] Learner 16 到達/重返, 等待人數: 5/18
[Barrier] Learner 0 到達/重返, 等待人數: 6/18
[Barrier] Learner 11 到達/重返, 等待人數: 7/18
[Barrier] Learner 10 到達/重返, 等待人數: 8/18
[Barrier] Learner 14 到達/重返, 等待人數: 9/18
[Barrier] Learner 1 到達/重返, 等待人數: 10/18
[Barrier] Learner 2 到達/重返, 等待人數: 11/18
[Barrier] Learner 15 到達/重返, 等待人數: 12/18
[Barrier] Learner 3 到達/重返, 等待人數: 13/18
[Barrier] Learner 12 到達/重返, 等待人數: 14/18
[Barrier] Learner 7 到達/重返, 等待人數: 15/18
[Barrier] Learner 9 到達/重返, 等待人數: 16/18
[Barrier] Learner 6 到達/重返, 等待人數: 17/18
[Table] MQ/CE SAT 填 hash=0x48bef9a23c2fc5a0
[Barrier] Learner 8 到達/重返, 等待人數: 18/18
[Global EQ] 啟動 Leader SAT 尋找反例
[Table] MQ/CE SAT 填 hash=0x22e0dc4f5d1e131d
[Barrier] Learner 5 到達/重返, 等待人數: 1/18
[Barrier] Learner 14 到達/重返, 等待人數: 2/18
[Barrier] Learner 4 到達/重返, 等待人數: 3/18
[Barrier] Learner 15 到達/重返, 等待人數: 4/18
[Barrier] Learner 16 到達/重返, 等待人數: 5/18
[Barrier] Learner 1 到達/重返, 等待人數: 6/18
[Barrier] Learner 12 到達/重返, 等待人數: 7/18
[Barrier] Learner 0 到達/重返, 等待人數: 8/18
[Barrier] Learner 17 到達/重返, 等待人數: 9/18
[Barrier] Learner 11 到達/重返, 等待人數: 10/18
[Barrier] Learner 13 到達/重返, 等待人數: 11/18
[Barrier] Learner 10 到達/重返, 等待人數: 12/18
[Barrier] Learner 2 到達/重返, 等待人數: 13/18
[Barrier] Learner 6 到達/重返, 等待人數: 14/18
[Barrier] Learner 3 到達/重返, 等待人數: 15/18
[Barrier] Learner 7 到達/重返, 等待人數: 16/18
[Table] MQ/CE SAT 填 hash=0x8d0476ffb330c6bd
[Table] MQ/CE SAT 填 hash=0x7a52718e04d3449d
[Barrier] Learner 8 到達/重返, 等待人數: 17/18
[Table] MQ/CE SAT 填 hash=0xc2164457de3a208d
[Table] MQ/CE SAT 填 hash=0x1e6b9e760f3834f
[Table] MQ/CE SAT 填 hash=0x807d6092479345ef
[Table] MQ/CE SAT 填 hash=0xb1fd068a1f58986f
[Table] MQ/CE SAT 填 hash=0x686fcfb65c27be8f
[Barrier] Learner 9 到達/重返, 等待人數: 18/18
[Global EQ] 啟動 Leader SAT 尋找反例
[Barrier] Learner 9 到達/重返, 等待人數: 1/18
[Barrier] Learner 5 到達/重返, 等待人數: 2/18
[Barrier] Learner 3 到達/重返, 等待人數: 3/18
[Barrier] Learner 11 到達/重返, 等待人數: 4/18
[Barrier] Learner 8 到達/重返, 等待人數: 5/18
[Barrier] Learner 12 到達/重返, 等待人數: 6/18
[Barrier] Learner 6 到達/重返, 等待人數: 7/18
[Barrier] Learner 4 到達/重返, 等待人數: 8/18
[Barrier] Learner 0 到達/重返, 等待人數: 9/18
[Barrier] Learner 13 到達/重返, 等待人數: 10/18
[Barrier] Learner 10 到達/重返, 等待人數: 11/18
[Barrier] Learner 14 到達/重返, 等待人數: 12/18
[Barrier] Learner 17 到達/重返, 等待人數: 13/18
[Barrier] Learner 15 到達/重返, 等待人數: 14/18
[Barrier] Learner 1 到達/重返, 等待人數: 15/18
[Barrier] Learner 7 到達/重返, 等待人數: 16/18
[Barrier] Learner 16 到達/重返, 等待人數: 17/18
[Barrier] Learner 2 到達/重返, 等待人數: 18/18
[Global EQ] 啟動 Leader SAT 尋找反例
[Barrier] Learner 2 到達/重返, 等待人數: 1/18
[Barrier] Learner 6 到達/重返, 等待人數: 2/18
[Barrier] Learner 17 到達/重返, 等待人數: 3/18
[Barrier] Learner 16 到達/重返, 等待人數: 4/18
[Barrier] Learner 15 到達/重返, 等待人數: 5/18
[Barrier] Learner 0 到達/重返, 等待人數: 6/18
[Barrier] Learner 9 到達/重返, 等待人數: 7/18
[Barrier] Learner 7 到達/重返, 等待人數: 8/18
[Barrier] Learner 4 到達/重返, 等待人數: 9/18
[Barrier] Learner 11 到達/重返, 等待人數: 10/18
[Barrier] Learner 10 到達/重返, 等待人數: 11/18
[Barrier] Learner 5 到達/重返, 等待人數: 12/18
[Barrier] Learner 12 到達/重返, 等待人數: 13/18
[Barrier] Learner 14 到達/重返, 等待人數: 14/18
[Barrier] Learner 8 到達/重返, 等待人數: 15/18
[Table] MQ/CE SAT 填 hash=0xc44be4a2022fec20
[Table] MQ/CE SAT 填 hash=0x8f3a1749d7269250
[Barrier] Learner 13 到達/重返, 等待人數: 16/18
[Table] MQ/CE SAT 填 hash=0xa897dd9ed1c56716
[Table] MQ/CE SAT 填 hash=0xc1f5a3f3cc643bdc
[Table] MQ/CE SAT 填 hash=0xd3b9aa9e065ecd6e
[Table] MQ/CE SAT 填 hash=0x6aded33b195414ba
[Barrier] Learner 3 到達/重返, 等待人數: 17/18
[Table] MQ/CE SAT 填 hash=0x4775376e0745daf3
[Table] MQ/CE SAT 填 hash=0xcea4871e49b3a63f
[Table] MQ/CE SAT 填 hash=0xb357a8b5b941d807
[Barrier] Learner 1 到達/重返, 等待人數: 18/18
[Global EQ] 啟動 Leader SAT 尋找反例
[Barrier] Learner 1 到達/重返, 等待人數: 1/18
[Barrier] Learner 12 到達/重返, 等待人數: 2/18
[Barrier] Learner 5 到達/重返, 等待人數: 3/18
[Barrier] Learner 11 到達/重返, 等待人數: 4/18
[Barrier] Learner 6 到達/重返, 等待人數: 5/18
[Barrier] Learner 8 到達/重返, 等待人數: 6/18
[Barrier] Learner 14 到達/重返, 等待人數: 7/18
[Barrier] Learner 2 到達/重返, 等待人數: 8/18
[Barrier] Learner 10 到達/重返, 等待人數: 9/18
[Barrier] Learner 4 到達/重返, 等待人數: 10/18
[Barrier] Learner 7 到達/重返, 等待人數: 11/18
[Barrier] Learner 3 到達/重返, 等待人數: 12/18
[Barrier] Learner 0 到達/重返, 等待人數: 13/18
[Barrier] Learner 9 到達/重返, 等待人數: 14/18
[Barrier] Learner 15 到達/重返, 等待人數: 15/18
[Barrier] Learner 13 到達/重返, 等待人數: 16/18
[Barrier] Learner 16 到達/重返, 等待人數: 17/18
[Barrier] Learner 17 到達/重返, 等待人數: 18/18
[Global EQ] 啟動 Leader SAT 尋找反例
[Barrier] Learner 12 到達/重返, 等待人數: 1/18
[Barrier] Learner 3 到達/重返, 等待人數: 2/18
[Barrier] Learner 5 到達/重返, 等待人數: 3/18
[Barrier] Learner 1 到達/重返, 等待人數: 4/18
[Barrier] Learner 7 到達/重返, 等待人數: 5/18
[Barrier] Learner 6 到達/重返, 等待人數: 6/18
[Barrier] Learner 8 到達/重返, 等待人數: 7/18
[Barrier] Learner 4 到達/重返, 等待人數: 8/18
[Barrier] Learner 2 到達/重返, 等待人數: 9/18
[Barrier] Learner 0 到達/重返, 等待人數: 10/18
[Barrier] Learner 10 到達/重返, 等待人數: 11/18
[Barrier] Learner 9 到達/重返, 等待人數: 12/18
[Barrier] Learner 14 到達/重返, 等待人數: 13/18
[Barrier] Learner 13 到達/重返, 等待人數: 14/18
[Barrier] Learner 16 到達/重返, 等待人數: 15/18
[Table] MQ/CE SAT 填 hash=0xf137d166c5053700
[Table] MQ/CE SAT 填 hash=0x23f35e10ba42e08c
[Table] MQ/CE SAT 填 hash=0xbc26040e99fbdd30
[Table] MQ/CE SAT 填 hash=0x30a2413b37924aef
[Table] MQ/CE SAT 填 hash=0xeee190b88f3986bc
[Table] MQ/CE SAT 填 hash=0x3d512465b4e1b552
[Table] MQ/CE SAT 填 hash=0xab31c822510dc917
[Table] MQ/CE SAT 填 hash=0xfb9073e30c88f11f
[Table] MQ/CE SAT 填 hash=0x5692e58ddc191257
[Table] MQ/CE SAT 填 hash=0xb7e0ab4cce5d337a
[Table] MQ/CE SAT 填 hash=0xe043957a7c1722e7
[Table] MQ/CE SAT 填 hash=0x6b8ec79914ee9847
[Table] MQ/CE SAT 填 hash=0xd637c00264a7bde6
[Table] MQ/CE SAT 填 hash=0x6341c8b859687cba
[Table] MQ/CE SAT 填 hash=0x9b670ec3a84ae217
[Table] MQ/CE SAT 填 hash=0x8198dd6defb30726
[Table] MQ/CE SAT 填 hash=0xa5b1c57768c7f441
[Table] MQ/CE SAT 填 hash=0x83f570d89d85b82
[Table] MQ/CE SAT 填 hash=0x2c7124c8d275d976
[Table] MQ/CE SAT 填 hash=0xecf278a4f9668d4a
[Table] MQ/CE SAT 填 hash=0xd583ca63949ab1f6
[Table] MQ/CE SAT 填 hash=0x672127785264e4e8
[Table] MQ/CE SAT 填 hash=0xba36ebfb0428e3be
[Barrier] Learner 15 到達/重返, 等待人數: 16/18
[Table] MQ/CE SAT 填 hash=0x219d1d6284773048
[Table] MQ/CE SAT 填 hash=0xc988dcd7e7585383
[Table] MQ/CE SAT 填 hash=0x3afae3b77f16050e
[Table] MQ/CE SAT 填 hash=0x74e9fa4372639cc3
[Table] MQ/CE SAT 填 hash=0x54bfd2a719ad90a6
[Table] MQ/CE SAT 填 hash=0x61bb82d5c7115027
[Table] MQ/CE SAT 填 hash=0xd394b24ffec7b884
[Table] MQ/CE SAT 填 hash=0xaf947feb0fabda7
[Table] MQ/CE SAT 填 hash=0x60a9d6b476806247
[Table] MQ/CE SAT 填 hash=0xe2e6a32ce1f72849
[Table] MQ/CE SAT 填 hash=0x35e1423254ccf327
[Table] MQ/CE SAT 填 hash=0x60a5ef90362ec23f
[Barrier] Learner 17 到達/重返, 等待人數: 17/18
[Table] MQ/CE SAT 填 hash=0x8e47c0986d027189
[Table] MQ/CE SAT 填 hash=0x41c6611658a758a9
[Table] MQ/CE SAT 填 hash=0xf689b45bcf0fb398
[Table] MQ/CE SAT 填 hash=0x6b52be8c9cba7675
[Table] MQ/CE SAT 填 hash=0x4fccc9141ff35dfd
[Table] MQ/CE SAT 填 hash=0x5460824734e3659d
[Barrier] Learner 11 到達/重返, 等待人數: 18/18
[Global EQ] 啟動 Leader SAT 尋找反例
[Barrier] Learner 6 到達/重返, 等待人數: 1/18
[Barrier] Learner 4 到達/重返, 等待人數: 2/18
[Barrier] Learner 0 到達/重返, 等待人數: 3/18
[Barrier] Learner 8 到達/重返, 等待人數: 4/18
[Barrier] Learner 1 到達/重返, 等待人數: 5/18
[Barrier] Learner 17 到達/重返, 等待人數: 6/18
[Barrier] Learner 2 到達/重返, 等待人數: 7/18
[Barrier] Learner 15 到達/重返, 等待人數: 8/18
[Barrier] Learner 16 到達/重返, 等待人數: 9/18
[Barrier] Learner 11 到達/重返, 等待人數: 10/18
[Barrier] Learner 13 到達/重返, 等待人數: 11/18
[Barrier] Learner 10 到達/重返, 等待人數: 12/18
[Barrier] Learner 14 到達/重返, 等待人數: 13/18
[Barrier] Learner 3 到達/重返, 等待人數: 14/18
[Barrier] Learner 12 到達/重返, 等待人數: 15/18
[Barrier] Learner 7 到達/重返, 等待人數: 16/18
[Barrier] Learner 5 到達/重返, 等待人數: 17/18
[Table] MQ/CE SAT 填 hash=0x5c32e07b41a0fba5
[Barrier] Learner 9 到達/重返, 等待人數: 18/18
[Global EQ] 啟動 Leader SAT 尋找反例
[Barrier] Learner 9 到達/重返, 等待人數: 1/18
[Barrier] Learner 6 到達/重返, 等待人數: 2/18
[Barrier] Learner 15 到達/重返, 等待人數: 3/18
[Barrier] Learner 14 到達/重返, 等待人數: 4/18
[Barrier] Learner 10 到達/重返, 等待人數: 5/18
[Barrier] Learner 12 到達/重返, 等待人數: 6/18
[Barrier] Learner 11 到達/重返, 等待人數: 7/18
[Barrier] Learner 8 到達/重返, 等待人數: 8/18
[Barrier] Learner 2 到達/重返, 等待人數: 9/18
[Barrier] Learner 0 到達/重返, 等待人數: 10/18
[Barrier] Learner 3 到達/重返, 等待人數: 11/18
[Barrier] Learner 7 到達/重返, 等待人數: 12/18
[Barrier] Learner 13 到達/重返, 等待人數: 13/18
[Barrier] Learner 4 到達/重返, 等待人數: 14/18
[Barrier] Learner 16 到達/重返, 等待人數: 15/18
[Barrier] Learner 17 到達/重返, 等待人數: 16/18
[Barrier] Learner 5 到達/重返, 等待人數: 17/18
[Barrier] Learner 1 到達/重返, 等待人數: 18/18
[Global EQ] 啟動 Leader SAT 尋找反例
[Barrier] Learner 6 到達/重返, 等待人數: 1/18
[Barrier] Learner 8 到達/重返, 等待人數: 2/18
[Barrier] Learner 0 到達/重返, 等待人數: 3/18
[Barrier] Learner 7 到達/重返, 等待人數: 4/18
[Barrier] Learner 10 到達/重返, 等待人數: 5/18
[Barrier] Learner 5 到達/重返, 等待人數: 6/18
[Barrier] Learner 17 到達/重返, 等待人數: 7/18
[Barrier] Learner 4 到達/重返, 等待人數: 8/18
[Barrier] Learner 3 到達/重返, 等待人數: 9/18
[Barrier] Learner 14 到達/重返, 等待人數: 10/18
[Barrier] Learner 13 到達/重返, 等待人數: 11/18
[Barrier] Learner 2 到達/重返, 等待人數: 12/18
[Barrier] Learner 1 到達/重返, 等待人數: 13/18
[Barrier] Learner 15 到達/重返, 等待人數: 14/18
[Barrier] Learner 11 到達/重返, 等待人數: 15/18
[Barrier] Learner 12 到達/重返, 等待人數: 16/18
[Barrier] Learner 9 到達/重返, 等待人數: 17/18
[Barrier] Learner 16 到達/重返, 等待人數: 18/18
[Global EQ] 啟動 Leader SAT 尋找反例
[Barrier] Learner 16 到達/重返, 等待人數: 1/18
[Barrier] Learner 5 到達/重返, 等待人數: 2/18
[Barrier] Learner 6 到達/重返, 等待人數: 3/18
[Barrier] Learner 10 到達/重返, 等待人數: 4/18
[Barrier] Learner 12 到達/重返, 等待人數: 5/18
[Barrier] Learner 8 到達/重返, 等待人數: 6/18
[Barrier] Learner 7 到達/重返, 等待人數: 7/18
[Barrier] Learner 15 到達/重返, 等待人數: 8/18
[Barrier] Learner 11 到達/重返, 等待人數: 9/18
[Barrier] Learner 14 到達/重返, 等待人數: 10/18
[Barrier] Learner 9 到達/重返, 等待人數: 11/18
[Barrier] Learner 0 到達/重返, 等待人數: 12/18
[Barrier] Learner 17 到達/重返, 等待人數: 13/18
[Barrier] Learner 3 到達/重返, 等待人數: 14/18
[Barrier] Learner 2 到達/重返, 等待人數: 15/18
[Barrier] Learner 4 到達/重返, 等待人數: 16/18
[Barrier] Learner 1 到達/重返, 等待人數: 17/18
[Barrier] Learner 13 到達/重返, 等待人數: 18/18
[Global EQ] 啟動 Leader SAT 尋找反例
[Barrier] Learner 15 到達/重返, 等待人數: 1/18
[Barrier] Learner 10 到達/重返, 等待人數: 2/18
[Barrier] Learner 4 到達/重返, 等待人數: 3/18
[Barrier] Learner 11 到達/重返, 等待人數: 4/18
[Barrier] Learner 12 到達/重返, 等待人數: 5/18
[Barrier] Learner 9 到達/重返, 等待人數: 6/18
[Barrier] Learner 5 到達/重返, 等待人數: 7/18
[Barrier] Learner 17 到達/重返, 等待人數: 8/18
[Barrier] Learner 14 到達/重返, 等待人數: 9/18
[Barrier] Learner 7 到達/重返, 等待人數: 10/18
[Barrier] Learner 0 到達/重返, 等待人數: 11/18
[Barrier] Learner 8 到達/重返, 等待人數: 12/18
[Barrier] Learner 2 到達/重返, 等待人數: 13/18
[Barrier] Learner 16 到達/重返, 等待人數: 14/18
[Barrier] Learner 6 到達/重返, 等待人數: 15/18
[Barrier] Learner 3 到達/重返, 等待人數: 16/18
[Table] MQ/CE SAT 填 hash=0x98931a02ae555360
[Barrier] Learner 1 到達/重返, 等待人數: 17/18
[Barrier] Learner 13 到達/重返, 等待人數: 18/18
[Global EQ] 啟動 Leader SAT 尋找反例
[Barrier] Learner 14 到達/重返, 等待人數: 1/18
[Barrier] Learner 17 到達/重返, 等待人數: 2/18
[Barrier] Learner 9 到達/重返, 等待人數: 3/18
[Barrier] Learner 5 到達/重返, 等待人數: 4/18
[Barrier] Learner 16 到達/重返, 等待人數: 5/18
[Barrier] Learner 2 到達/重返, 等待人數: 6/18
[Barrier] Learner 12 到達/重返, 等待人數: 7/18
[Barrier] Learner 4 到達/重返, 等待人數: 8/18
[Barrier] Learner 8 到達/重返, 等待人數: 9/18
[Barrier] Learner 6 到達/重返, 等待人數: 10/18
[Barrier] Learner 15 到達/重返, 等待人數: 11/18
[Barrier] Learner 10 到達/重返, 等待人數: 12/18
[Barrier] Learner 1 到達/重返, 等待人數: 13/18
[Barrier] Learner 11 到達/重返, 等待人數: 14/18
[Barrier] Learner 13 到達/重返, 等待人數: 15/18
[Barrier] Learner 7 到達/重返, 等待人數: 16/18
[Barrier] Learner 3 到達/重返, 等待人數: 17/18
[Barrier] Learner 0 到達/重返, 等待人數: 18/18
[Global EQ] 啟動 Leader SAT 尋找反例
[Table] MQ/CE SAT 填 hash=0x4fb24d9a573c92b3
[Barrier] Learner 9 到達/重返, 等待人數: 1/18
[Barrier] Learner 10 到達/重返, 等待人數: 2/18
[Barrier] Learner 6 到達/重返, 等待人數: 3/18
[Barrier] Learner 14 到達/重返, 等待人數: 4/18
[Barrier] Learner 13 到達/重返, 等待人數: 5/18
[Barrier] Learner 2 到達/重返, 等待人數: 6/18
[Barrier] Learner 17 到達/重返, 等待人數: 7/18
[Barrier] Learner 1 到達/重返, 等待人數: 8/18
[Barrier] Learner 5 到達/重返, 等待人數: 9/18
[Barrier] Learner 11 到達/重返, 等待人數: 10/18
[Barrier] Learner 4 到達/重返, 等待人數: 11/18
[Barrier] Learner 16 到達/重返, 等待人數: 12/18
[Barrier] Learner 7 到達/重返, 等待人數: 13/18
[Barrier] Learner 0 到達/重返, 等待人數: 14/18
[Barrier] Learner 3 到達/重返, 等待人數: 15/18
[Barrier] Learner 15 到達/重返, 等待人數: 16/18
[Barrier] Learner 12 到達/重返, 等待人數: 17/18
[Barrier] Learner 8 到達/重返, 等待人數: 18/18
[Global EQ] 啟動 Leader SAT 尋找反例
[Barrier] Learner 17 到達/重返, 等待人數: 1/18
[Barrier] Learner 7 到達/重返, 等待人數: 2/18
[Barrier] Learner 11 到達/重返, 等待人數: 3/18
[Barrier] Learner 0 到達/重返, 等待人數: 4/18
[Barrier] Learner 1 到達/重返, 等待人數: 5/18
[Barrier] Learner 3 到達/重返, 等待人數: 6/18
[Barrier] Learner 9 到達/重返, 等待人數: 7/18
[Barrier] Learner 6 到達/重返, 等待人數: 8/18
[Barrier] Learner 4 到達/重返, 等待人數: 9/18
[Barrier] Learner 10 到達/重返, 等待人數: 10/18
[Barrier] Learner 5 到達/重返, 等待人數: 11/18
[Barrier] Learner 15 到達/重返, 等待人數: 12/18
[Barrier] Learner 12 到達/重返, 等待人數: 13/18
[Barrier] Learner 16 到達/重返, 等待人數: 14/18
[Barrier] Learner 14 到達/重返, 等待人數: 15/18
[Barrier] Learner 2 到達/重返, 等待人數: 16/18
[Barrier] Learner 13 到達/重返, 等待人數: 17/18
[Table] MQ/CE SAT 填 hash=0x920cc9f409e70d10
[Table] MQ/CE SAT 填 hash=0xc4c8569dff24b69c
[Table] MQ/CE SAT 填 hash=0xde261cf2f9c38b62
[Table] MQ/CE SAT 填 hash=0xb1df6df032b417e2
[Barrier] Learner 8 到達/重返, 等待人數: 18/18
[Global EQ] 啟動 Leader SAT 尋找反例
[Barrier] Learner 8 到達/重返, 等待人數: 1/18
[Barrier] Learner 15 到達/重返, 等待人數: 2/18
[Barrier] Learner 10 到達/重返, 等待人數: 3/18
[Barrier] Learner 2 到達/重返, 等待人數: 4/18
[Barrier] Learner 0 到達/重返, 等待人數: 5/18
[Barrier] Learner 6 到達/重返, 等待人數: 6/18
[Barrier] Learner 12 到達/重返, 等待人數: 7/18
[Barrier] Learner 1 到達/重返, 等待人數: 8/18
[Barrier] Learner 16 到達/重返, 等待人數: 9/18
[Barrier] Learner 5 到達/重返, 等待人數: 10/18
[Barrier] Learner 3 到達/重返, 等待人數: 11/18
[Barrier] Learner 4 到達/重返, 等待人數: 12/18
[Barrier] Learner 11 到達/重返, 等待人數: 13/18
[Barrier] Learner 13 到達/重返, 等待人數: 14/18
[Barrier] Learner 14 到達/重返, 等待人數: 15/18
[Barrier] Learner 7 到達/重返, 等待人數: 16/18
[Barrier] Learner 17 到達/重返, 等待人數: 17/18
[Table] MQ/CE SAT 填 hash=0x4925601ac9733b90
[Barrier] Learner 9 到達/重返, 等待人數: 18/18
[Global EQ] 啟動 Leader SAT 尋找反例
[Barrier] Learner 9 到達/重返, 等待人數: 1/18
[Barrier] Learner 8 到達/重返, 等待人數: 2/18
[Barrier] Learner 6 到達/重返, 等待人數: 3/18
[Barrier] Learner 0 到達/重返, 等待人數: 4/18
[Barrier] Learner 3 到達/重返, 等待人數: 5/18
[Barrier] Learner 11 到達/重返, 等待人數: 6/18
[Barrier] Learner 16 到達/重返, 等待人數: 7/18
[Barrier] Learner 7 到達/重返, 等待人數: 8/18
[Barrier] Learner 13 到達/重返, 等待人數: 9/18
[Barrier] Learner 2 到達/重返, 等待人數: 10/18
[Barrier] Learner 1 到達/重返, 等待人數: 11/18
[Barrier] Learner 4 到達/重返, 等待人數: 12/18
[Barrier] Learner 10 到達/重返, 等待人數: 13/18
[Barrier] Learner 14 到達/重返, 等待人數: 14/18
[Barrier] Learner 12 到達/重返, 等待人數: 15/18
[Barrier] Learner 5 到達/重返, 等待人數: 16/18
[Barrier] Learner 17 到達/重返, 等待人數: 17/18
[Table] MQ/CE SAT 填 hash=0x1397994d41b10eb0
[Table] MQ/CE SAT 填 hash=0x465325f736eeb83c
[Table] MQ/CE SAT 填 hash=0x5fb0ec4c318d8d02
[Table] MQ/CE SAT 填 hash=0x8d642601d014f03b
[Barrier] Learner 15 到達/重返, 等待人數: 18/18
[Global EQ] 啟動 Leader SAT 尋找反例
[Barrier] Learner 15 到達/重返, 等待人數: 1/18
[Barrier] Learner 6 到達/重返, 等待人數: 2/18
[Barrier] Learner 4 到達/重返, 等待人數: 3/18
[Barrier] Learner 1 到達/重返, 等待人數: 4/18
[Barrier] Learner 2 到達/重返, 等待人數: 5/18
[Barrier] Learner 5 到達/重返, 等待人數: 6/18
[Barrier] Learner 17 到達/重返, 等待人數: 7/18
[Barrier] Learner 9 到達/重返, 等待人數: 8/18
[Barrier] Learner 12 到達/重返, 等待人數: 9/18
[Barrier] Learner 11 到達/重返, 等待人數: 10/18
[Barrier] Learner 16 到達/重返, 等待人數: 11/18
[Barrier] Learner 7 到達/重返, 等待人數: 12/18
[Barrier] Learner 8 到達/重返, 等待人數: 13/18
[Barrier] Learner 13 到達/重返, 等待人數: 14/18
[Barrier] Learner 10 到達/重返, 等待人數: 15/18
[Barrier] Learner 14 到達/重返, 等待人數: 16/18
[Barrier] Learner 3 到達/重返, 等待人數: 17/18
[Table] MQ/CE SAT 填 hash=0xb4850a7a0981a4e7
[Table] MQ/CE SAT 填 hash=0xcde2d0cf042079ad
[Table] MQ/CE SAT 填 hash=0x3b2c7e924444875
[Table] MQ/CE SAT 填 hash=0x734d4fae8a36235
[Table] MQ/CE SAT 填 hash=0x5543da13aa483c05
[Barrier] Learner 0 到達/重返, 等待人數: 18/18
[Global EQ] 啟動 Leader SAT 尋找反例
[Barrier] Learner 12 到達/重返, 等待人數: 1/18
[Barrier] Learner 4 到達/重返, 等待人數: 2/18
[Barrier] Learner 6 到達/重返, 等待人數: 3/18
[Barrier] Learner 2 到達/重返, 等待人數: 4/18
[Barrier] Learner 17 到達/重返, 等待人數: 5/18
[Barrier] Learner 11 到達/重返, 等待人數: 6/18
[Barrier] Learner 10 到達/重返, 等待人數: 7/18
[Barrier] Learner 16 到達/重返, 等待人數: 8/18
[Barrier] Learner 3 到達/重返, 等待人數: 9/18
[Barrier] Learner 1 到達/重返, 等待人數: 10/18
[Barrier] Learner 14 到達/重返, 等待人數: 11/18
[Barrier] Learner 7 到達/重返, 等待人數: 12/18
[Barrier] Learner 13 到達/重返, 等待人數: 13/18
[Barrier] Learner 15 到達/重返, 等待人數: 14/18
[Barrier] Learner 9 到達/重返, 等待人數: 15/18
[Barrier] Learner 8 到達/重返, 等待人數: 16/18
[Barrier] Learner 5 到達/重返, 等待人數: 17/18
[Table] MQ/CE SAT 填 hash=0xcba3b4be38b7d341
[Table] MQ/CE SAT 填 hash=0xfe5f41682df57ccd
[Table] MQ/CE SAT 填 hash=0xf1b05e3db0a6126a
[Table] MQ/CE SAT 填 hash=0x51bccc733a6f9002
[Table] MQ/CE SAT 填 hash=0x4e3abf6176107642
[Table] MQ/CE SAT 填 hash=0xf88a30abb08ad1a2
[Table] MQ/CE SAT 填 hash=0xbc693d3438caba92
[Table] MQ/CE SAT 填 hash=0xbd6f71c1dacd262
[Barrier] Learner 0 到達/重返, 等待人數: 18/18
[Global EQ] 啟動 Leader SAT 尋找反例
[Table] MQ/CE SAT 填 hash=0x87d8e853e0146bfd
[Barrier] Learner 4 到達/重返, 等待人數: 1/18
[Barrier] Learner 1 到達/重返, 等待人數: 2/18
[Barrier] Learner 10 到達/重返, 等待人數: 3/18
[Barrier] Learner 7 到達/重返, 等待人數: 4/18
[Barrier] Learner 2 到達/重返, 等待人數: 5/18
[Barrier] Learner 6 到達/重返, 等待人數: 6/18
[Barrier] Learner 9 到達/重返, 等待人數: 7/18
[Barrier] Learner 14 到達/重返, 等待人數: 8/18
[Barrier] Learner 17 到達/重返, 等待人數: 9/18
[Barrier] Learner 8 到達/重返, 等待人數: 10/18
[Barrier] Learner 15 到達/重返, 等待人數: 11/18
[Barrier] Learner 3 到達/重返, 等待人數: 12/18
[Barrier] Learner 13 到達/重返, 等待人數: 13/18
[Barrier] Learner 16 到達/重返, 等待人數: 14/18
[Barrier] Learner 5 到達/重返, 等待人數: 15/18
[Barrier] Learner 12 到達/重返, 等待人數: 16/18
[Barrier] Learner 11 到達/重返, 等待人數: 17/18
[Table] MQ/CE SAT 填 hash=0xdf4a7d9287c99d7d
[Table] MQ/CE SAT 填 hash=0xac8ef0e8928bf3f1
[Table] MQ/CE SAT 填 hash=0x93312a9397ed1f2b
[Table] MQ/CE SAT 填 hash=0x868247691a9db4c8
[Table] MQ/CE SAT 填 hash=0xbf2c082012236a0
[Table] MQ/CE SAT 填 hash=0xb753dded8c2d7fe0
[Barrier] Learner 0 到達/重返, 等待人數: 18/18
[Global EQ] 啟動 Leader SAT 尋找反例
[Barrier] Learner 0 到達/重返, 等待人數: 1/18
[Barrier] Learner 5 到達/重返, 等待人數: 2/18
[Barrier] Learner 1 到達/重返, 等待人數: 3/18
[Barrier] Learner 2 到達/重返, 等待人數: 4/18
[Barrier] Learner 9 到達/重返, 等待人數: 5/18
[Barrier] Learner 12 到達/重返, 等待人數: 6/18
[Barrier] Learner 3 到達/重返, 等待人數: 7/18
[Barrier] Learner 10 到達/重返, 等待人數: 8/18
[Barrier] Learner 14 到達/重返, 等待人數: 9/18
[Barrier] Learner 15 到達/重返, 等待人數: 10/18
[Barrier] Learner 16 到達/重返, 等待人數: 11/18
[Barrier] Learner 4 到達/重返, 等待人數: 12/18
[Barrier] Learner 13 到達/重返, 等待人數: 13/18
[Barrier] Learner 7 到達/重返, 等待人數: 14/18
[Barrier] Learner 8 到達/重返, 等待人數: 15/18
[Barrier] Learner 17 到達/重返, 等待人數: 16/18
[Barrier] Learner 6 到達/重返, 等待人數: 17/18
[Barrier] Learner 11 到達/重返, 等待人數: 18/18
[Global EQ] 啟動 Leader SAT 尋找反例
[Barrier] Learner 11 到達/重返, 等待人數: 1/18
[Barrier] Learner 4 到達/重返, 等待人數: 2/18
[Barrier] Learner 10 到達/重返, 等待人數: 3/18
[Barrier] Learner 13 到達/重返, 等待人數: 4/18
[Barrier] Learner 17 到達/重返, 等待人數: 5/18
[Barrier] Learner 12 到達/重返, 等待人數: 6/18
[Barrier] Learner 5 到達/重返, 等待人數: 7/18
[Barrier] Learner 3 到達/重返, 等待人數: 8/18
[Barrier] Learner 14 到達/重返, 等待人數: 9/18
[Barrier] Learner 9 到達/重返, 等待人數: 10/18
[Barrier] Learner 15 到達/重返, 等待人數: 11/18
[Barrier] Learner 7 到達/重返, 等待人數: 12/18
[Barrier] Learner 6 到達/重返, 等待人數: 13/18
[Barrier] Learner 2 到達/重返, 等待人數: 14/18
[Barrier] Learner 8 到達/重返, 等待人數: 15/18
[Barrier] Learner 0 到達/重返, 等待人數: 16/18
[Barrier] Learner 16 到達/重返, 等待人數: 17/18
[Table] MQ/CE SAT 填 hash=0xb2dee033f3ae60cc
[Table] MQ/CE SAT 填 hash=0xcc3ca688ee4d3592
[Table] MQ/CE SAT 填 hash=0xd8eb89b36b9c9ff5
[Table] MQ/CE SAT 填 hash=0x844ca71ef6a7e935
[Barrier] Learner 1 到達/重返, 等待人數: 18/18
[Global EQ] 啟動 Leader SAT 尋找反例
[Barrier] Learner 1 到達/重返, 等待人數: 1/18
[Barrier] Learner 9 到達/重返, 等待人數: 2/18
[Barrier] Learner 8 到達/重返, 等待人數: 3/18
[Barrier] Learner 16 到達/重返, 等待人數: 4/18
[Barrier] Learner 5 到達/重返, 等待人數: 5/18
[Barrier] Learner 3 到達/重返, 等待人數: 6/18
[Barrier] Learner 11 到達/重返, 等待人數: 7/18
[Barrier] Learner 2 到達/重返, 等待人數: 8/18
[Barrier] Learner 15 到達/重返, 等待人數: 9/18
[Barrier] Learner 12 到達/重返, 等待人數: 10/18
[Barrier] Learner 13 到達/重返, 等待人數: 11/18
[Barrier] Learner 0 到達/重返, 等待人數: 12/18
[Barrier] Learner 7 到達/重返, 等待人數: 13/18
[Barrier] Learner 14 到達/重返, 等待人數: 14/18
[Barrier] Learner 4 到達/重返, 等待人數: 15/18
[Barrier] Learner 17 到達/重返, 等待人數: 16/18
[Barrier] Learner 6 到達/重返, 等待人數: 17/18
[Table] MQ/CE SAT 填 hash=0x749021090267caf8
[Table] MQ/CE SAT 填 hash=0xe0f9d4f4436f3630
[Table] MQ/CE SAT 填 hash=0x6c7363a480cb5f69
[Table] MQ/CE SAT 填 hash=0x17d481100bd6a8a9
[Table] MQ/CE SAT 填 hash=0x2282ab2af7611119
[Barrier] Learner 10 到達/重返, 等待人數: 18/18
[Global EQ] 啟動 Leader SAT 尋找反例
[Barrier] Learner 10 到達/重返, 等待人數: 1/18
[Barrier] Learner 14 到達/重返, 等待人數: 2/18
[Barrier] Learner 1 到達/重返, 等待人數: 3/18
[Barrier] Learner 11 到達/重返, 等待人數: 4/18
[Barrier] Learner 17 到達/重返, 等待人數: 5/18
[Barrier] Learner 12 到達/重返, 等待人數: 6/18
[Barrier] Learner 2 到達/重返, 等待人數: 7/18
[Barrier] Learner 7 到達/重返, 等待人數: 8/18
[Barrier] Learner 15 到達/重返, 等待人數: 9/18
[Barrier] Learner 8 到達/重返, 等待人數: 10/18
[Barrier] Learner 13 到達/重返, 等待人數: 11/18
[Barrier] Learner 3 到達/重返, 等待人數: 12/18
[Barrier] Learner 6 到達/重返, 等待人數: 13/18
[Barrier] Learner 5 到達/重返, 等待人數: 14/18
[Barrier] Learner 4 到達/重返, 等待人數: 15/18
[Barrier] Learner 0 到達/重返, 等待人數: 16/18
[Barrier] Learner 16 到達/重返, 等待人數: 17/18
[Table] MQ/CE SAT 填 hash=0xa1ca177ee0231f30
[Table] MQ/CE SAT 填 hash=0xd485a428d560c8bc
[Table] MQ/CE SAT 填 hash=0xede36a7dcfff9d82
[Table] MQ/CE SAT 填 hash=0x3cba26c595a082ea
[Table] MQ/CE SAT 填 hash=0x9c61b21f9f0a19ae
[Table] MQ/CE SAT 填 hash=0x998eff756c499eee
[Table] MQ/CE SAT 填 hash=0xef3f8e2b31cf438e
[Barrier] Learner 9 到達/重返, 等待人數: 18/18
[Global EQ] 啟動 Leader SAT 尋找反例
[Table] MQ/CE SAT 填 hash=0x19b80cae31e7862c
[Barrier] Learner 7 到達/重返, 等待人數: 1/18
[Barrier] Learner 8 到達/重返, 等待人數: 2/18
[Barrier] Learner 5 到達/重返, 等待人數: 3/18
[Barrier] Learner 13 到達/重返, 等待人數: 4/18
[Barrier] Learner 15 到達/重返, 等待人數: 5/18
[Barrier] Learner 17 到達/重返, 等待人數: 6/18
[Barrier] Learner 6 到達/重返, 等待人數: 7/18
[Barrier] Learner 0 到達/重返, 等待人數: 8/18
[Barrier] Learner 10 到達/重返, 等待人數: 9/18
[Barrier] Learner 3 到達/重返, 等待人數: 10/18
[Barrier] Learner 16 到達/重返, 等待人數: 11/18
[Barrier] Learner 1 到達/重返, 等待人數: 12/18
[Barrier] Learner 11 到達/重返, 等待人數: 13/18
[Barrier] Learner 14 到達/重返, 等待人數: 14/18
[Barrier] Learner 4 到達/重返, 等待人數: 15/18
[Barrier] Learner 12 到達/重返, 等待人數: 16/18
[Barrier] Learner 2 到達/重返, 等待人數: 17/18
[Table] MQ/CE SAT 填 hash=0xc246776f8a3254ac
[Table] MQ/CE SAT 填 hash=0x968dacd03657bbec
[Table] MQ/CE SAT 填 hash=0x63d22026411a1260
[Table] MQ/CE SAT 填 hash=0x7d2fe67b3bb8e726
[Table] MQ/CE SAT 填 hash=0x4f3102a0fce996ce
[Table] MQ/CE SAT 填 hash=0x46fb0c859b35318a
[Table] MQ/CE SAT 填 hash=0x9aea94b27e8b494a
[Table] MQ/CE SAT 填 hash=0xf09b23684410edea
[Table] MQ/CE SAT 填 hash=0x6dfea7edbbb5fe6a
[Barrier] Learner 9 到達/重返, 等待人數: 18/18
[Global EQ] 啟動 Leader SAT 尋找反例
[Barrier] Learner 9 到達/重返, 等待人數: 1/18
[Barrier] Learner 5 到達/重返, 等待人數: 2/18
[Barrier] Learner 3 到達/重返, 等待人數: 3/18
[Barrier] Learner 16 到達/重返, 等待人數: 4/18
[Barrier] Learner 17 到達/重返, 等待人數: 5/18
[Barrier] Learner 6 到達/重返, 等待人數: 6/18
[Barrier] Learner 12 到達/重返, 等待人數: 7/18
[Barrier] Learner 15 到達/重返, 等待人數: 8/18
[Barrier] Learner 10 到達/重返, 等待人數: 9/18
[Barrier] Learner 2 到達/重返, 等待人數: 10/18
[Barrier] Learner 7 到達/重返, 等待人數: 11/18
[Barrier] Learner 14 到達/重返, 等待人數: 12/18
[Barrier] Learner 11 到達/重返, 等待人數: 13/18
[Barrier] Learner 8 到達/重返, 等待人數: 14/18
[Barrier] Learner 0 到達/重返, 等待人數: 15/18
[Barrier] Learner 13 到達/重返, 等待人數: 16/18
[Barrier] Learner 4 到達/重返, 等待人數: 17/18
[Table] MQ/CE SAT 填 hash=0x18e2fe590a3f635c
[Table] MQ/CE SAT 填 hash=0x3240c4ae04de3822
[Table] MQ/CE SAT 填 hash=0x3eefa7d8822da285
[Table] MQ/CE SAT 填 hash=0x938e8a6cf7225945
[Barrier] Learner 1 到達/重返, 等待人數: 18/18
[Global EQ] 啟動 Leader SAT 尋找反例
[Barrier] Learner 1 到達/重返, 等待人數: 1/18
[Barrier] Learner 0 到達/重返, 等待人數: 2/18
[Barrier] Learner 5 到達/重返, 等待人數: 3/18
[Barrier] Learner 8 到達/重返, 等待人數: 4/18
[Barrier] Learner 17 到達/重返, 等待人數: 5/18
[Barrier] Learner 15 到達/重返, 等待人數: 6/18
[Barrier] Learner 4 到達/重返, 等待人數: 7/18
[Barrier] Learner 2 到達/重返, 等待人數: 8/18
[Barrier] Learner 7 到達/重返, 等待人數: 9/18
[Barrier] Learner 3 到達/重返, 等待人數: 10/18
[Barrier] Learner 11 到達/重返, 等待人數: 11/18
[Barrier] Learner 13 到達/重返, 等待人數: 12/18
[Barrier] Learner 6 到達/重返, 等待人數: 13/18
[Barrier] Learner 12 到達/重返, 等待人數: 14/18
[Barrier] Learner 16 到達/重返, 等待人數: 15/18
[Barrier] Learner 10 到達/重返, 等待人數: 16/18
[Barrier] Learner 9 到達/重返, 等待人數: 17/18
[Barrier] Learner 14 到達/重返, 等待人數: 18/18
[Global EQ] 啟動 Leader SAT 尋找反例
[Barrier] Learner 14 到達/重返, 等待人數: 1/18
[Barrier] Learner 16 到達/重返, 等待人數: 2/18
[Barrier] Learner 2 到達/重返, 等待人數: 3/18
[Barrier] Learner 7 到達/重返, 等待人數: 4/18
[Barrier] Learner 12 到達/重返, 等待人數: 5/18
[Barrier] Learner 1 到達/重返, 等待人數: 6/18
[Barrier] Learner 8 到達/重返, 等待人數: 7/18
[Barrier] Learner 10 到達/重返, 等待人數: 8/18
[Barrier] Learner 13 到達/重返, 等待人數: 9/18
[Barrier] Learner 0 到達/重返, 等待人數: 10/18
[Barrier] Learner 3 到達/重返, 等待人數: 11/18
[Barrier] Learner 15 到達/重返, 等待人數: 12/18
[Barrier] Learner 11 到達/重返, 等待人數: 13/18
[Barrier] Learner 6 到達/重返, 等待人數: 14/18
[Barrier] Learner 4 到達/重返, 等待人數: 15/18
[Barrier] Learner 5 到達/重返, 等待人數: 16/18
[Barrier] Learner 17 到達/重返, 等待人數: 17/18
[Table] MQ/CE SAT 填 hash=0x57b00406d0f092fc
[Table] MQ/CE SAT 填 hash=0x710dca5bcb8f67c2
[Table] MQ/CE SAT 填 hash=0x16c98272f119bb82
[Barrier] Learner 9 到達/重返, 等待人數: 18/18
[Global EQ] 啟動 Leader SAT 尋找反例
[Barrier] Learner 9 到達/重返, 等待人數: 1/18
[Barrier] Learner 6 到達/重返, 等待人數: 2/18
[Barrier] Learner 17 到達/重返, 等待人數: 3/18
[Barrier] Learner 7 到達/重返, 等待人數: 4/18
[Barrier] Learner 14 到達/重返, 等待人數: 5/18
[Barrier] Learner 11 到達/重返, 等待人數: 6/18
[Barrier] Learner 16 到達/重返, 等待人數: 7/18
[Barrier] Learner 2 到達/重返, 等待人數: 8/18
[Barrier] Learner 12 到達/重返, 等待人數: 9/18
[Barrier] Learner 3 到達/重返, 等待人數: 10/18
[Barrier] Learner 4 到達/重返, 等待人數: 11/18
[Barrier] Learner 15 到達/重返, 等待人數: 12/18
[Barrier] Learner 13 到達/重返, 等待人數: 13/18
[Barrier] Learner 5 到達/重返, 等待人數: 14/18
[Barrier] Learner 8 到達/重返, 等待人數: 15/18
[Barrier] Learner 1 到達/重返, 等待人數: 16/18
[Barrier] Learner 0 到達/重返, 等待人數: 17/18
[Table] MQ/CE SAT 填 hash=0x32c4ff876eb84222
[Barrier] Learner 10 到達/重返, 等待人數: 18/18
[Global EQ] 啟動 Leader SAT 尋找反例
[Barrier] Learner 10 到達/重返, 等待人數: 1/18
[Barrier] Learner 0 到達/重返, 等待人數: 2/18
[Barrier] Learner 17 到達/重返, 等待人數: 3/18
[Barrier] Learner 13 到達/重返, 等待人數: 4/18
[Barrier] Learner 6 到達/重返, 等待人數: 5/18
[Barrier] Learner 16 到達/重返, 等待人數: 6/18
[Barrier] Learner 12 到達/重返, 等待人數: 7/18
[Barrier] Learner 5 到達/重返, 等待人數: 8/18
[Barrier] Learner 14 到達/重返, 等待人數: 9/18
[Barrier] Learner 9 到達/重返, 等待人數: 10/18
[Barrier] Learner 7 到達/重返, 等待人數: 11/18
[Barrier] Learner 4 到達/重返, 等待人數: 12/18
[Barrier] Learner 11 到達/重返, 等待人數: 13/18
[Barrier] Learner 15 到達/重返, 等待人數: 14/18
[Barrier] Learner 3 到達/重返, 等待人數: 15/18
[Barrier] Learner 8 到達/重返, 等待人數: 16/18
[Barrier] Learner 2 到達/重返, 等待人數: 17/18
[Table] MQ/CE SAT 填 hash=0xd29b9a680a7a331a
[Table] MQ/CE SAT 填 hash=0x580c1380f0feb4f2
[Table] MQ/CE SAT 填 hash=0x36d30ec7c09fe32
[Table] MQ/CE SAT 填 hash=0x953eb319b94fb9e2
[Barrier] Learner 1 到達/重返, 等待人數: 18/18
[Global EQ] 啟動 Leader SAT 尋找反例
[Barrier] Learner 1 到達/重返, 等待人數: 1/18
[Barrier] Learner 16 到達/重返, 等待人數: 2/18
[Barrier] Learner 9 到達/重返, 等待人數: 3/18
[Barrier] Learner 17 到達/重返, 等待人數: 4/18
[Barrier] Learner 6 到達/重返, 等待人數: 5/18
[Barrier] Learner 11 到達/重返, 等待人數: 6/18
[Barrier] Learner 4 到達/重返, 等待人數: 7/18
[Barrier] Learner 10 到達/重返, 等待人數: 8/18
[Barrier] Learner 3 到達/重返, 等待人數: 9/18
[Barrier] Learner 2 到達/重返, 等待人數: 10/18
[Barrier] Learner 5 到達/重返, 等待人數: 11/18
[Barrier] Learner 13 到達/重返, 等待人數: 12/18
[Barrier] Learner 14 到達/重返, 等待人數: 13/18
[Barrier] Learner 0 到達/重返, 等待人數: 14/18
[Barrier] Learner 7 到達/重返, 等待人數: 15/18
[Barrier] Learner 15 到達/重返, 等待人數: 16/18
[Barrier] Learner 12 到達/重返, 等待人數: 17/18
[Table] MQ/CE SAT 填 hash=0x704fea3548ee3c40
[Table] MQ/CE SAT 填 hash=0xbfbda41d2dd05410
[Barrier] Learner 8 到達/重返, 等待人數: 18/18
[Global EQ] 啟動 Leader SAT 尋找反例
[Barrier] Learner 6 到達/重返, 等待人數: 1/18
[Barrier] Learner 3 到達/重返, 等待人數: 2/18
[Barrier] Learner 13 到達/重返, 等待人數: 3/18
[Barrier] Learner 5 到達/重返, 等待人數: 4/18
[Barrier] Learner 14 到達/重返, 等待人數: 5/18
[Barrier] Learner 15 到達/重返, 等待人數: 6/18
[Barrier] Learner 7 到達/重返, 等待人數: 7/18
[Barrier] Learner 11 到達/重返, 等待人數: 8/18
[Barrier] Learner 17 到達/重返, 等待人數: 9/18
[Barrier] Learner 1 到達/重返, 等待人數: 10/18
[Barrier] Learner 12 到達/重返, 等待人數: 11/18
[Barrier] Learner 4 到達/重返, 等待人數: 12/18
[Barrier] Learner 2 到達/重返, 等待人數: 13/18
[Barrier] Learner 9 到達/重返, 等待人數: 14/18
[Barrier] Learner 16 到達/重返, 等待人數: 15/18
[Barrier] Learner 0 到達/重返, 等待人數: 16/18
[Barrier] Learner 10 到達/重返, 等待人數: 17/18
[Table] MQ/CE SAT 填 hash=0xe6fc80043ca9dca0
[Table] MQ/CE SAT 填 hash=0x5a46593748b166
[Table] MQ/CE SAT 填 hash=0x560ad50efcce5606
[Table] MQ/CE SAT 填 hash=0x248b2f1725090386
[Table] MQ/CE SAT 填 hash=0x217d5ead36184056
[Barrier] Learner 8 到達/重返, 等待人數: 18/18
[Global EQ] 啟動 Leader SAT 尋找反例
[Barrier] Learner 8 到達/重返, 等待人數: 1/18
[Barrier] Learner 17 到達/重返, 等待人數: 2/18
[Barrier] Learner 12 到達/重返, 等待人數: 3/18
[Barrier] Learner 4 到達/重返, 等待人數: 4/18
[Barrier] Learner 7 到達/重返, 等待人數: 5/18
[Barrier] Learner 5 到達/重返, 等待人數: 6/18
[Barrier] Learner 3 到達/重返, 等待人數: 7/18
[Barrier] Learner 9 到達/重返, 等待人數: 8/18
[Barrier] Learner 0 到達/重返, 等待人數: 9/18
[Barrier] Learner 11 到達/重返, 等待人數: 10/18
[Barrier] Learner 1 到達/重返, 等待人數: 11/18
[Barrier] Learner 2 到達/重返, 等待人數: 12/18
[Barrier] Learner 6 到達/重返, 等待人數: 13/18
[Barrier] Learner 14 到達/重返, 等待人數: 14/18
[Barrier] Learner 15 到達/重返, 等待人數: 15/18
[Barrier] Learner 16 到達/重返, 等待人數: 16/18
[Barrier] Learner 13 到達/重返, 等待人數: 17/18
[Barrier] Learner 10 到達/重返, 等待人數: 18/18
[Global EQ] 啟動 Leader SAT 尋找反例
[Barrier] Learner 10 到達/重返, 等待人數: 1/18
[Barrier] Learner 6 到達/重返, 等待人數: 2/18
[Barrier] Learner 5 到達/重返, 等待人數: 3/18
[Barrier] Learner 9 到達/重返, 等待人數: 4/18
[Barrier] Learner 2 到達/重返, 等待人數: 5/18
[Barrier] Learner 0 到達/重返, 等待人數: 6/18
[Barrier] Learner 17 到達/重返, 等待人數: 7/18
[Barrier] Learner 11 到達/重返, 等待人數: 8/18
[Barrier] Learner 15 到達/重返, 等待人數: 9/18
[Barrier] Learner 1 到達/重返, 等待人數: 10/18
[Barrier] Learner 14 到達/重返, 等待人數: 11/18
[Barrier] Learner 13 到達/重返, 等待人數: 12/18
[Barrier] Learner 4 到達/重返, 等待人數: 13/18
[Barrier] Learner 7 到達/重返, 等待人數: 14/18
[Barrier] Learner 16 到達/重返, 等待人數: 15/18
[Barrier] Learner 12 到達/重返, 等待人數: 16/18
[Barrier] Learner 8 到達/重返, 等待人數: 17/18
[Barrier] Learner 3 到達/重返, 等待人數: 18/18
[Global EQ] 啟動 Leader SAT 尋找反例
[Barrier] Learner 8 到達/重返, 等待人數: 1/18
[Barrier] Learner 3 到達/重返, 等待人數: 2/18
[Barrier] Learner 5 到達/重返, 等待人數: 3/18
[Barrier] Learner 15 到達/重返, 等待人數: 4/18
[Barrier] Learner 6 到達/重返, 等待人數: 5/18
[Barrier] Learner 2 到達/重返, 等待人數: 6/18
[Barrier] Learner 10 到達/重返, 等待人數: 7/18
[Barrier] Learner 4 到達/重返, 等待人數: 8/18
[Barrier] Learner 13 到達/重返, 等待人數: 9/18
[Barrier] Learner 12 到達/重返, 等待人數: 10/18
[Barrier] Learner 17 到達/重返, 等待人數: 11/18
[Barrier] Learner 11 到達/重返, 等待人數: 12/18
[Barrier] Learner 14 到達/重返, 等待人數: 13/18
[Barrier] Learner 16 到達/重返, 等待人數: 14/18
[Barrier] Learner 0 到達/重返, 等待人數: 15/18
[Barrier] Learner 7 到達/重返, 等待人數: 16/18
[Barrier] Learner 9 到達/重返, 等待人數: 17/18
[Barrier] Learner 1 到達/重返, 等待人數: 18/18
[Global EQ] 啟動 Leader SAT 尋找反例
[Barrier] Learner 1 到達/重返, 等待人數: 1/18
[Barrier] Learner 12 到達/重返, 等待人數: 2/18
[Barrier] Learner 11 到達/重返, 等待人數: 3/18
[Barrier] Learner 8 到達/重返, 等待人數: 4/18
[Barrier] Learner 6 到達/重返, 等待人數: 5/18
[Barrier] Learner 2 到達/重返, 等待人數: 6/18
[Barrier] Learner 4 到達/重返, 等待人數: 7/18
[Barrier] Learner 3 到達/重返, 等待人數: 8/18
[Barrier] Learner 15 到達/重返, 等待人數: 9/18
[Barrier] Learner 16 到達/重返, 等待人數: 10/18
[Barrier] Learner 0 到達/重返, 等待人數: 11/18
[Barrier] Learner 14 到達/重返, 等待人數: 12/18
[Barrier] Learner 13 到達/重返, 等待人數: 13/18
[Barrier] Learner 5 到達/重返, 等待人數: 14/18
[Barrier] Learner 10 到達/重返, 等待人數: 15/18
[Barrier] Learner 7 到達/重返, 等待人數: 16/18
[Barrier] Learner 17 到達/重返, 等待人數: 17/18
[Barrier] Learner 9 到達/重返, 等待人數: 18/18
[Global EQ] 啟動 Leader SAT 尋找反例
[Barrier] Learner 5 到達/重返, 等待人數: 1/18
[Barrier] Learner 1 到達/重返, 等待人數: 2/18
[Barrier] Learner 11 到達/重返, 等待人數: 3/18
[Barrier] Learner 15 到達/重返, 等待人數: 4/18
[Barrier] Learner 0 到達/重返, 等待人數: 5/18
[Barrier] Learner 13 到達/重返, 等待人數: 6/18
[Barrier] Learner 6 到達/重返, 等待人數: 7/18
[Barrier] Learner 7 到達/重返, 等待人數: 8/18
[Barrier] Learner 2 到達/重返, 等待人數: 9/18
[Barrier] Learner 14 到達/重返, 等待人數: 10/18
[Barrier] Learner 3 到達/重返, 等待人數: 11/18
[Barrier] Learner 16 到達/重返, 等待人數: 12/18
[Barrier] Learner 12 到達/重返, 等待人數: 13/18
[Barrier] Learner 8 到達/重返, 等待人數: 14/18
[Barrier] Learner 10 到達/重返, 等待人數: 15/18
[Barrier] Learner 4 到達/重返, 等待人數: 16/18
[Barrier] Learner 17 到達/重返, 等待人數: 17/18
[Table] MQ/CE SAT 填 hash=0xabbb63c4c253faa6
[Barrier] Learner 9 到達/重返, 等待人數: 18/18
[Global EQ] 啟動 Leader SAT 尋找反例
[Barrier] Learner 12 到達/重返, 等待人數: 1/18
[Barrier] Learner 9 到達/重返, 等待人數: 2/18
[Barrier] Learner 14 到達/重返, 等待人數: 3/18
[Barrier] Learner 5 到達/重返, 等待人數: 4/18
[Barrier] Learner 10 到達/重返, 等待人數: 5/18
[Barrier] Learner 16 到達/重返, 等待人數: 6/18
[Barrier] Learner 6 到達/重返, 等待人數: 7/18
[Barrier] Learner 15 到達/重返, 等待人數: 8/18
[Barrier] Learner 11 到達/重返, 等待人數: 9/18
[Barrier] Learner 1 到達/重返, 等待人數: 10/18
[Barrier] Learner 2 到達/重返, 等待人數: 11/18
[Barrier] Learner 0 到達/重返, 等待人數: 12/18
[Barrier] Learner 13 到達/重返, 等待人數: 13/18
[Barrier] Learner 3 到達/重返, 等待人數: 14/18
[Barrier] Learner 17 到達/重返, 等待人數: 15/18
[Barrier] Learner 8 到達/重返, 等待人數: 16/18
[Barrier] Learner 7 到達/重返, 等待人數: 17/18
[Barrier] Learner 4 到達/重返, 等待人數: 18/18
[Global EQ] 啟動 Leader SAT 尋找反例
[Barrier] Learner 4 到達/重返, 等待人數: 1/18
[Barrier] Learner 10 到達/重返, 等待人數: 2/18
[Barrier] Learner 8 到達/重返, 等待人數: 3/18
[Barrier] Learner 15 到達/重返, 等待人數: 4/18
[Barrier] Learner 16 到達/重返, 等待人數: 5/18
[Barrier] Learner 17 到達/重返, 等待人數: 6/18
[Barrier] Learner 12 到達/重返, 等待人數: 7/18
[Barrier] Learner 5 到達/重返, 等待人數: 8/18
[Barrier] Learner 3 到達/重返, 等待人數: 9/18
[Barrier] Learner 11 到達/重返, 等待人數: 10/18
[Barrier] Learner 1 到達/重返, 等待人數: 11/18
[Barrier] Learner 14 到達/重返, 等待人數: 12/18
[Barrier] Learner 9 到達/重返, 等待人數: 13/18
[Barrier] Learner 2 到達/重返, 等待人數: 14/18
[Barrier] Learner 7 到達/重返, 等待人數: 15/18
[Barrier] Learner 13 到達/重返, 等待人數: 16/18
[Barrier] Learner 6 到達/重返, 等待人數: 17/18
[Barrier] Learner 0 到達/重返, 等待人數: 18/18
[Global EQ] 啟動 Leader SAT 尋找反例
[Barrier] Learner 8 到達/重返, 等待人數: 1/18
[Barrier] Learner 3 到達/重返, 等待人數: 2/18
[Barrier] Learner 16 到達/重返, 等待人數: 3/18
[Barrier] Learner 15 到達/重返, 等待人數: 4/18
[Barrier] Learner 9 到達/重返, 等待人數: 5/18
[Barrier] Learner 12 到達/重返, 等待人數: 6/18
[Barrier] Learner 17 到達/重返, 等待人數: 7/18
[Barrier] Learner 14 到達/重返, 等待人數: 8/18
[Barrier] Learner 11 到達/重返, 等待人數: 9/18
[Barrier] Learner 2 到達/重返, 等待人數: 10/18
[Barrier] Learner 6 到達/重返, 等待人數: 11/18
[Barrier] Learner 13 到達/重返, 等待人數: 12/18
[Barrier] Learner 4 到達/重返, 等待人數: 13/18
[Barrier] Learner 5 到達/重返, 等待人數: 14/18
[Barrier] Learner 7 到達/重返, 等待人數: 15/18
[Barrier] Learner 1 到達/重返, 等待人數: 16/18
[Barrier] Learner 10 到達/重返, 等待人數: 17/18
[Table] MQ/CE SAT 填 hash=0xe897380ec43605a8
[Table] MQ/CE SAT 填 hash=0xf8eac77e15416398
[Barrier] Learner 0 到達/重返, 等待人數: 18/18
[Global EQ] 啟動 Leader SAT 尋找反例
[Barrier] Learner 3 到達/重返, 等待人數: 1/18
[Barrier] Learner 8 到達/重返, 等待人數: 2/18
[Barrier] Learner 14 到達/重返, 等待人數: 3/18
[Barrier] Learner 0 到達/重返, 等待人數: 4/18
[Barrier] Learner 16 到達/重返, 等待人數: 5/18
[Barrier] Learner 17 到達/重返, 等待人數: 6/18
[Barrier] Learner 10 到達/重返, 等待人數: 7/18
[Barrier] Learner 2 到達/重返, 等待人數: 8/18
[Barrier] Learner 4 到達/重返, 等待人數: 9/18
[Barrier] Learner 5 到達/重返, 等待人數: 10/18
[Barrier] Learner 9 到達/重返, 等待人數: 11/18
[Barrier] Learner 7 到達/重返, 等待人數: 12/18
[Barrier] Learner 13 到達/重返, 等待人數: 13/18
[Barrier] Learner 15 到達/重返, 等待人數: 14/18
[Barrier] Learner 1 到達/重返, 等待人數: 15/18
[Barrier] Learner 12 到達/重返, 等待人數: 16/18
[Barrier] Learner 6 到達/重返, 等待人數: 17/18
[Barrier] Learner 11 到達/重返, 等待人數: 18/18
[Global EQ] 啟動 Leader SAT 尋找反例
[Barrier] Learner 11 到達/重返, 等待人數: 1/18
[Barrier] Learner 17 到達/重返, 等待人數: 2/18
[Barrier] Learner 14 到達/重返, 等待人數: 3/18
[Barrier] Learner 12 到達/重返, 等待人數: 4/18
[Barrier] Learner 7 到達/重返, 等待人數: 5/18
[Barrier] Learner 3 到達/重返, 等待人數: 6/18
[Barrier] Learner 8 到達/重返, 等待人數: 7/18
[Barrier] Learner 10 到達/重返, 等待人數: 8/18
[Barrier] Learner 2 到達/重返, 等待人數: 9/18
[Barrier] Learner 4 到達/重返, 等待人數: 10/18
[Barrier] Learner 6 到達/重返, 等待人數: 11/18
[Barrier] Learner 9 到達/重返, 等待人數: 12/18
[Barrier] Learner 13 到達/重返, 等待人數: 13/18
[Barrier] Learner 15 到達/重返, 等待人數: 14/18
[Barrier] Learner 1 到達/重返, 等待人數: 15/18
[Barrier] Learner 5 到達/重返, 等待人數: 16/18
[Barrier] Learner 16 到達/重返, 等待人數: 17/18
[Table] MQ/CE SAT 填 hash=0xbceab5ac0b1dc5cd
[Table] MQ/CE SAT 填 hash=0x67c2fd06ede0981d
[Barrier] Learner 0 到達/重返, 等待人數: 18/18
[Global EQ] 啟動 Leader SAT 尋找反例
[Barrier] Learner 8 到達/重返, 等待人數: 1/18
[Barrier] Learner 10 到達/重返, 等待人數: 2/18
[Barrier] Learner 3 到達/重返, 等待人數: 3/18
[Barrier] Learner 0 到達/重返, 等待人數: 4/18
[Barrier] Learner 4 到達/重返, 等待人數: 5/18
[Barrier] Learner 6 到達/重返, 等待人數: 6/18
[Barrier] Learner 2 到達/重返, 等待人數: 7/18
[Barrier] Learner 16 到達/重返, 等待人數: 8/18
[Barrier] Learner 17 到達/重返, 等待人數: 9/18
[Barrier] Learner 5 到達/重返, 等待人數: 10/18
[Barrier] Learner 14 到達/重返, 等待人數: 11/18
[Barrier] Learner 12 到達/重返, 等待人數: 12/18
[Barrier] Learner 11 到達/重返, 等待人數: 13/18
[Barrier] Learner 13 到達/重返, 等待人數: 14/18
[Barrier] Learner 1 到達/重返, 等待人數: 15/18
[Barrier] Learner 7 到達/重返, 等待人數: 16/18
[Barrier] Learner 9 到達/重返, 等待人數: 17/18
[Barrier] Learner 15 到達/重返, 等待人數: 18/18
[Global EQ] 啟動 Leader SAT 尋找反例
[Barrier] Learner 15 到達/重返, 等待人數: 1/18
[Barrier] Learner 11 到達/重返, 等待人數: 2/18
[Barrier] Learner 2 到達/重返, 等待人數: 3/18
[Barrier] Learner 16 到達/重返, 等待人數: 4/18
[Barrier] Learner 4 到達/重返, 等待人數: 5/18
[Barrier] Learner 1 到達/重返, 等待人數: 6/18
[Barrier] Learner 10 到達/重返, 等待人數: 7/18
[Barrier] Learner 13 到達/重返, 等待人數: 8/18
[Barrier] Learner 8 到達/重返, 等待人數: 9/18
[Barrier] Learner 0 到達/重返, 等待人數: 10/18
[Barrier] Learner 14 到達/重返, 等待人數: 11/18
[Barrier] Learner 9 到達/重返, 等待人數: 12/18
[Barrier] Learner 12 到達/重返, 等待人數: 13/18
[Barrier] Learner 7 到達/重返, 等待人數: 14/18
[Barrier] Learner 17 到達/重返, 等待人數: 15/18
[Barrier] Learner 6 到達/重返, 等待人數: 16/18
[Barrier] Learner 3 到達/重返, 等待人數: 17/18
[Barrier] Learner 5 到達/重返, 等待人數: 18/18
[Global EQ] 啟動 Leader SAT 尋找反例
[Barrier] Learner 8 到達/重返, 等待人數: 1/18
[Barrier] Learner 10 到達/重返, 等待人數: 2/18
[Barrier] Learner 16 到達/重返, 等待人數: 3/18
[Barrier] Learner 12 到達/重返, 等待人數: 4/18
[Barrier] Learner 4 到達/重返, 等待人數: 5/18
[Barrier] Learner 13 到達/重返, 等待人數: 6/18
[Barrier] Learner 5 到達/重返, 等待人數: 7/18
[Barrier] Learner 7 到達/重返, 等待人數: 8/18
[Barrier] Learner 1 到達/重返, 等待人數: 9/18
[Barrier] Learner 15 到達/重返, 等待人數: 10/18
[Barrier] Learner 14 到達/重返, 等待人數: 11/18
[Barrier] Learner 11 到達/重返, 等待人數: 12/18
[Barrier] Learner 6 到達/重返, 等待人數: 13/18
[Barrier] Learner 0 到達/重返, 等待人數: 14/18
[Barrier] Learner 3 到達/重返, 等待人數: 15/18
[Barrier] Learner 17 到達/重返, 等待人數: 16/18
[Barrier] Learner 2 到達/重返, 等待人數: 17/18
[Barrier] Learner 9 到達/重返, 等待人數: 18/18
[Global EQ] 啟動 Leader SAT 尋找反例
[Barrier] Learner 11 到達/重返, 等待人數: 1/18
[Barrier] Learner 10 到達/重返, 等待人數: 2/18
[Barrier] Learner 5 到達/重返, 等待人數: 3/18
[Barrier] Learner 16 到達/重返, 等待人數: 4/18
[Barrier] Learner 14 到達/重返, 等待人數: 5/18
[Barrier] Learner 0 到達/重返, 等待人數: 6/18
[Barrier] Learner 2 到達/重返, 等待人數: 7/18
[Barrier] Learner 12 到達/重返, 等待人數: 8/18
[Barrier] Learner 1 到達/重返, 等待人數: 9/18
[Barrier] Learner 7 到達/重返, 等待人數: 10/18
[Barrier] Learner 17 到達/重返, 等待人數: 11/18
[Barrier] Learner 8 到達/重返, 等待人數: 12/18
[Barrier] Learner 3 到達/重返, 等待人數: 13/18
[Barrier] Learner 13 到達/重返, 等待人數: 14/18
[Barrier] Learner 4 到達/重返, 等待人數: 15/18
[Barrier] Learner 15 到達/重返, 等待人數: 16/18
[Barrier] Learner 6 到達/重返, 等待人數: 17/18
[Table] MQ/CE SAT 填 hash=0x3e6ec8293b617c
[Table] MQ/CE SAT 填 hash=0x199c351d23da3642
[Table] MQ/CE SAT 填 hash=0x6872f164e97b1baa
[Table] MQ/CE SAT 填 hash=0xbd11d3f95e6fd26a
[Barrier] Learner 9 到達/重返, 等待人數: 18/18
[Global EQ] 啟動 Leader SAT 尋找反例
[Barrier] Learner 9 到達/重返, 等待人數: 1/18
[Barrier] Learner 12 到達/重返, 等待人數: 2/18
[Barrier] Learner 4 到達/重返, 等待人數: 3/18
[Barrier] Learner 8 到達/重返, 等待人數: 4/18
[Barrier] Learner 14 到達/重返, 等待人數: 5/18
[Barrier] Learner 1 到達/重返, 等待人數: 6/18
[Barrier] Learner 16 到達/重返, 等待人數: 7/18
[Barrier] Learner 15 到達/重返, 等待人數: 8/18
[Barrier] Learner 7 到達/重返, 等待人數: 9/18
[Barrier] Learner 11 到達/重返, 等待人數: 10/18
[Barrier] Learner 2 到達/重返, 等待人數: 11/18
[Barrier] Learner 17 到達/重返, 等待人數: 12/18
[Barrier] Learner 3 到達/重返, 等待人數: 13/18
[Barrier] Learner 0 到達/重返, 等待人數: 14/18
[Barrier] Learner 13 到達/重返, 等待人數: 15/18
[Barrier] Learner 5 到達/重返, 等待人數: 16/18
[Barrier] Learner 6 到達/重返, 等待人數: 17/18
[Table] MQ/CE SAT 填 hash=0xa74b70d7315c18e9
[Barrier] Learner 10 到達/重返, 等待人數: 18/18
[Global EQ] 啟動 Leader SAT 尋找反例
[Barrier] Learner 10 到達/重返, 等待人數: 1/18
[Barrier] Learner 17 到達/重返, 等待人數: 2/18
[Barrier] Learner 9 到達/重返, 等待人數: 3/18
[Barrier] Learner 15 到達/重返, 等待人數: 4/18
[Barrier] Learner 6 到達/重返, 等待人數: 5/18
[Barrier] Learner 1 到達/重返, 等待人數: 6/18
[Barrier] Learner 12 到達/重返, 等待人數: 7/18
[Barrier] Learner 5 到達/重返, 等待人數: 8/18
[Barrier] Learner 7 到達/重返, 等待人數: 9/18
[Barrier] Learner 11 到達/重返, 等待人數: 10/18
[Barrier] Learner 3 到達/重返, 等待人數: 11/18
[Barrier] Learner 16 到達/重返, 等待人數: 12/18
[Barrier] Learner 14 到達/重返, 等待人數: 13/18
[Barrier] Learner 2 到達/重返, 等待人數: 14/18
[Barrier] Learner 0 到達/重返, 等待人數: 15/18
[Barrier] Learner 4 到達/重返, 等待人數: 16/18
[Barrier] Learner 13 到達/重返, 等待人數: 17/18
[Table] MQ/CE SAT 填 hash=0xa9a1ee612d7124c8
[Table] MQ/CE SAT 填 hash=0xdeb3bbb9587a7e98
[Table] MQ/CE SAT 填 hash=0x76d63a43ed5c8290
[Table] MQ/CE SAT 填 hash=0x44a380a75657642
[Table] MQ/CE SAT 填 hash=0xe0e09c3d63573c7b
[Table] MQ/CE SAT 填 hash=0xf1342bacb4629a6b
[Barrier] Learner 8 到達/重返, 等待人數: 18/18
[Global EQ] 啟動 Leader SAT 尋找反例
[Barrier] Learner 15 到達/重返, 等待人數: 1/18
[Barrier] Learner 5 到達/重返, 等待人數: 2/18
[Barrier] Learner 3 到達/重返, 等待人數: 3/18
[Barrier] Learner 2 到達/重返, 等待人數: 4/18
[Barrier] Learner 6 到達/重返, 等待人數: 5/18
[Barrier] Learner 12 到達/重返, 等待人數: 6/18
[Barrier] Learner 0 到達/重返, 等待人數: 7/18
[Barrier] Learner 11 到達/重返, 等待人數: 8/18
[Barrier] Learner 1 到達/重返, 等待人數: 9/18
[Barrier] Learner 9 到達/重返, 等待人數: 10/18
[Barrier] Learner 14 到達/重返, 等待人數: 11/18
[Barrier] Learner 13 到達/重返, 等待人數: 12/18
[Barrier] Learner 4 到達/重返, 等待人數: 13/18
[Barrier] Learner 7 到達/重返, 等待人數: 14/18
[Barrier] Learner 17 到達/重返, 等待人數: 15/18
[Barrier] Learner 16 到達/重返, 等待人數: 16/18
[Barrier] Learner 10 到達/重返, 等待人數: 17/18
[Table] MQ/CE SAT 填 hash=0x7d5b84fb7adf98d2
[Table] MQ/CE SAT 填 hash=0x4849b7a34fd63f02
[Table] MQ/CE SAT 填 hash=0xbf28f5f7862e850
[Barrier] Learner 8 到達/重返, 等待人數: 18/18
[Global EQ] 啟動 Leader SAT 尋找反例
[Barrier] Learner 8 到達/重返, 等待人數: 1/18
[Barrier] Learner 0 到達/重返, 等待人數: 2/18
[Barrier] Learner 15 到達/重返, 等待人數: 3/18
[Barrier] Learner 11 到達/重返, 等待人數: 4/18
[Barrier] Learner 2 到達/重返, 等待人數: 5/18
[Barrier] Learner 5 到達/重返, 等待人數: 6/18
[Barrier] Learner 6 到達/重返, 等待人數: 7/18
[Barrier] Learner 10 到達/重返, 等待人數: 8/18
[Barrier] Learner 9 到達/重返, 等待人數: 9/18
[Barrier] Learner 1 到達/重返, 等待人數: 10/18
[Barrier] Learner 7 到達/重返, 等待人數: 11/18
[Barrier] Learner 12 到達/重返, 等待人數: 12/18
[Barrier] Learner 17 到達/重返, 等待人數: 13/18
[Barrier] Learner 3 到達/重返, 等待人數: 14/18
[Barrier] Learner 16 到達/重返, 等待人數: 15/18
[Barrier] Learner 4 到達/重返, 等待人數: 16/18
[Barrier] Learner 14 到達/重返, 等待人數: 17/18
[Barrier] Learner 13 到達/重返, 等待人數: 18/18
[Global EQ] 啟動 Leader SAT 尋找反例
[Barrier] Learner 8 到達/重返, 等待人數: 1/18
[Barrier] Learner 7 到達/重返, 等待人數: 2/18
[Barrier] Learner 2 到達/重返, 等待人數: 3/18
[Barrier] Learner 17 到達/重返, 等待人數: 4/18
[Barrier] Learner 14 到達/重返, 等待人數: 5/18
[Barrier] Learner 10 到達/重返, 等待人數: 6/18
[Barrier] Learner 11 到達/重返, 等待人數: 7/18
[Barrier] Learner 3 到達/重返, 等待人數: 8/18
[Barrier] Learner 1 到達/重返, 等待人數: 9/18
[Barrier] Learner 15 到達/重返, 等待人數: 10/18
[Barrier] Learner 0 到達/重返, 等待人數: 11/18
[Barrier] Learner 12 到達/重返, 等待人數: 12/18
[Barrier] Learner 5 到達/重返, 等待人數: 13/18
[Barrier] Learner 6 到達/重返, 等待人數: 14/18
[Barrier] Learner 4 到達/重返, 等待人數: 15/18
[Barrier] Learner 16 到達/重返, 等待人數: 16/18
[Table] MQ/CE SAT 填 hash=0x52a144f874154f63
[Table] MQ/CE SAT 填 hash=0x768b4217063439b1
[Table] MQ/CE SAT 填 hash=0xa740278ce90a0623
[Table] MQ/CE SAT 填 hash=0x518f98d723846183
[Table] MQ/CE SAT 填 hash=0xa946cec0fb71e33d
[Barrier] Learner 13 到達/重返, 等待人數: 17/18
[Table] MQ/CE SAT 填 hash=0x8fe9086c00d30e77
[Table] MQ/CE SAT 填 hash=0x1d763ee968f3fbde
[Table] MQ/CE SAT 填 hash=0x7215217ddde8b29e
[Barrier] Learner 9 到達/重返, 等待人數: 18/18
[Global EQ] 啟動 Leader SAT 尋找反例
[Barrier] Learner 9 到達/重返, 等待人數: 1/18
[Barrier] Learner 11 到達/重返, 等待人數: 2/18
[Barrier] Learner 6 到達/重返, 等待人數: 3/18
[Barrier] Learner 17 到達/重返, 等待人數: 4/18
[Barrier] Learner 13 到達/重返, 等待人數: 5/18
[Barrier] Learner 14 到達/重返, 等待人數: 6/18
[Barrier] Learner 12 到達/重返, 等待人數: 7/18
[Barrier] Learner 0 到達/重返, 等待人數: 8/18
[Barrier] Learner 10 到達/重返, 等待人數: 9/18
[Barrier] Learner 2 到達/重返, 等待人數: 10/18
[Barrier] Learner 4 到達/重返, 等待人數: 11/18
[Barrier] Learner 3 到達/重返, 等待人數: 12/18
[Barrier] Learner 5 到達/重返, 等待人數: 13/18
[Barrier] Learner 7 到達/重返, 等待人數: 14/18
[Barrier] Learner 15 到達/重返, 等待人數: 15/18
[Barrier] Learner 16 到達/重返, 等待人數: 16/18
[Table] MQ/CE SAT 填 hash=0x4e79068a9f22c72c
[Barrier] Learner 1 到達/重返, 等待人數: 17/18
[Barrier] Learner 8 到達/重返, 等待人數: 18/18
[Global EQ] 啟動 Leader SAT 尋找反例
[Barrier] Learner 15 到達/重返, 等待人數: 1/18
[Barrier] Learner 6 到達/重返, 等待人數: 2/18
[Barrier] Learner 8 到達/重返, 等待人數: 3/18
[Barrier] Learner 9 到達/重返, 等待人數: 4/18
[Barrier] Learner 17 到達/重返, 等待人數: 5/18
[Barrier] Learner 4 到達/重返, 等待人數: 6/18
[Barrier] Learner 11 到達/重返, 等待人數: 7/18
[Barrier] Learner 13 到達/重返, 等待人數: 8/18
[Barrier] Learner 16 到達/重返, 等待人數: 9/18
[Barrier] Learner 5 到達/重返, 等待人數: 10/18
[Barrier] Learner 12 到達/重返, 等待人數: 11/18
[Barrier] Learner 3 到達/重返, 等待人數: 12/18
[Barrier] Learner 7 到達/重返, 等待人數: 13/18
[Barrier] Learner 10 到達/重返, 等待人數: 14/18
[Barrier] Learner 2 到達/重返, 等待人數: 15/18
[Barrier] Learner 0 到達/重返, 等待人數: 16/18
[Barrier] Learner 1 到達/重返, 等待人數: 17/18
[Barrier] Learner 14 到達/重返, 等待人數: 18/18
[Global EQ] 啟動 Leader SAT 尋找反例
[Barrier] Learner 14 到達/重返, 等待人數: 1/18
[Barrier] Learner 0 到達/重返, 等待人數: 2/18
[Barrier] Learner 15 到達/重返, 等待人數: 3/18
[Barrier] Learner 8 到達/重返, 等待人數: 4/18
[Barrier] Learner 12 到達/重返, 等待人數: 5/18
[Barrier] Learner 5 到達/重返, 等待人數: 6/18
[Barrier] Learner 2 到達/重返, 等待人數: 7/18
[Barrier] Learner 11 到達/重返, 等待人數: 8/18
[Barrier] Learner 1 到達/重返, 等待人數: 9/18
[Barrier] Learner 13 到達/重返, 等待人數: 10/18
[Barrier] Learner 6 到達/重返, 等待人數: 11/18
[Barrier] Learner 16 到達/重返, 等待人數: 12/18
[Barrier] Learner 3 到達/重返, 等待人數: 13/18
[Barrier] Learner 17 到達/重返, 等待人數: 14/18
[Barrier] Learner 10 到達/重返, 等待人數: 15/18
[Barrier] Learner 4 到達/重返, 等待人數: 16/18
[Barrier] Learner 7 到達/重返, 等待人數: 17/18
[Table] MQ/CE SAT 填 hash=0xc586805ff43f2b94
[Table] MQ/CE SAT 填 hash=0x1063ecacc6a352da
[Table] MQ/CE SAT 填 hash=0xbb50cd707c40458a
[Barrier] Learner 9 到達/重返, 等待人數: 18/18
[Global EQ] 啟動 Leader SAT 尋找反例
[Barrier] Learner 9 到達/重返, 等待人數: 1/18
[Barrier] Learner 0 到達/重返, 等待人數: 2/18
[Barrier] Learner 5 到達/重返, 等待人數: 3/18
[Barrier] Learner 1 到達/重返, 等待人數: 4/18
[Barrier] Learner 15 到達/重返, 等待人數: 5/18
[Barrier] Learner 12 到達/重返, 等待人數: 6/18
[Barrier] Learner 2 到達/重返, 等待人數: 7/18
[Barrier] Learner 17 到達/重返, 等待人數: 8/18
[Barrier] Learner 16 到達/重返, 等待人數: 9/18
[Barrier] Learner 8 到達/重返, 等待人數: 10/18
[Barrier] Learner 14 到達/重返, 等待人數: 11/18
[Barrier] Learner 3 到達/重返, 等待人數: 12/18
[Barrier] Learner 4 到達/重返, 等待人數: 13/18
[Barrier] Learner 13 到達/重返, 等待人數: 14/18
[Barrier] Learner 7 到達/重返, 等待人數: 15/18
[Barrier] Learner 6 到達/重返, 等待人數: 16/18
[Table] MQ/CE SAT 填 hash=0x25371cfd92e9c361
[Table] MQ/CE SAT 填 hash=0xf0254fa567e06991
[Table] MQ/CE SAT 填 hash=0x28b92a0f5748dd21
[Barrier] Learner 11 到達/重返, 等待人數: 17/18
[Barrier] Learner 10 到達/重返, 等待人數: 18/18
[Global EQ] 啟動 Leader SAT 尋找反例
[Barrier] Learner 2 到達/重返, 等待人數: 1/18
[Barrier] Learner 6 到達/重返, 等待人數: 2/18
[Barrier] Learner 5 到達/重返, 等待人數: 3/18
[Barrier] Learner 15 到達/重返, 等待人數: 4/18
[Barrier] Learner 7 到達/重返, 等待人數: 5/18
[Barrier] Learner 11 到達/重返, 等待人數: 6/18
[Barrier] Learner 9 到達/重返, 等待人數: 7/18
[Barrier] Learner 12 到達/重返, 等待人數: 8/18
[Barrier] Learner 0 到達/重返, 等待人數: 9/18
[Barrier] Learner 14 到達/重返, 等待人數: 10/18
[Barrier] Learner 8 到達/重返, 等待人數: 11/18
[Barrier] Learner 16 到達/重返, 等待人數: 12/18
[Barrier] Learner 4 到達/重返, 等待人數: 13/18
[Barrier] Learner 13 到達/重返, 等待人數: 14/18
[Barrier] Learner 3 到達/重返, 等待人數: 15/18
[Barrier] Learner 17 到達/重返, 等待人數: 16/18
[Barrier] Learner 1 到達/重返, 等待人數: 17/18
[Table] MQ/CE SAT 填 hash=0x797efe6ab2bcbbfb
[Barrier] Learner 10 到達/重返, 等待人數: 18/18
[Global EQ] 啟動 Leader SAT 尋找反例
[Barrier] Learner 10 到達/重返, 等待人數: 1/18
[Barrier] Learner 3 到達/重返, 等待人數: 2/18
[Barrier] Learner 7 到達/重返, 等待人數: 3/18
[Barrier] Learner 2 到達/重返, 等待人數: 4/18
[Barrier] Learner 17 到達/重返, 等待人數: 5/18
[Barrier] Learner 14 到達/重返, 等待人數: 6/18
[Barrier] Learner 16 到達/重返, 等待人數: 7/18
[Barrier] Learner 9 到達/重返, 等待人數: 8/18
[Barrier] Learner 6 到達/重返, 等待人數: 9/18
[Barrier] Learner 1 到達/重返, 等待人數: 10/18
[Barrier] Learner 4 到達/重返, 等待人數: 11/18
[Barrier] Learner 11 到達/重返, 等待人數: 12/18
[Barrier] Learner 13 到達/重返, 等待人數: 13/18
[Barrier] Learner 0 到達/重返, 等待人數: 14/18
[Barrier] Learner 12 到達/重返, 等待人數: 15/18
[Barrier] Learner 15 到達/重返, 等待人數: 16/18
[Barrier] Learner 5 到達/重返, 等待人數: 17/18
[Table] MQ/CE SAT 填 hash=0x40eb2400c354486b
[Table] MQ/CE SAT 填 hash=0xb377263a3b4b54b9
[Barrier] Learner 8 到達/重返, 等待人數: 18/18
[Global EQ] 啟動 Leader SAT 尋找反例
[Barrier] Learner 8 到達/重返, 等待人數: 1/18
[Barrier] Learner 1 到達/重返, 等待人數: 2/18
[Barrier] Learner 2 到達/重返, 等待人數: 3/18
[Barrier] Learner 12 到達/重返, 等待人數: 4/18
[Barrier] Learner 4 到達/重返, 等待人數: 5/18
[Barrier] Learner 13 到達/重返, 等待人數: 6/18
[Barrier] Learner 7 到達/重返, 等待人數: 7/18
[Barrier] Learner 16 到達/重返, 等待人數: 8/18
[Barrier] Learner 15 到達/重返, 等待人數: 9/18
[Barrier] Learner 3 到達/重返, 等待人數: 10/18
[Barrier] Learner 14 到達/重返, 等待人數: 11/18
[Barrier] Learner 17 到達/重返, 等待人數: 12/18
[Barrier] Learner 5 到達/重返, 等待人數: 13/18
[Barrier] Learner 0 到達/重返, 等待人數: 14/18
[Barrier] Learner 6 到達/重返, 等待人數: 15/18
[Barrier] Learner 10 到達/重返, 等待人數: 16/18
[Barrier] Learner 9 到達/重返, 等待人數: 17/18
[Barrier] Learner 11 到達/重返, 等待人數: 18/18
[Global EQ] 啟動 Leader SAT 尋找反例
[Barrier] Learner 11 到達/重返, 等待人數: 1/18
[Barrier] Learner 12 到達/重返, 等待人數: 2/18
[Barrier] Learner 1 到達/重返, 等待人數: 3/18
[Barrier] Learner 2 到達/重返, 等待人數: 4/18
[Barrier] Learner 4 到達/重返, 等待人數: 5/18
[Barrier] Learner 3 到達/重返, 等待人數: 6/18
[Barrier] Learner 6 到達/重返, 等待人數: 7/18
[Barrier] Learner 15 到達/重返, 等待人數: 8/18
[Barrier] Learner 13 到達/重返, 等待人數: 9/18
[Barrier] Learner 0 到達/重返, 等待人數: 10/18
[Barrier] Learner 5 到達/重返, 等待人數: 11/18
[Barrier] Learner 10 到達/重返, 等待人數: 12/18
[Barrier] Learner 7 到達/重返, 等待人數: 13/18
[Barrier] Learner 14 到達/重返, 等待人數: 14/18
[Barrier] Learner 16 到達/重返, 等待人數: 15/18
[Barrier] Learner 9 到達/重返, 等待人數: 16/18
[Barrier] Learner 8 到達/重返, 等待人數: 17/18
[Table] MQ/CE SAT 填 hash=0x173198e85023a1c9
[Table] MQ/CE SAT 填 hash=0x49ed259245614b55
[Barrier] Learner 17 到達/重返, 等待人數: 18/18
[Global EQ] 啟動 Leader SAT 尋找反例
[Barrier] Learner 17 到達/重返, 等待人數: 1/18
[Barrier] Learner 14 到達/重返, 等待人數: 2/18
[Barrier] Learner 6 到達/重返, 等待人數: 3/18
[Barrier] Learner 0 到達/重返, 等待人數: 4/18
[Barrier] Learner 12 到達/重返, 等待人數: 5/18
[Barrier] Learner 5 到達/重返, 等待人數: 6/18
[Barrier] Learner 1 到達/重返, 等待人數: 7/18
[Barrier] Learner 7 到達/重返, 等待人數: 8/18
[Barrier] Learner 8 到達/重返, 等待人數: 9/18
[Barrier] Learner 4 到達/重返, 等待人數: 10/18
[Barrier] Learner 16 到達/重返, 等待人數: 11/18
[Barrier] Learner 11 到達/重返, 等待人數: 12/18
[Barrier] Learner 3 到達/重返, 等待人數: 13/18
[Barrier] Learner 13 到達/重返, 等待人數: 14/18
[Barrier] Learner 9 到達/重返, 等待人數: 15/18
[Barrier] Learner 15 到達/重返, 等待人數: 16/18
[Barrier] Learner 2 到達/重返, 等待人數: 17/18
[Barrier] Learner 10 到達/重返, 等待人數: 18/18
[Global EQ] 啟動 Leader SAT 尋找反例
[Barrier] Learner 10 到達/重返, 等待人數: 1/18
[Barrier] Learner 2 到達/重返, 等待人數: 2/18
[Barrier] Learner 8 到達/重返, 等待人數: 3/18
[Barrier] Learner 5 到達/重返, 等待人數: 4/18
[Barrier] Learner 12 到達/重返, 等待人數: 5/18
[Barrier] Learner 16 到達/重返, 等待人數: 6/18
[Barrier] Learner 9 到達/重返, 等待人數: 7/18
[Barrier] Learner 7 到達/重返, 等待人數: 8/18
[Barrier] Learner 1 到達/重返, 等待人數: 9/18
[Barrier] Learner 14 到達/重返, 等待人數: 10/18
[Barrier] Learner 13 到達/重返, 等待人數: 11/18
[Barrier] Learner 17 到達/重返, 等待人數: 12/18
[Barrier] Learner 0 到達/重返, 等待人數: 13/18
[Barrier] Learner 3 到達/重返, 等待人數: 14/18
[Barrier] Learner 6 到達/重返, 等待人數: 15/18
[Barrier] Learner 15 到達/重返, 等待人數: 16/18
[Barrier] Learner 4 到達/重返, 等待人數: 17/18
[Barrier] Learner 11 到達/重返, 等待人數: 18/18
[Global EQ] 啟動 Leader SAT 尋找反例
[Barrier] Learner 11 到達/重返, 等待人數: 1/18
[Barrier] Learner 7 到達/重返, 等待人數: 2/18
[Barrier] Learner 9 到達/重返, 等待人數: 3/18
[Barrier] Learner 6 到達/重返, 等待人數: 4/18
[Barrier] Learner 2 到達/重返, 等待人數: 5/18
[Barrier] Learner 16 到達/重返, 等待人數: 6/18
[Barrier] Learner 17 到達/重返, 等待人數: 7/18
[Barrier] Learner 3 到達/重返, 等待人數: 8/18
[Barrier] Learner 0 到達/重返, 等待人數: 9/18
[Barrier] Learner 5 到達/重返, 等待人數: 10/18
[Barrier] Learner 10 到達/重返, 等待人數: 11/18
[Barrier] Learner 1 到達/重返, 等待人數: 12/18
[Barrier] Learner 8 到達/重返, 等待人數: 13/18
[Barrier] Learner 4 到達/重返, 等待人數: 14/18
[Barrier] Learner 13 到達/重返, 等待人數: 15/18
[Barrier] Learner 14 到達/重返, 等待人數: 16/18
[Barrier] Learner 12 到達/重返, 等待人數: 17/18
[Table] MQ/CE SAT 填 hash=0xd17bd4ffbae28def
[Table] MQ/CE SAT 填 hash=0x8e6483924d131287
[Table] MQ/CE SAT 填 hash=0x5952b63a2209b8b7
[Table] MQ/CE SAT 填 hash=0xf3db9ce6378e659f
[Table] MQ/CE SAT 填 hash=0xd39633b322d3a65
[Table] MQ/CE SAT 填 hash=0x288641a3c29f089d
[Table] MQ/CE SAT 填 hash=0x6efda7a5fb9c9660
[Table] MQ/CE SAT 填 hash=0xc39c8a3a70914d20
[Table] MQ/CE SAT 填 hash=0x1ccf2601fa760b80
[Table] MQ/CE SAT 填 hash=0x4304015107397300
[Barrier] Learner 15 到達/重返, 等待人數: 18/18
[Global EQ] 啟動 Leader SAT 尋找反例
[Barrier] Learner 16 到達/重返, 等待人數: 1/18
[Barrier] Learner 14 到達/重返, 等待人數: 2/18
[Barrier] Learner 0 到達/重返, 等待人數: 3/18
[Barrier] Learner 9 到達/重返, 等待人數: 4/18
[Barrier] Learner 4 到達/重返, 等待人數: 5/18
[Barrier] Learner 12 到達/重返, 等待人數: 6/18
[Barrier] Learner 3 到達/重返, 等待人數: 7/18
[Barrier] Learner 8 到達/重返, 等待人數: 8/18
[Barrier] Learner 7 到達/重返, 等待人數: 9/18
[Barrier] Learner 1 到達/重返, 等待人數: 10/18
[Barrier] Learner 2 到達/重返, 等待人數: 11/18
[Barrier] Learner 5 到達/重返, 等待人數: 12/18
[Barrier] Learner 6 到達/重返, 等待人數: 13/18
[Barrier] Learner 15 到達/重返, 等待人數: 14/18
[Barrier] Learner 13 到達/重返, 等待人數: 15/18
[Barrier] Learner 11 到達/重返, 等待人數: 16/18
[Barrier] Learner 17 到達/重返, 等待人數: 17/18
[Barrier] Learner 10 到達/重返, 等待人數: 18/18
[Global EQ] 啟動 Leader SAT 尋找反例
[Barrier] Learner 10 到達/重返, 等待人數: 1/18
[Barrier] Learner 7 到達/重返, 等待人數: 2/18
[Barrier] Learner 11 到達/重返, 等待人數: 3/18
[Barrier] Learner 0 到達/重返, 等待人數: 4/18
[Barrier] Learner 9 到達/重返, 等待人數: 5/18
[Barrier] Learner 16 到達/重返, 等待人數: 6/18
[Barrier] Learner 14 到達/重返, 等待人數: 7/18
[Barrier] Learner 12 到達/重返, 等待人數: 8/18
[Barrier] Learner 3 到達/重返, 等待人數: 9/18
[Barrier] Learner 1 到達/重返, 等待人數: 10/18
[Barrier] Learner 8 到達/重返, 等待人數: 11/18
[Barrier] Learner 5 到達/重返, 等待人數: 12/18
[Barrier] Learner 2 到達/重返, 等待人數: 13/18
[Barrier] Learner 17 到達/重返, 等待人數: 14/18
[Barrier] Learner 4 到達/重返, 等待人數: 15/18
[Barrier] Learner 6 到達/重返, 等待人數: 16/18
[Barrier] Learner 13 到達/重返, 等待人數: 17/18
[Table] MQ/CE SAT 填 hash=0xc72eb505713b0337
[Table] MQ/CE SAT 填 hash=0xb383cb9bc8f3ec1f
[Table] MQ/CE SAT 填 hash=0x18fae4efb36f3f37
[Table] MQ/CE SAT 填 hash=0xe63f5845be3195ab
[Table] MQ/CE SAT 填 hash=0x79d5a45a7d2a2a73
[Table] MQ/CE SAT 填 hash=0x21b4b4b443d659f3
[Table] MQ/CE SAT 填 hash=0x7bf8fc9d1e4c0633
[Table] MQ/CE SAT 填 hash=0x31020a59e8975cc8
[Table] MQ/CE SAT 填 hash=0x87c44530feadef48
[Table] MQ/CE SAT 填 hash=0x3325629c89b93888
[Table] MQ/CE SAT 填 hash=0xddfda9f76c7c0ad8
[Barrier] Learner 15 到達/重返, 等待人數: 18/18
[Global EQ] 啟動 Leader SAT 尋找反例
[Barrier] Learner 16 到達/重返, 等待人數: 1/18
[Barrier] Learner 6 到達/重返, 等待人數: 2/18
[Barrier] Learner 11 到達/重返, 等待人數: 3/18
[Barrier] Learner 9 到達/重返, 等待人數: 4/18
[Barrier] Learner 14 到達/重返, 等待人數: 5/18
[Barrier] Learner 12 到達/重返, 等待人數: 6/18
[Barrier] Learner 3 到達/重返, 等待人數: 7/18
[Barrier] Learner 2 到達/重返, 等待人數: 8/18
[Barrier] Learner 8 到達/重返, 等待人數: 9/18
[Barrier] Learner 1 到達/重返, 等待人數: 10/18
[Barrier] Learner 15 到達/重返, 等待人數: 11/18
[Barrier] Learner 4 到達/重返, 等待人數: 12/18
[Barrier] Learner 10 到達/重返, 等待人數: 13/18
[Barrier] Learner 5 到達/重返, 等待人數: 14/18
[Barrier] Learner 17 到達/重返, 等待人數: 15/18
[Barrier] Learner 13 到達/重返, 等待人數: 16/18
[Barrier] Learner 7 到達/重返, 等待人數: 17/18
[Barrier] Learner 0 到達/重返, 等待人數: 18/18
[Global EQ] 啟動 Leader SAT 尋找反例
[Barrier] Learner 0 到達/重返, 等待人數: 1/18
[Barrier] Learner 5 到達/重返, 等待人數: 2/18
[Barrier] Learner 17 到達/重返, 等待人數: 3/18
[Barrier] Learner 11 到達/重返, 等待人數: 4/18
[Barrier] Learner 16 到達/重返, 等待人數: 5/18
[Barrier] Learner 10 到達/重返, 等待人數: 6/18
[Barrier] Learner 6 到達/重返, 等待人數: 7/18
[Barrier] Learner 12 到達/重返, 等待人數: 8/18
[Barrier] Learner 7 到達/重返, 等待人數: 9/18
[Barrier] Learner 1 到達/重返, 等待人數: 10/18
[Barrier] Learner 14 到達/重返, 等待人數: 11/18
[Barrier] Learner 3 到達/重返, 等待人數: 12/18
[Barrier] Learner 2 到達/重返, 等待人數: 13/18
[Barrier] Learner 4 到達/重返, 等待人數: 14/18
[Barrier] Learner 9 到達/重返, 等待人數: 15/18
[Barrier] Learner 8 到達/重返, 等待人數: 16/18
[Barrier] Learner 13 到達/重返, 等待人數: 17/18
[Table] MQ/CE SAT 填 hash=0x261ab7942fd744af
[Table] MQ/CE SAT 填 hash=0xf35f2aea3a999b23
[Table] MQ/CE SAT 填 hash=0xe6b047bfbd4a30c0
[Table] MQ/CE SAT 填 hash=0x8fee0ce8a7339e40
[Table] MQ/CE SAT 填 hash=0x9473285b7bfd59ab
[Barrier] Learner 15 到達/重返, 等待人數: 18/18
[Global EQ] 啟動 Leader SAT 尋找反例
[Barrier] Learner 15 到達/重返, 等待人數: 1/18
[Barrier] Learner 1 到達/重返, 等待人數: 2/18
[Barrier] Learner 3 到達/重返, 等待人數: 3/18
[Barrier] Learner 6 到達/重返, 等待人數: 4/18
[Barrier] Learner 14 到達/重返, 等待人數: 5/18
[Barrier] Learner 10 到達/重返, 等待人數: 6/18
[Barrier] Learner 4 到達/重返, 等待人數: 7/18
[Barrier] Learner 8 到達/重返, 等待人數: 8/18
[Barrier] Learner 16 到達/重返, 等待人數: 9/18
[Barrier] Learner 9 到達/重返, 等待人數: 10/18
[Barrier] Learner 0 到達/重返, 等待人數: 11/18
[Barrier] Learner 12 到達/重返, 等待人數: 12/18
[Barrier] Learner 2 到達/重返, 等待人數: 13/18
[Barrier] Learner 5 到達/重返, 等待人數: 14/18
[Barrier] Learner 11 到達/重返, 等待人數: 15/18
[Barrier] Learner 7 到達/重返, 等待人數: 16/18
[Barrier] Learner 17 到達/重返, 等待人數: 17/18
[Table] MQ/CE SAT 填 hash=0x4625f61b46c24069
[Table] MQ/CE SAT 填 hash=0x2cc82fc64c236ba3
[Table] MQ/CE SAT 填 hash=0xd605f4ef360cd923
[Table] MQ/CE SAT 填 hash=0x8055663970873483
[Barrier] Learner 13 到達/重返, 等待人數: 18/18
[Global EQ] 啟動 Leader SAT 尋找反例
[Barrier] Learner 4 到達/重返, 等待人數: 1/18
[Barrier] Learner 11 到達/重返, 等待人數: 2/18
[Barrier] Learner 14 到達/重返, 等待人數: 3/18
[Barrier] Learner 5 到達/重返, 等待人數: 4/18
[Barrier] Learner 6 到達/重返, 等待人數: 5/18
[Barrier] Learner 7 到達/重返, 等待人數: 6/18
[Barrier] Learner 12 到達/重返, 等待人數: 7/18
[Barrier] Learner 2 到達/重返, 等待人數: 8/18
[Barrier] Learner 9 到達/重返, 等待人數: 9/18
[Barrier] Learner 0 到達/重返, 等待人數: 10/18
[Barrier] Learner 10 到達/重返, 等待人數: 11/18
[Barrier] Learner 16 到達/重返, 等待人數: 12/18
[Barrier] Learner 8 到達/重返, 等待人數: 13/18
[Barrier] Learner 17 到達/重返, 等待人數: 14/18
[Barrier] Learner 1 到達/重返, 等待人數: 15/18
[Barrier] Learner 13 到達/重返, 等待人數: 16/18
[Barrier] Learner 15 到達/重返, 等待人數: 17/18
[Barrier] Learner 3 到達/重返, 等待人數: 18/18
[Global EQ] 啟動 Leader SAT 尋找反例
[Barrier] Learner 3 到達/重返, 等待人數: 1/18
[Barrier] Learner 1 到達/重返, 等待人數: 2/18
[Barrier] Learner 14 到達/重返, 等待人數: 3/18
[Barrier] Learner 15 到達/重返, 等待人數: 4/18
[Barrier] Learner 5 到達/重返, 等待人數: 5/18
[Barrier] Learner 0 到達/重返, 等待人數: 6/18
[Barrier] Learner 2 到達/重返, 等待人數: 7/18
[Barrier] Learner 8 到達/重返, 等待人數: 8/18
[Barrier] Learner 12 到達/重返, 等待人數: 9/18
[Barrier] Learner 13 到達/重返, 等待人數: 10/18
[Barrier] Learner 4 到達/重返, 等待人數: 11/18
[Barrier] Learner 7 到達/重返, 等待人數: 12/18
[Barrier] Learner 6 到達/重返, 等待人數: 13/18
[Barrier] Learner 10 到達/重返, 等待人數: 14/18
[Barrier] Learner 17 到達/重返, 等待人數: 15/18
[Barrier] Learner 16 到達/重返, 等待人數: 16/18
[Barrier] Learner 11 到達/重返, 等待人數: 17/18
[Barrier] Learner 9 到達/重返, 等待人數: 18/18
[Global EQ] 啟動 Leader SAT 尋找反例
[Barrier] Learner 9 到達/重返, 等待人數: 1/18
[Barrier] Learner 10 到達/重返, 等待人數: 2/18
[Barrier] Learner 5 到達/重返, 等待人數: 3/18
[Barrier] Learner 0 到達/重返, 等待人數: 4/18
[Barrier] Learner 7 到達/重返, 等待人數: 5/18
[Barrier] Learner 11 到達/重返, 等待人數: 6/18
[Barrier] Learner 12 到達/重返, 等待人數: 7/18
[Barrier] Learner 2 到達/重返, 等待人數: 8/18
[Barrier] Learner 14 到達/重返, 等待人數: 9/18
[Barrier] Learner 1 到達/重返, 等待人數: 10/18
[Barrier] Learner 16 到達/重返, 等待人數: 11/18
[Barrier] Learner 17 到達/重返, 等待人數: 12/18
[Barrier] Learner 4 到達/重返, 等待人數: 13/18
[Barrier] Learner 6 到達/重返, 等待人數: 14/18
[Barrier] Learner 3 到達/重返, 等待人數: 15/18
[Barrier] Learner 13 到達/重返, 等待人數: 16/18
[Barrier] Learner 8 到達/重返, 等待人數: 17/18
[Table] MQ/CE SAT 填 hash=0x87519a1460d9090f
[Table] MQ/CE SAT 填 hash=0xecc8b3684b545c27
[Table] MQ/CE SAT 填 hash=0xcdc52c8760804233
[Barrier] Learner 15 到達/重返, 等待人數: 18/18
[Global EQ] 啟動 Leader SAT 尋找反例
[Barrier] Learner 12 到達/重返, 等待人數: 1/18
[Barrier] Learner 2 到達/重返, 等待人數: 2/18
[Barrier] Learner 11 到達/重返, 等待人數: 3/18
[Barrier] Learner 13 到達/重返, 等待人數: 4/18
[Barrier] Learner 16 到達/重返, 等待人數: 5/18
[Barrier] Learner 8 到達/重返, 等待人數: 6/18
[Barrier] Learner 3 到達/重返, 等待人數: 7/18
[Barrier] Learner 14 到達/重返, 等待人數: 8/18
[Barrier] Learner 17 到達/重返, 等待人數: 9/18
[Barrier] Learner 9 到達/重返, 等待人數: 10/18
[Barrier] Learner 1 到達/重返, 等待人數: 11/18
[Barrier] Learner 0 到達/重返, 等待人數: 12/18
[Barrier] Learner 5 到達/重返, 等待人數: 13/18
[Barrier] Learner 4 到達/重返, 等待人數: 14/18
[Barrier] Learner 7 到達/重返, 等待人數: 15/18
[Barrier] Learner 15 到達/重返, 等待人數: 16/18
[Barrier] Learner 6 到達/重返, 等待人數: 17/18
[Barrier] Learner 10 到達/重返, 等待人數: 18/18
[Global EQ] 啟動 Leader SAT 尋找反例
[Barrier] Learner 9 到達/重返, 等待人數: 1/18
[Barrier] Learner 6 到達/重返, 等待人數: 2/18
[Barrier] Learner 10 到達/重返, 等待人數: 3/18
[Barrier] Learner 16 到達/重返, 等待人數: 4/18
[Barrier] Learner 12 到達/重返, 等待人數: 5/18
[Barrier] Learner 2 到達/重返, 等待人數: 6/18
[Barrier] Learner 17 到達/重返, 等待人數: 7/18
[Barrier] Learner 14 到達/重返, 等待人數: 8/18
[Barrier] Learner 8 到達/重返, 等待人數: 9/18
[Barrier] Learner 5 到達/重返, 等待人數: 10/18
[Barrier] Learner 1 到達/重返, 等待人數: 11/18
[Barrier] Learner 4 到達/重返, 等待人數: 12/18
[Barrier] Learner 0 到達/重返, 等待人數: 13/18
[Barrier] Learner 7 到達/重返, 等待人數: 14/18
[Barrier] Learner 11 到達/重返, 等待人數: 15/18
[Barrier] Learner 13 到達/重返, 等待人數: 16/18
[Barrier] Learner 3 到達/重返, 等待人數: 17/18
[Barrier] Learner 15 到達/重返, 等待人數: 18/18
[Global EQ] 啟動 Leader SAT 尋找反例
[Barrier] Learner 12 到達/重返, 等待人數: 1/18
[Barrier] Learner 7 到達/重返, 等待人數: 2/18
[Barrier] Learner 0 到達/重返, 等待人數: 3/18
[Barrier] Learner 16 到達/重返, 等待人數: 4/18
[Barrier] Learner 3 到達/重返, 等待人數: 5/18
[Barrier] Learner 11 到達/重返, 等待人數: 6/18
[Barrier] Learner 17 到達/重返, 等待人數: 7/18
[Barrier] Learner 10 到達/重返, 等待人數: 8/18
[Barrier] Learner 2 到達/重返, 等待人數: 9/18
[Barrier] Learner 14 到達/重返, 等待人數: 10/18
[Barrier] Learner 1 到達/重返, 等待人數: 11/18
[Barrier] Learner 8 到達/重返, 等待人數: 12/18
[Barrier] Learner 5 到達/重返, 等待人數: 13/18
[Barrier] Learner 13 到達/重返, 等待人數: 14/18
[Barrier] Learner 4 到達/重返, 等待人數: 15/18
[Barrier] Learner 9 到達/重返, 等待人數: 16/18
[Barrier] Learner 6 到達/重返, 等待人數: 17/18
[Table] MQ/CE SAT 填 hash=0x443a48a6f3098da7
[Table] MQ/CE SAT 填 hash=0x117ebbfcfdcbe41b
[Table] MQ/CE SAT 填 hash=0x3e94e3528d889827
[Barrier] Learner 15 到達/重返, 等待人數: 18/18
[Global EQ] 啟動 Leader SAT 尋找反例
[Barrier] Learner 7 到達/重返, 等待人數: 1/18
[Barrier] Learner 15 到達/重返, 等待人數: 2/18
[Barrier] Learner 2 到達/重返, 等待人數: 3/18
[Barrier] Learner 5 到達/重返, 等待人數: 4/18
[Barrier] Learner 10 到達/重返, 等待人數: 5/18
[Barrier] Learner 17 到達/重返, 等待人數: 6/18
[Barrier] Learner 12 到達/重返, 等待人數: 7/18
[Barrier] Learner 1 到達/重返, 等待人數: 8/18
[Barrier] Learner 14 到達/重返, 等待人數: 9/18
[Barrier] Learner 0 到達/重返, 等待人數: 10/18
[Barrier] Learner 11 到達/重返, 等待人數: 11/18
[Barrier] Learner 4 到達/重返, 等待人數: 12/18
[Barrier] Learner 6 到達/重返, 等待人數: 13/18
[Barrier] Learner 16 到達/重返, 等待人數: 14/18
[Barrier] Learner 13 到達/重返, 等待人數: 15/18
[Barrier] Learner 8 到達/重返, 等待人數: 16/18
[Barrier] Learner 9 到達/重返, 等待人數: 17/18
[Barrier] Learner 3 到達/重返, 等待人數: 18/18
[Global EQ] 啟動 Leader SAT 尋找反例
[Barrier] Learner 6 到達/重返, 等待人數: 1/18
[Barrier] Learner 1 到達/重返, 等待人數: 2/18
[Barrier] Learner 16 到達/重返, 等待人數: 3/18
[Barrier] Learner 0 到達/重返, 等待人數: 4/18
[Barrier] Learner 7 到達/重返, 等待人數: 5/18
[Barrier] Learner 14 到達/重返, 等待人數: 6/18
[Barrier] Learner 5 到達/重返, 等待人數: 7/18
[Barrier] Learner 12 到達/重返, 等待人數: 8/18
[Barrier] Learner 17 到達/重返, 等待人數: 9/18
[Barrier] Learner 8 到達/重返, 等待人數: 10/18
[Barrier] Learner 11 到達/重返, 等待人數: 11/18
[Barrier] Learner 3 到達/重返, 等待人數: 12/18
[Barrier] Learner 10 到達/重返, 等待人數: 13/18
[Barrier] Learner 13 到達/重返, 等待人數: 14/18
[Barrier] Learner 2 到達/重返, 等待人數: 15/18
[Barrier] Learner 4 到達/重返, 等待人數: 16/18
[Barrier] Learner 9 到達/重返, 等待人數: 17/18
[Table] MQ/CE SAT 填 hash=0xde5e4c77882e53bb
[Barrier] Learner 15 到達/重返, 等待人數: 18/18
[Global EQ] 啟動 Leader SAT 尋找反例
[Barrier] Learner 16 到達/重返, 等待人數: 1/18
[Barrier] Learner 0 到達/重返, 等待人數: 2/18
[Barrier] Learner 3 到達/重返, 等待人數: 3/18
[Barrier] Learner 8 到達/重返, 等待人數: 4/18
[Barrier] Learner 13 到達/重返, 等待人數: 5/18
[Barrier] Learner 14 到達/重返, 等待人數: 6/18
[Barrier] Learner 1 到達/重返, 等待人數: 7/18
[Barrier] Learner 4 到達/重返, 等待人數: 8/18
[Barrier] Learner 12 到達/重返, 等待人數: 9/18
[Barrier] Learner 5 到達/重返, 等待人數: 10/18
[Barrier] Learner 7 到達/重返, 等待人數: 11/18
[Barrier] Learner 11 到達/重返, 等待人數: 12/18
[Barrier] Learner 6 到達/重返, 等待人數: 13/18
[Barrier] Learner 17 到達/重返, 等待人數: 14/18
[Barrier] Learner 15 到達/重返, 等待人數: 15/18
[Barrier] Learner 2 到達/重返, 等待人數: 16/18
[Barrier] Learner 9 到達/重返, 等待人數: 17/18
[Barrier] Learner 10 到達/重返, 等待人數: 18/18
[Global EQ] 啟動 Leader SAT 尋找反例
[Barrier] Learner 10 到達/重返, 等待人數: 1/18
[Barrier] Learner 6 到達/重返, 等待人數: 2/18
[Barrier] Learner 0 到達/重返, 等待人數: 3/18
[Barrier] Learner 15 到達/重返, 等待人數: 4/18
[Barrier] Learner 2 到達/重返, 等待人數: 5/18
[Barrier] Learner 5 到達/重返, 等待人數: 6/18
[Barrier] Learner 16 到達/重返, 等待人數: 7/18
[Barrier] Learner 12 到達/重返, 等待人數: 8/18
[Barrier] Learner 1 到達/重返, 等待人數: 9/18
[Barrier] Learner 14 到達/重返, 等待人數: 10/18
[Barrier] Learner 4 到達/重返, 等待人數: 11/18
[Barrier] Learner 13 到達/重返, 等待人數: 12/18
[Barrier] Learner 8 到達/重返, 等待人數: 13/18
[Barrier] Learner 9 到達/重返, 等待人數: 14/18
[Barrier] Learner 7 到達/重返, 等待人數: 15/18
[Barrier] Learner 3 到達/重返, 等待人數: 16/18
[Table] MQ/CE SAT 填 hash=0xf98e79d189e6234d
[Table] MQ/CE SAT 填 hash=0xe030b37c8f474e87
[Table] MQ/CE SAT 填 hash=0x57f2a9a788276ced
[Table] MQ/CE SAT 填 hash=0x61b79bb186bfb01f
[Barrier] Learner 17 到達/重返, 等待人數: 17/18
[Barrier] Learner 11 到達/重返, 等待人數: 18/18
[Global EQ] 啟動 Leader SAT 尋找反例
[Barrier] Learner 11 到達/重返, 等待人數: 1/18
[Barrier] Learner 0 到達/重返, 等待人數: 2/18
[Barrier] Learner 10 到達/重返, 等待人數: 3/18
[Barrier] Learner 3 到達/重返, 等待人數: 4/18
[Barrier] Learner 8 到達/重返, 等待人數: 5/18
[Barrier] Learner 7 到達/重返, 等待人數: 6/18
[Barrier] Learner 5 到達/重返, 等待人數: 7/18
[Barrier] Learner 14 到達/重返, 等待人數: 8/18
[Barrier] Learner 1 到達/重返, 等待人數: 9/18
[Barrier] Learner 16 到達/重返, 等待人數: 10/18
[Barrier] Learner 2 到達/重返, 等待人數: 11/18
[Barrier] Learner 4 到達/重返, 等待人數: 12/18
[Barrier] Learner 6 到達/重返, 等待人數: 13/18
[Barrier] Learner 15 到達/重返, 等待人數: 14/18
[Barrier] Learner 13 到達/重返, 等待人數: 15/18
[Barrier] Learner 17 到達/重返, 等待人數: 16/18
[Barrier] Learner 12 到達/重返, 等待人數: 17/18
[Table] MQ/CE SAT 填 hash=0x1f19acd85e7f0831
[Table] MQ/CE SAT 填 hash=0x536d506e946ded09
[Table] MQ/CE SAT 填 hash=0x908bb3b7f63cb9bc
[Table] MQ/CE SAT 填 hash=0xc20b59afce020c3c
[Barrier] Learner 9 到達/重返, 等待人數: 18/18
[Global EQ] 啟動 Leader SAT 尋找反例
[Barrier] Learner 10 到達/重返, 等待人數: 1/18
[Barrier] Learner 2 到達/重返, 等待人數: 2/18
[Barrier] Learner 0 到達/重返, 等待人數: 3/18
[Barrier] Learner 11 到達/重返, 等待人數: 4/18
[Barrier] Learner 8 到達/重返, 等待人數: 5/18
[Barrier] Learner 9 到達/重返, 等待人數: 6/18
[Barrier] Learner 3 到達/重返, 等待人數: 7/18
[Barrier] Learner 7 到達/重返, 等待人數: 8/18
[Barrier] Learner 14 到達/重返, 等待人數: 9/18
[Barrier] Learner 4 到達/重返, 等待人數: 10/18
[Barrier] Learner 1 到達/重返, 等待人數: 11/18
[Barrier] Learner 12 到達/重返, 等待人數: 12/18
[Barrier] Learner 6 到達/重返, 等待人數: 13/18
[Barrier] Learner 17 到達/重返, 等待人數: 14/18
[Barrier] Learner 13 到達/重返, 等待人數: 15/18
[Barrier] Learner 15 到達/重返, 等待人數: 16/18
[Barrier] Learner 5 到達/重返, 等待人數: 17/18
[Barrier] Learner 16 到達/重返, 等待人數: 18/18
[Global EQ] 啟動 Leader SAT 尋找反例
[Barrier] Learner 16 到達/重返, 等待人數: 1/18
[Barrier] Learner 3 到達/重返, 等待人數: 2/18
[Barrier] Learner 13 到達/重返, 等待人數: 3/18
[Barrier] Learner 14 到達/重返, 等待人數: 4/18
[Barrier] Learner 17 到達/重返, 等待人數: 5/18
[Barrier] Learner 6 到達/重返, 等待人數: 6/18
[Barrier] Learner 2 到達/重返, 等待人數: 7/18
[Barrier] Learner 12 到達/重返, 等待人數: 8/18
[Barrier] Learner 7 到達/重返, 等待人數: 9/18
[Barrier] Learner 10 到達/重返, 等待人數: 10/18
[Barrier] Learner 0 到達/重返, 等待人數: 11/18
[Barrier] Learner 4 到達/重返, 等待人數: 12/18
[Barrier] Learner 11 到達/重返, 等待人數: 13/18
[Barrier] Learner 5 到達/重返, 等待人數: 14/18
[Barrier] Learner 8 到達/重返, 等待人數: 15/18
[Barrier] Learner 1 到達/重返, 等待人數: 16/18
[Barrier] Learner 15 到達/重返, 等待人數: 17/18
[Table] MQ/CE SAT 填 hash=0x3801f7bd53e0a985
[Barrier] Learner 9 到達/重返, 等待人數: 18/18
[Global EQ] 啟動 Leader SAT 尋找反例
[Barrier] Learner 11 到達/重返, 等待人數: 1/18
[Barrier] Learner 10 到達/重返, 等待人數: 2/18
[Barrier] Learner 15 到達/重返, 等待人數: 3/18
[Barrier] Learner 14 到達/重返, 等待人數: 4/18
[Barrier] Learner 12 到達/重返, 等待人數: 5/18
[Barrier] Learner 4 到達/重返, 等待人數: 6/18
[Barrier] Learner 5 到達/重返, 等待人數: 7/18
[Barrier] Learner 1 到達/重返, 等待人數: 8/18
[Barrier] Learner 2 到達/重返, 等待人數: 9/18
[Barrier] Learner 16 到達/重返, 等待人數: 10/18
[Barrier] Learner 6 到達/重返, 等待人數: 11/18
[Barrier] Learner 13 到達/重返, 等待人數: 12/18
[Barrier] Learner 9 到達/重返, 等待人數: 13/18
[Barrier] Learner 7 到達/重返, 等待人數: 14/18
[Barrier] Learner 0 到達/重返, 等待人數: 15/18
[Barrier] Learner 8 到達/重返, 等待人數: 16/18
[Barrier] Learner 17 到達/重返, 等待人數: 17/18
[Barrier] Learner 3 到達/重返, 等待人數: 18/18
[Global EQ] 啟動 Leader SAT 尋找反例
[Barrier] Learner 3 到達/重返, 等待人數: 1/18
[Barrier] Learner 5 到達/重返, 等待人數: 2/18
[Barrier] Learner 12 到達/重返, 等待人數: 3/18
[Barrier] Learner 1 到達/重返, 等待人數: 4/18
[Barrier] Learner 14 到達/重返, 等待人數: 5/18
[Barrier] Learner 6 到達/重返, 等待人數: 6/18
[Barrier] Learner 11 到達/重返, 等待人數: 7/18
[Barrier] Learner 9 到達/重返, 等待人數: 8/18
[Barrier] Learner 2 到達/重返, 等待人數: 9/18
[Barrier] Learner 7 到達/重返, 等待人數: 10/18
[Barrier] Learner 4 到達/重返, 等待人數: 11/18
[Barrier] Learner 10 到達/重返, 等待人數: 12/18
[Barrier] Learner 13 到達/重返, 等待人數: 13/18
[Barrier] Learner 16 到達/重返, 等待人數: 14/18
[Barrier] Learner 0 到達/重返, 等待人數: 15/18
[Barrier] Learner 8 到達/重返, 等待人數: 16/18
[Barrier] Learner 15 到達/重返, 等待人數: 17/18
[Table] MQ/CE SAT 填 hash=0xd21b07f401aa3443
[Table] MQ/CE SAT 填 hash=0x9d093a9bd6a0da73
[Table] MQ/CE SAT 填 hash=0x28053efc11c2d8b
[Table] MQ/CE SAT 填 hash=0x353be099b659d717
[Table] MQ/CE SAT 填 hash=0x7160976fcd9d3a5f
[Barrier] Learner 17 到達/重返, 等待人數: 18/18
[Global EQ] 啟動 Leader SAT 尋找反例
[Barrier] Learner 9 到達/重返, 等待人數: 1/18
[Barrier] Learner 10 到達/重返, 等待人數: 2/18
[Barrier] Learner 4 到達/重返, 等待人數: 3/18
[Barrier] Learner 5 到達/重返, 等待人數: 4/18
[Barrier] Learner 15 到達/重返, 等待人數: 5/18
[Barrier] Learner 2 到達/重返, 等待人數: 6/18
[Barrier] Learner 1 到達/重返, 等待人數: 7/18
[Barrier] Learner 6 到達/重返, 等待人數: 8/18
[Barrier] Learner 16 到達/重返, 等待人數: 9/18
[Barrier] Learner 7 到達/重返, 等待人數: 10/18
[Barrier] Learner 11 到達/重返, 等待人數: 11/18
[Barrier] Learner 17 到達/重返, 等待人數: 12/18
[Barrier] Learner 14 到達/重返, 等待人數: 13/18
[Barrier] Learner 12 到達/重返, 等待人數: 14/18
[Barrier] Learner 13 到達/重返, 等待人數: 15/18
[Barrier] Learner 3 到達/重返, 等待人數: 16/18
[Barrier] Learner 8 到達/重返, 等待人數: 17/18
[Barrier] Learner 0 到達/重返, 等待人數: 18/18
[Global EQ] 啟動 Leader SAT 尋找反例
[Barrier] Learner 0 到達/重返, 等待人數: 1/18
[Barrier] Learner 12 到達/重返, 等待人數: 2/18
[Barrier] Learner 13 到達/重返, 等待人數: 3/18
[Barrier] Learner 16 到達/重返, 等待人數: 4/18
[Barrier] Learner 15 到達/重返, 等待人數: 5/18
[Barrier] Learner 2 到達/重返, 等待人數: 6/18
[Barrier] Learner 14 到達/重返, 等待人數: 7/18
[Barrier] Learner 7 到達/重返, 等待人數: 8/18
[Barrier] Learner 3 到達/重返, 等待人數: 9/18
[Barrier] Learner 8 到達/重返, 等待人數: 10/18
[Barrier] Learner 1 到達/重返, 等待人數: 11/18
[Barrier] Learner 6 到達/重返, 等待人數: 12/18
[Barrier] Learner 10 到達/重返, 等待人數: 13/18
[Barrier] Learner 4 到達/重返, 等待人數: 14/18
[Barrier] Learner 11 到達/重返, 等待人數: 15/18
[Barrier] Learner 9 到達/重返, 等待人數: 16/18
[Barrier] Learner 5 到達/重返, 等待人數: 17/18
[Barrier] Learner 17 到達/重返, 等待人數: 18/18
[Global EQ] 啟動 Leader SAT 尋找反例
[Barrier] Learner 1 到達/重返, 等待人數: 1/18
[Barrier] Learner 15 到達/重返, 等待人數: 2/18
[Barrier] Learner 4 到達/重返, 等待人數: 3/18
[Barrier] Learner 2 到達/重返, 等待人數: 4/18
[Barrier] Learner 10 到達/重返, 等待人數: 5/18
[Barrier] Learner 13 到達/重返, 等待人數: 6/18
[Barrier] Learner 3 到達/重返, 等待人數: 7/18
[Barrier] Learner 8 到達/重返, 等待人數: 8/18
[Barrier] Learner 12 到達/重返, 等待人數: 9/18
[Barrier] Learner 11 到達/重返, 等待人數: 10/18
[Barrier] Learner 14 到達/重返, 等待人數: 11/18
[Barrier] Learner 5 到達/重返, 等待人數: 12/18
[Barrier] Learner 6 到達/重返, 等待人數: 13/18
[Barrier] Learner 7 到達/重返, 等待人數: 14/18
[Barrier] Learner 0 到達/重返, 等待人數: 15/18
[Barrier] Learner 9 到達/重返, 等待人數: 16/18
[Barrier] Learner 16 到達/重返, 等待人數: 17/18
[Table] MQ/CE SAT 填 hash=0x5ba8f6e857d568fb
[Table] MQ/CE SAT 填 hash=0x269729902ccc0f2b
[Table] MQ/CE SAT 填 hash=0xc120103c4250bc13
[Barrier] Learner 17 到達/重返, 等待人數: 18/18
[Global EQ] 啟動 Leader SAT 尋找反例
[Barrier] Learner 1 到達/重返, 等待人數: 1/18
[Barrier] Learner 5 到達/重返, 等待人數: 2/18
[Barrier] Learner 14 到達/重返, 等待人數: 3/18
[Barrier] Learner 11 到達/重返, 等待人數: 4/18
[Barrier] Learner 2 到達/重返, 等待人數: 5/18
[Barrier] Learner 6 到達/重返, 等待人數: 6/18
[Barrier] Learner 16 到達/重返, 等待人數: 7/18
[Barrier] Learner 10 到達/重返, 等待人數: 8/18
[Barrier] Learner 4 到達/重返, 等待人數: 9/18
[Barrier] Learner 3 到達/重返, 等待人數: 10/18
[Barrier] Learner 15 到達/重返, 等待人數: 11/18
[Barrier] Learner 8 到達/重返, 等待人數: 12/18
[Barrier] Learner 12 到達/重返, 等待人數: 13/18
[Barrier] Learner 0 到達/重返, 等待人數: 14/18
[Barrier] Learner 13 到達/重返, 等待人數: 15/18
[Barrier] Learner 9 到達/重返, 等待人數: 16/18
[Barrier] Learner 7 到達/重返, 等待人數: 17/18
[Table] MQ/CE SAT 填 hash=0xa6623d54adcf9b83
[Table] MQ/CE SAT 填 hash=0x71506ffc82c641b3
[Table] MQ/CE SAT 填 hash=0xa40bfca67803eb3f
[Table] MQ/CE SAT 填 hash=0x98315fa627f3e57
[Table] MQ/CE SAT 填 hash=0xe07c5da12f8f3ba6
[Barrier] Learner 17 到達/重返, 等待人數: 18/18
[Global EQ] 啟動 Leader SAT 尋找反例
[Barrier] Learner 16 到達/重返, 等待人數: 1/18
[Barrier] Learner 15 到達/重返, 等待人數: 2/18
[Barrier] Learner 0 到達/重返, 等待人數: 3/18
[Barrier] Learner 10 到達/重返, 等待人數: 4/18
[Barrier] Learner 6 到達/重返, 等待人數: 5/18
[Barrier] Learner 2 到達/重返, 等待人數: 6/18
[Barrier] Learner 9 到達/重返, 等待人數: 7/18
[Barrier] Learner 11 到達/重返, 等待人數: 8/18
[Barrier] Learner 3 到達/重返, 等待人數: 9/18
[Barrier] Learner 12 到達/重返, 等待人數: 10/18
[Barrier] Learner 7 到達/重返, 等待人數: 11/18
[Barrier] Learner 17 到達/重返, 等待人數: 12/18
[Barrier] Learner 1 到達/重返, 等待人數: 13/18
[Barrier] Learner 8 到達/重返, 等待人數: 14/18
[Barrier] Learner 5 到達/重返, 等待人數: 15/18
[Barrier] Learner 4 到達/重返, 等待人數: 16/18
[Barrier] Learner 13 到達/重返, 等待人數: 17/18
[Barrier] Learner 14 到達/重返, 等待人數: 18/18
[Global EQ] 啟動 Leader SAT 尋找反例
[Barrier] Learner 14 到達/重返, 等待人數: 1/18
[Barrier] Learner 1 到達/重返, 等待人數: 2/18
[Barrier] Learner 9 到達/重返, 等待人數: 3/18
[Barrier] Learner 16 到達/重返, 等待人數: 4/18
[Barrier] Learner 2 到達/重返, 等待人數: 5/18
[Barrier] Learner 13 到達/重返, 等待人數: 6/18
[Barrier] Learner 12 到達/重返, 等待人數: 7/18
[Barrier] Learner 3 到達/重返, 等待人數: 8/18
[Barrier] Learner 11 到達/重返, 等待人數: 9/18
[Barrier] Learner 8 到達/重返, 等待人數: 10/18
[Barrier] Learner 0 到達/重返, 等待人數: 11/18
[Barrier] Learner 10 到達/重返, 等待人數: 12/18
[Barrier] Learner 15 到達/重返, 等待人數: 13/18
[Barrier] Learner 7 到達/重返, 等待人數: 14/18
[Barrier] Learner 17 到達/重返, 等待人數: 15/18
[Barrier] Learner 5 到達/重返, 等待人數: 16/18
[Barrier] Learner 6 到達/重返, 等待人數: 17/18
[Barrier] Learner 4 到達/重返, 等待人數: 18/18
[Global EQ] 啟動 Leader SAT 尋找反例
[Barrier] Learner 4 到達/重返, 等待人數: 1/18
[Barrier] Learner 6 到達/重返, 等待人數: 2/18
[Barrier] Learner 0 到達/重返, 等待人數: 3/18
[Barrier] Learner 9 到達/重返, 等待人數: 4/18
[Barrier] Learner 5 到達/重返, 等待人數: 5/18
[Barrier] Learner 10 到達/重返, 等待人數: 6/18
[Barrier] Learner 13 到達/重返, 等待人數: 7/18
[Barrier] Learner 2 到達/重返, 等待人數: 8/18
[Barrier] Learner 1 到達/重返, 等待人數: 9/18
[Barrier] Learner 3 到達/重返, 等待人數: 10/18
[Barrier] Learner 11 到達/重返, 等待人數: 11/18
[Barrier] Learner 8 到達/重返, 等待人數: 12/18
[Barrier] Learner 12 到達/重返, 等待人數: 13/18
[Barrier] Learner 15 到達/重返, 等待人數: 14/18
[Barrier] Learner 7 到達/重返, 等待人數: 15/18
[Barrier] Learner 16 到達/重返, 等待人數: 16/18
[Barrier] Learner 14 到達/重返, 等待人數: 17/18
[Table] MQ/CE SAT 填 hash=0xb21a2e96828c782f
[Table] MQ/CE SAT 填 hash=0x5d7b4c020d97c16f
[Table] MQ/CE SAT 填 hash=0xb32bdab7d31d660f
[Barrier] Learner 17 到達/重返, 等待人數: 18/18
[Global EQ] 啟動 Leader SAT 尋找反例
[Barrier] Learner 0 到達/重返, 等待人數: 1/18
[Barrier] Learner 2 到達/重返, 等待人數: 2/18
[Barrier] Learner 17 到達/重返, 等待人數: 3/18
[Barrier] Learner 9 到達/重返, 等待人數: 4/18
[Barrier] Learner 11 到達/重返, 等待人數: 5/18
[Barrier] Learner 15 到達/重返, 等待人數: 6/18
[Barrier] Learner 7 到達/重返, 等待人數: 7/18
[Barrier] Learner 14 到達/重返, 等待人數: 8/18
[Barrier] Learner 12 到達/重返, 等待人數: 9/18
[Barrier] Learner 8 到達/重返, 等待人數: 10/18
[Barrier] Learner 3 到達/重返, 等待人數: 11/18
[Barrier] Learner 1 到達/重返, 等待人數: 12/18
[Barrier] Learner 6 到達/重返, 等待人數: 13/18
[Barrier] Learner 4 到達/重返, 等待人數: 14/18
[Barrier] Learner 5 到達/重返, 等待人數: 15/18
[Barrier] Learner 10 到達/重返, 等待人數: 16/18
[Barrier] Learner 13 到達/重返, 等待人數: 17/18
[Barrier] Learner 16 到達/重返, 等待人數: 18/18
[Global EQ] 啟動 Leader SAT 尋找反例
[Barrier] Learner 16 到達/重返, 等待人數: 1/18
[Barrier] Learner 10 到達/重返, 等待人數: 2/18
[Barrier] Learner 0 到達/重返, 等待人數: 3/18
[Barrier] Learner 14 到達/重返, 等待人數: 4/18
[Barrier] Learner 2 到達/重返, 等待人數: 5/18
[Barrier] Learner 6 到達/重返, 等待人數: 6/18
[Barrier] Learner 7 到達/重返, 等待人數: 7/18
[Barrier] Learner 5 到達/重返, 等待人數: 8/18
[Barrier] Learner 4 到達/重返, 等待人數: 9/18
[Barrier] Learner 12 到達/重返, 等待人數: 10/18
[Barrier] Learner 8 到達/重返, 等待人數: 11/18
[Barrier] Learner 13 到達/重返, 等待人數: 12/18
[Barrier] Learner 3 到達/重返, 等待人數: 13/18
[Barrier] Learner 15 到達/重返, 等待人數: 14/18
[Barrier] Learner 11 到達/重返, 等待人數: 15/18
[Barrier] Learner 1 到達/重返, 等待人數: 16/18
[Barrier] Learner 9 到達/重返, 等待人數: 17/18
[Table] MQ/CE SAT 填 hash=0xe6abac887edbc3d0
[Barrier] Learner 17 到達/重返, 等待人數: 18/18
[Global EQ] 啟動 Leader SAT 尋找反例
[Barrier] Learner 17 到達/重返, 等待人數: 1/18
[Barrier] Learner 2 到達/重返, 等待人數: 2/18
[Barrier] Learner 4 到達/重返, 等待人數: 3/18
[Barrier] Learner 6 到達/重返, 等待人數: 4/18
[Barrier] Learner 10 到達/重返, 等待人數: 5/18
[Barrier] Learner 5 到達/重返, 等待人數: 6/18
[Barrier] Learner 13 到達/重返, 等待人數: 7/18
[Barrier] Learner 12 到達/重返, 等待人數: 8/18
[Barrier] Learner 15 到達/重返, 等待人數: 9/18
[Barrier] Learner 3 到達/重返, 等待人數: 10/18
[Barrier] Learner 11 到達/重返, 等待人數: 11/18
[Barrier] Learner 9 到達/重返, 等待人數: 12/18
[Barrier] Learner 8 到達/重返, 等待人數: 13/18
[Barrier] Learner 1 到達/重返, 等待人數: 14/18
[Barrier] Learner 16 到達/重返, 等待人數: 15/18
[Barrier] Learner 7 到達/重返, 等待人數: 16/18
[Barrier] Learner 14 到達/重返, 等待人數: 17/18
[Barrier] Learner 0 到達/重返, 等待人數: 18/18
[Global EQ] 啟動 Leader SAT 尋找反例
[Barrier] Learner 0 到達/重返, 等待人數: 1/18
[Barrier] Learner 12 到達/重返, 等待人數: 2/18
[Barrier] Learner 2 到達/重返, 等待人數: 3/18
[Barrier] Learner 6 到達/重返, 等待人數: 4/18
[Barrier] Learner 16 到達/重返, 等待人數: 5/18
[Barrier] Learner 15 到達/重返, 等待人數: 6/18
[Barrier] Learner 14 到達/重返, 等待人數: 7/18
[Barrier] Learner 7 到達/重返, 等待人數: 8/18
[Barrier] Learner 8 到達/重返, 等待人數: 9/18
[Barrier] Learner 3 到達/重返, 等待人數: 10/18
[Barrier] Learner 1 到達/重返, 等待人數: 11/18
[Barrier] Learner 11 到達/重返, 等待人數: 12/18
[Barrier] Learner 9 到達/重返, 等待人數: 13/18
[Barrier] Learner 13 到達/重返, 等待人數: 14/18
[Barrier] Learner 17 到達/重返, 等待人數: 15/18
[Barrier] Learner 4 到達/重返, 等待人數: 16/18
[Barrier] Learner 5 到達/重返, 等待人數: 17/18
[Barrier] Learner 10 到達/重返, 等待人數: 18/18
[Global EQ] 啟動 Leader SAT 尋找反例
[Barrier] Learner 6 到達/重返, 等待人數: 1/18
[Barrier] Learner 4 到達/重返, 等待人數: 2/18
[Barrier] Learner 16 到達/重返, 等待人數: 3/18
[Barrier] Learner 2 到達/重返, 等待人數: 4/18
[Barrier] Learner 1 到達/重返, 等待人數: 5/18
[Barrier] Learner 15 到達/重返, 等待人數: 6/18
[Barrier] Learner 0 到達/重返, 等待人數: 7/18
[Barrier] Learner 14 到達/重返, 等待人數: 8/18
[Barrier] Learner 12 到達/重返, 等待人數: 9/18
[Barrier] Learner 8 到達/重返, 等待人數: 10/18
[Barrier] Learner 7 到達/重返, 等待人數: 11/18
[Barrier] Learner 11 到達/重返, 等待人數: 12/18
[Barrier] Learner 17 到達/重返, 等待人數: 13/18
[Barrier] Learner 13 到達/重返, 等待人數: 14/18
[Barrier] Learner 5 到達/重返, 等待人數: 15/18
[Barrier] Learner 10 到達/重返, 等待人數: 16/18
[Barrier] Learner 3 到達/重返, 等待人數: 17/18
[Table] MQ/CE SAT 填 hash=0x403217aa4d1552d
[Barrier] Learner 9 到達/重返, 等待人數: 18/18
[Global EQ] 啟動 Leader SAT 尋找反例
[Barrier] Learner 0 到達/重返, 等待人數: 1/18
[Barrier] Learner 5 到達/重返, 等待人數: 2/18
[Barrier] Learner 2 到達/重返, 等待人數: 3/18
[Barrier] Learner 17 到達/重返, 等待人數: 4/18
[Barrier] Learner 14 到達/重返, 等待人數: 5/18
[Barrier] Learner 7 到達/重返, 等待人數: 6/18
[Barrier] Learner 9 到達/重返, 等待人數: 7/18
[Barrier] Learner 4 到達/重返, 等待人數: 8/18
[Barrier] Learner 16 到達/重返, 等待人數: 9/18
[Barrier] Learner 12 到達/重返, 等待人數: 10/18
[Barrier] Learner 11 到達/重返, 等待人數: 11/18
[Barrier] Learner 15 到達/重返, 等待人數: 12/18
[Barrier] Learner 13 到達/重返, 等待人數: 13/18
[Barrier] Learner 3 到達/重返, 等待人數: 14/18
[Barrier] Learner 10 到達/重返, 等待人數: 15/18
[Barrier] Learner 1 到達/重返, 等待人數: 16/18
[Barrier] Learner 6 到達/重返, 等待人數: 17/18
[Barrier] Learner 8 到達/重返, 等待人數: 18/18
[Global EQ] 啟動 Leader SAT 尋找反例
[Barrier] Learner 14 到達/重返, 等待人數: 1/18
[Barrier] Learner 8 到達/重返, 等待人數: 2/18
[Barrier] Learner 5 到達/重返, 等待人數: 3/18
[Barrier] Learner 0 到達/重返, 等待人數: 4/18
[Barrier] Learner 11 到達/重返, 等待人數: 5/18
[Barrier] Learner 4 到達/重返, 等待人數: 6/18
[Barrier] Learner 1 到達/重返, 等待人數: 7/18
[Barrier] Learner 17 到達/重返, 等待人數: 8/18
[Barrier] Learner 2 到達/重返, 等待人數: 9/18
[Barrier] Learner 16 到達/重返, 等待人數: 10/18
[Barrier] Learner 6 到達/重返, 等待人數: 11/18
[Barrier] Learner 10 到達/重返, 等待人數: 12/18
[Barrier] Learner 13 到達/重返, 等待人數: 13/18
[Barrier] Learner 3 到達/重返, 等待人數: 14/18
[Barrier] Learner 9 到達/重返, 等待人數: 15/18
[Barrier] Learner 12 到達/重返, 等待人數: 16/18
[Barrier] Learner 7 到達/重返, 等待人數: 17/18
[Table] MQ/CE SAT 填 hash=0x3f787de92a761975
[Table] MQ/CE SAT 填 hash=0xe9c7ef3364f074d5
[Table] MQ/CE SAT 填 hash=0xbedff4ffc11e3f55
[Table] MQ/CE SAT 填 hash=0xe3036626c207c947
[Table] MQ/CE SAT 填 hash=0xadf198ce96fe6f77
[Table] MQ/CE SAT 填 hash=0x487a7f7aac831c5f
[Table] MQ/CE SAT 填 hash=0x61d845cfa721f125
[Table] MQ/CE SAT 填 hash=0xce41f9bae8295c5d
[Barrier] Learner 15 到達/重返, 等待人數: 18/18
[Global EQ] 啟動 Leader SAT 尋找反例
[Barrier] Learner 16 到達/重返, 等待人數: 1/18
[Barrier] Learner 4 到達/重返, 等待人數: 2/18
[Barrier] Learner 8 到達/重返, 等待人數: 3/18
[Barrier] Learner 9 到達/重返, 等待人數: 4/18
[Barrier] Learner 2 到達/重返, 等待人數: 5/18
[Barrier] Learner 11 到達/重返, 等待人數: 6/18
[Barrier] Learner 12 到達/重返, 等待人數: 7/18
[Barrier] Learner 0 到達/重返, 等待人數: 8/18
[Barrier] Learner 7 到達/重返, 等待人數: 9/18
[Barrier] Learner 5 到達/重返, 等待人數: 10/18
[Barrier] Learner 17 到達/重返, 等待人數: 11/18
[Barrier] Learner 6 到達/重返, 等待人數: 12/18
[Barrier] Learner 3 到達/重返, 等待人數: 13/18
[Barrier] Learner 13 到達/重返, 等待人數: 14/18
[Barrier] Learner 15 到達/重返, 等待人數: 15/18
[Barrier] Learner 1 到達/重返, 等待人數: 16/18
[Barrier] Learner 10 到達/重返, 等待人數: 17/18
[Barrier] Learner 14 到達/重返, 等待人數: 18/18
[Global EQ] 啟動 Leader SAT 尋找反例
[Barrier] Learner 14 到達/重返, 等待人數: 1/18
[Barrier] Learner 10 到達/重返, 等待人數: 2/18
[Barrier] Learner 11 到達/重返, 等待人數: 3/18
[Barrier] Learner 4 到達/重返, 等待人數: 4/18
[Barrier] Learner 5 到達/重返, 等待人數: 5/18
[Barrier] Learner 15 到達/重返, 等待人數: 6/18
[Barrier] Learner 16 到達/重返, 等待人數: 7/18
[Barrier] Learner 2 到達/重返, 等待人數: 8/18
[Barrier] Learner 12 到達/重返, 等待人數: 9/18
[Barrier] Learner 6 到達/重返, 等待人數: 10/18
[Barrier] Learner 3 到達/重返, 等待人數: 11/18
[Barrier] Learner 0 到達/重返, 等待人數: 12/18
[Barrier] Learner 9 到達/重返, 等待人數: 13/18
[Barrier] Learner 13 到達/重返, 等待人數: 14/18
[Barrier] Learner 8 到達/重返, 等待人數: 15/18
[Barrier] Learner 1 到達/重返, 等待人數: 16/18
[Barrier] Learner 7 到達/重返, 等待人數: 17/18
[Table] MQ/CE SAT 填 hash=0x4c3a431194955838
[Table] MQ/CE SAT 填 hash=0xa1ead1c75a1afcd8
[Barrier] Learner 17 到達/重返, 等待人數: 18/18
[Global EQ] 啟動 Leader SAT 尋找反例
[Barrier] Learner 16 到達/重返, 等待人數: 1/18
[Barrier] Learner 10 到達/重返, 等待人數: 2/18
[Barrier] Learner 5 到達/重返, 等待人數: 3/18
[Barrier] Learner 4 到達/重返, 等待人數: 4/18
[Barrier] Learner 9 到達/重返, 等待人數: 5/18
[Barrier] Learner 17 到達/重返, 等待人數: 6/18
[Barrier] Learner 15 到達/重返, 等待人數: 7/18
[Barrier] Learner 2 到達/重返, 等待人數: 8/18
[Barrier] Learner 14 到達/重返, 等待人數: 9/18
[Barrier] Learner 12 到達/重返, 等待人數: 10/18
[Barrier] Learner 1 到達/重返, 等待人數: 11/18
[Barrier] Learner 8 到達/重返, 等待人數: 12/18
[Barrier] Learner 6 到達/重返, 等待人數: 13/18
[Barrier] Learner 13 到達/重返, 等待人數: 14/18
[Barrier] Learner 11 到達/重返, 等待人數: 15/18
[Barrier] Learner 7 到達/重返, 等待人數: 16/18
[Barrier] Learner 3 到達/重返, 等待人數: 17/18
[Barrier] Learner 0 到達/重返, 等待人數: 18/18
[Global EQ] 啟動 Leader SAT 尋找反例
[Barrier] Learner 0 到達/重返, 等待人數: 1/18
[Barrier] Learner 2 到達/重返, 等待人數: 2/18
[Barrier] Learner 4 到達/重返, 等待人數: 3/18
[Barrier] Learner 6 到達/重返, 等待人數: 4/18
[Barrier] Learner 17 到達/重返, 等待人數: 5/18
[Barrier] Learner 14 到達/重返, 等待人數: 6/18
[Barrier] Learner 16 到達/重返, 等待人數: 7/18
[Barrier] Learner 13 到達/重返, 等待人數: 8/18
[Barrier] Learner 1 到達/重返, 等待人數: 9/18
[Barrier] Learner 12 到達/重返, 等待人數: 10/18
[Barrier] Learner 10 到達/重返, 等待人數: 11/18
[Barrier] Learner 5 到達/重返, 等待人數: 12/18
[Barrier] Learner 9 到達/重返, 等待人數: 13/18
[Barrier] Learner 8 到達/重返, 等待人數: 14/18
[Barrier] Learner 11 到達/重返, 等待人數: 15/18
[Barrier] Learner 7 到達/重返, 等待人數: 16/18
[Barrier] Learner 3 到達/重返, 等待人數: 17/18
[Table] MQ/CE SAT 填 hash=0x2dcef7afd785857f
[Table] MQ/CE SAT 填 hash=0xfb136b05e247dbf3
[Table] MQ/CE SAT 填 hash=0x53345aac1b9bac73
[Barrier] Learner 15 到達/重返, 等待人數: 18/18
[Global EQ] 啟動 Leader SAT 尋找反例
[Global EQ] SAT 證明全部正確 (UNSAT)！
Number of Variables Used : 32
Number of Variables Used : 32
Number of Variables Used : 32
Number of Variables Used : 32
[Learner 15 (dec7_z)] 收斂完成！
Number of Variables Used : 32
Number of Variables Used : 32
Number of Variables Used : 32
Number of Variables Used : 32
[Learner 11 (dec5_z)] 收斂完成！
[Learner 9 (dec4_z)] 收斂完成！
Number of Variables Used : 32
[Learner 14 (dec7_x)] 收斂完成！
Number of Variables Used : 32
Number of Variables Used : 32
[Learner 1 (dec0_z)] 收斂完成！
[Learner 17 (dec8_z)] 收斂完成！
Number of Variables Used : 32
Number of Variables Used : 32
[Learner 16 (dec8_x)] 收斂完成！
[Learner 3 (dec1_z)] 收斂完成！
Number of Variables Used : 32
[Learner 4 (dec2_x)] 收斂完成！
[Learner 10 (dec5_x)] 收斂完成！
[Learner 12 (dec6_x)] 收斂完成！
[Learner 13 (dec6_z)] 收斂完成！
[Learner 5 (dec2_z)] 收斂完成！
Number of Variables Used : 32
Number of Variables Used : 32
[Learner 2 (dec1_x)] 收斂完成！
Number of Variables Used : 32
[Learner 0 (dec0_x)] 收斂完成！
Number of Variables Used : 32
[Learner 6 (dec3_x)] 收斂完成！
[Learner 7 (dec3_z)] 收斂完成！
[Learner 8 (dec4_x)] 收斂完成！
[Barrier] Learner 0 到達/重返, 等待人數: 1/18
[Barrier] Learner 11 到達/重返, 等待人數: 2/18
[Barrier] Learner 7 到達/重返, 等待人數: 3/18
[Barrier] Learner 15 到達/重返, 等待人數: 4/18
[Barrier] Learner 6 到達/重返, 等待人數: 5/18
[Barrier] Learner 4 到達/重返, 等待人數: 6/18
[Barrier] Learner 16 到達/重返, 等待人數: 7/18
[Barrier] Learner 13 到達/重返, 等待人數: 8/18
[Barrier] Learner 2 到達/重返, 等待人數: 9/18
[Barrier] Learner 1 到達/重返, 等待人數: 10/18
[Barrier] Learner 14 到達/重返, 等待人數: 11/18
[Barrier] Learner 12 到達/重返, 等待人數: 12/18
[Barrier] Learner 3 到達/重返, 等待人數: 13/18
[Barrier] Learner 17 到達/重返, 等待人數: 14/18
[Barrier] Learner 8 到達/重返, 等待人數: 15/18
[Barrier] Learner 5 到達/重返, 等待人數: 16/18
[Barrier] Learner 9 到達/重返, 等待人數: 17/18
[Barrier] Learner 10 到達/重返, 等待人數: 18/18
[Global EQ] 啟動 Leader SAT 尋找反例
[Table] MQ/CE SAT 填 hash=0x47fe0d7eaf8e51e3
[checkpoint] wrote /home/alan23273850/flag-analysis2/[[9,1,3]]_surface_code_seq/decoder/cms/path_3_hr0_eq1_ok.txt
[Barrier] Learner 10 到達/重返, 等待人數: 1/18
[Barrier] Learner 4 到達/重返, 等待人數: 2/18
[Barrier] Learner 14 到達/重返, 等待人數: 3/18
[Barrier] Learner 15 到達/重返, 等待人數: 4/18
[Barrier] Learner 0 到達/重返, 等待人數: 5/18
[Barrier] Learner 2 到達/重返, 等待人數: 6/18
[Barrier] Learner 8 到達/重返, 等待人數: 7/18
[Barrier] Learner 6 到達/重返, 等待人數: 8/18
[Barrier] Learner 16 到達/重返, 等待人數: 9/18
[Barrier] Learner 1 到達/重返, 等待人數: 10/18
[Barrier] Learner 13 到達/重返, 等待人數: 11/18
[Barrier] Learner 5 到達/重返, 等待人數: 12/18
[Barrier] Learner 17 到達/重返, 等待人數: 13/18
[Barrier] Learner 12 到達/重返, 等待人數: 14/18
[Barrier] Learner 9 到達/重返, 等待人數: 15/18
[Barrier] Learner 11 到達/重返, 等待人數: 16/18
[Barrier] Learner 3 到達/重返, 等待人數: 17/18
[Barrier] Learner 7 到達/重返, 等待人數: 18/18
[Global EQ] 啟動 Leader SAT 尋找反例
[Table] MQ/CE SAT 填 hash=0xddda72ce597b9e43
[Barrier] Learner 7 到達/重返, 等待人數: 1/18
[Barrier] Learner 12 到達/重返, 等待人數: 2/18
[Barrier] Learner 2 到達/重返, 等待人數: 3/18
[Barrier] Learner 8 到達/重返, 等待人數: 4/18
[Barrier] Learner 17 到達/重返, 等待人數: 5/18
[Barrier] Learner 11 到達/重返, 等待人數: 6/18
[Barrier] Learner 3 到達/重返, 等待人數: 7/18
[Barrier] Learner 15 到達/重返, 等待人數: 8/18
[Barrier] Learner 13 到達/重返, 等待人數: 9/18
[Barrier] Learner 1 到達/重返, 等待人數: 10/18
[Barrier] Learner 6 到達/重返, 等待人數: 11/18
[Barrier] Learner 10 到達/重返, 等待人數: 12/18
[Barrier] Learner 0 到達/重返, 等待人數: 13/18
[Barrier] Learner 14 到達/重返, 等待人數: 14/18
[Barrier] Learner 5 到達/重返, 等待人數: 15/18
[Barrier] Learner 9 到達/重返, 等待人數: 16/18
[Barrier] Learner 16 到達/重返, 等待人數: 17/18
[Barrier] Learner 4 到達/重返, 等待人數: 18/18
[Global EQ] 啟動 Leader SAT 尋找反例
[Table] MQ/CE SAT 填 hash=0x1c4542df5bb3b923
[Barrier] Learner 4 到達/重返, 等待人數: 1/18
[Barrier] Learner 16 到達/重返, 等待人數: 2/18
[Barrier] Learner 10 到達/重返, 等待人數: 3/18
[Barrier] Learner 9 到達/重返, 等待人數: 4/18
[Barrier] Learner 3 到達/重返, 等待人數: 5/18
[Barrier] Learner 14 到達/重返, 等待人數: 6/18
[Barrier] Learner 1 到達/重返, 等待人數: 7/18
[Barrier] Learner 12 到達/重返, 等待人數: 8/18
[Barrier] Learner 13 到達/重返, 等待人數: 9/18
[Barrier] Learner 17 到達/重返, 等待人數: 10/18
[Barrier] Learner 15 到達/重返, 等待人數: 11/18
[Barrier] Learner 0 到達/重返, 等待人數: 12/18
[Barrier] Learner 7 到達/重返, 等待人數: 13/18
[Barrier] Learner 5 到達/重返, 等待人數: 14/18
[Barrier] Learner 11 到達/重返, 等待人數: 15/18
[Barrier] Learner 2 到達/重返, 等待人數: 16/18
[Table] MQ/CE SAT 填 hash=0x73b6d81e0368eaa3
[Table] MQ/CE SAT 填 hash=0xf08c784007d92063
[Barrier] Learner 8 到達/重返, 等待人數: 17/18
[Barrier] Learner 6 到達/重返, 等待人數: 18/18
[Global EQ] 啟動 Leader SAT 尋找反例
[Table] MQ/CE SAT 填 hash=0x3ea50ac5d85f90d3
[Barrier] Learner 5 到達/重返, 等待人數: 1/18
[Barrier] Learner 4 到達/重返, 等待人數: 2/18
[Barrier] Learner 7 到達/重返, 等待人數: 3/18
[Barrier] Learner 17 到達/重返, 等待人數: 4/18
[Barrier] Learner 11 到達/重返, 等待人數: 5/18
[Barrier] Learner 10 到達/重返, 等待人數: 6/18
[Barrier] Learner 16 到達/重返, 等待人數: 7/18
[Barrier] Learner 15 到達/重返, 等待人數: 8/18
[Barrier] Learner 3 到達/重返, 等待人數: 9/18
[Barrier] Learner 0 到達/重返, 等待人數: 10/18
[Barrier] Learner 2 到達/重返, 等待人數: 11/18
[Barrier] Learner 12 到達/重返, 等待人數: 12/18
[Barrier] Learner 9 到達/重返, 等待人數: 13/18
[Barrier] Learner 1 到達/重返, 等待人數: 14/18
[Barrier] Learner 14 到達/重返, 等待人數: 15/18
[Barrier] Learner 13 到達/重返, 等待人數: 16/18
[Barrier] Learner 8 到達/重返, 等待人數: 17/18
[Table] MQ/CE SAT 填 hash=0x12ec40268484f813
[Barrier] Learner 6 到達/重返, 等待人數: 18/18
[Global EQ] 啟動 Leader SAT 尋找反例
[Table] MQ/CE SAT 填 hash=0x465b47cd64968d7b
[Barrier] Learner 6 到達/重返, 等待人數: 1/18
[Barrier] Learner 4 到達/重返, 等待人數: 2/18
[Barrier] Learner 1 到達/重返, 等待人數: 3/18
[Barrier] Learner 10 到達/重返, 等待人數: 4/18
[Barrier] Learner 16 到達/重返, 等待人數: 5/18
[Barrier] Learner 17 到達/重返, 等待人數: 6/18
[Barrier] Learner 2 到達/重返, 等待人數: 7/18
[Barrier] Learner 3 到達/重返, 等待人數: 8/18
[Barrier] Learner 7 到達/重返, 等待人數: 9/18
[Barrier] Learner 13 到達/重返, 等待人數: 10/18
[Barrier] Learner 8 到達/重返, 等待人數: 11/18
[Barrier] Learner 12 到達/重返, 等待人數: 12/18
[Barrier] Learner 9 到達/重返, 等待人數: 13/18
[Barrier] Learner 0 到達/重返, 等待人數: 14/18
[Barrier] Learner 14 到達/重返, 等待人數: 15/18
[Barrier] Learner 15 到達/重返, 等待人數: 16/18
[Barrier] Learner 11 到達/重返, 等待人數: 17/18
[Table] MQ/CE SAT 填 hash=0x5fb90e225f356241
[Table] MQ/CE SAT 填 hash=0xa087f6c99afbda1
[Barrier] Learner 5 到達/重返, 等待人數: 18/18
[Global EQ] 啟動 Leader SAT 尋找反例
[Barrier] Learner 5 到達/重返, 等待人數: 1/18
[Barrier] Learner 1 到達/重返, 等待人數: 2/18
[Barrier] Learner 14 到達/重返, 等待人數: 3/18
[Barrier] Learner 0 到達/重返, 等待人數: 4/18
[Barrier] Learner 8 到達/重返, 等待人數: 5/18
[Barrier] Learner 17 到達/重返, 等待人數: 6/18
[Barrier] Learner 13 到達/重返, 等待人數: 7/18
[Barrier] Learner 2 到達/重返, 等待人數: 8/18
[Barrier] Learner 4 到達/重返, 等待人數: 9/18
[Barrier] Learner 9 到達/重返, 等待人數: 10/18
[Barrier] Learner 11 到達/重返, 等待人數: 11/18
[Barrier] Learner 10 到達/重返, 等待人數: 12/18
[Barrier] Learner 7 到達/重返, 等待人數: 13/18
[Barrier] Learner 16 到達/重返, 等待人數: 14/18
[Barrier] Learner 3 到達/重返, 等待人數: 15/18
[Barrier] Learner 12 到達/重返, 等待人數: 16/18
[Barrier] Learner 6 到達/重返, 等待人數: 17/18
[Barrier] Learner 15 到達/重返, 等待人數: 18/18
[Global EQ] 啟動 Leader SAT 尋找反例
[Barrier] Learner 15 到達/重返, 等待人數: 1/18
[Barrier] Learner 7 到達/重返, 等待人數: 2/18
[Barrier] Learner 9 到達/重返, 等待人數: 3/18
[Barrier] Learner 0 到達/重返, 等待人數: 4/18
[Barrier] Learner 5 到達/重返, 等待人數: 5/18
[Barrier] Learner 2 到達/重返, 等待人數: 6/18
[Barrier] Learner 12 到達/重返, 等待人數: 7/18
[Barrier] Learner 13 到達/重返, 等待人數: 8/18
[Barrier] Learner 3 到達/重返, 等待人數: 9/18
[Barrier] Learner 1 到達/重返, 等待人數: 10/18
[Barrier] Learner 6 到達/重返, 等待人數: 11/18
[Barrier] Learner 17 到達/重返, 等待人數: 12/18
[Barrier] Learner 10 到達/重返, 等待人數: 13/18
[Barrier] Learner 16 到達/重返, 等待人數: 14/18
[Barrier] Learner 8 到達/重返, 等待人數: 15/18
[Barrier] Learner 11 到達/重返, 等待人數: 16/18
[Barrier] Learner 14 到達/重返, 等待人數: 17/18
[Barrier] Learner 4 到達/重返, 等待人數: 18/18
[Global EQ] 啟動 Leader SAT 尋找反例
[Table] MQ/CE SAT 填 hash=0x16d6bfe7cfbffe31
[Barrier] Learner 7 到達/重返, 等待人數: 1/18
[Barrier] Learner 13 到達/重返, 等待人數: 2/18
[Barrier] Learner 14 到達/重返, 等待人數: 3/18
[Barrier] Learner 17 到達/重返, 等待人數: 4/18
[Barrier] Learner 2 到達/重返, 等待人數: 5/18
[Barrier] Learner 1 到達/重返, 等待人數: 6/18
[Barrier] Learner 8 到達/重返, 等待人數: 7/18
[Barrier] Learner 4 到達/重返, 等待人數: 8/18
[Barrier] Learner 6 到達/重返, 等待人數: 9/18
[Barrier] Learner 3 到達/重返, 等待人數: 10/18
[Barrier] Learner 16 到達/重返, 等待人數: 11/18
[Barrier] Learner 12 到達/重返, 等待人數: 12/18
[Barrier] Learner 0 到達/重返, 等待人數: 13/18
[Barrier] Learner 9 到達/重返, 等待人數: 14/18
[Barrier] Learner 15 到達/重返, 等待人數: 15/18
[Barrier] Learner 5 到達/重返, 等待人數: 16/18
[Table] MQ/CE SAT 填 hash=0x6e48552677752fb1
[Table] MQ/CE SAT 填 hash=0x424ba7621627c11
[Table] MQ/CE SAT 填 hash=0xeac6f42126c3a74b
[Table] MQ/CE SAT 填 hash=0xcf7a15b89651d913
[Table] MQ/CE SAT 填 hash=0x164d4d52ba6e4ca1
[Table] MQ/CE SAT 填 hash=0x6bfddc087ff3f141
[Table] MQ/CE SAT 填 hash=0xe961608df79901c1
[Barrier] Learner 10 到達/重返, 等待人數: 17/18
[Barrier] Learner 11 到達/重返, 等待人數: 18/18
[Global EQ] 啟動 Leader SAT 尋找反例
[Table] MQ/CE SAT 填 hash=0x3d58fca07010411b
[Barrier] Learner 11 到達/重返, 等待人數: 1/18
[Barrier] Learner 10 到達/重返, 等待人數: 2/18
[Barrier] Learner 2 到達/重返, 等待人數: 3/18
[Barrier] Learner 4 到達/重返, 等待人數: 4/18
[Barrier] Learner 14 到達/重返, 等待人數: 5/18
[Barrier] Learner 5 到達/重返, 等待人數: 6/18
[Barrier] Learner 0 到達/重返, 等待人數: 7/18
[Barrier] Learner 17 到達/重返, 等待人數: 8/18
[Barrier] Learner 3 到達/重返, 等待人數: 9/18
[Barrier] Learner 15 到達/重返, 等待人數: 10/18
[Barrier] Learner 1 到達/重返, 等待人數: 11/18
[Barrier] Learner 9 到達/重返, 等待人數: 12/18
[Barrier] Learner 7 到達/重返, 等待人數: 13/18
[Barrier] Learner 16 到達/重返, 等待人數: 14/18
[Barrier] Learner 13 到達/重返, 等待人數: 15/18
[Table] MQ/CE SAT 填 hash=0xe5e76761c85b0f9b
[Table] MQ/CE SAT 填 hash=0xca9a88f937e94163
[Barrier] Learner 8 到達/重返, 等待人數: 16/18
[Barrier] Learner 12 到達/重返, 等待人數: 17/18
[Barrier] Learner 6 到達/重返, 等待人數: 18/18
[Global EQ] 啟動 Leader SAT 尋找反例
[Barrier] Learner 6 到達/重返, 等待人數: 1/18
[Barrier] Learner 16 到達/重返, 等待人數: 2/18
[Barrier] Learner 5 到達/重返, 等待人數: 3/18
[Barrier] Learner 17 到達/重返, 等待人數: 4/18
[Barrier] Learner 14 到達/重返, 等待人數: 5/18
[Barrier] Learner 8 到達/重返, 等待人數: 6/18
[Barrier] Learner 3 到達/重返, 等待人數: 7/18
[Barrier] Learner 11 到達/重返, 等待人數: 8/18
[Barrier] Learner 7 到達/重返, 等待人數: 9/18
[Barrier] Learner 0 到達/重返, 等待人數: 10/18
[Barrier] Learner 2 到達/重返, 等待人數: 11/18
[Barrier] Learner 1 到達/重返, 等待人數: 12/18
[Barrier] Learner 13 到達/重返, 等待人數: 13/18
[Barrier] Learner 10 到達/重返, 等待人數: 14/18
[Barrier] Learner 9 到達/重返, 等待人數: 15/18
[Barrier] Learner 15 到達/重返, 等待人數: 16/18
[Barrier] Learner 12 到達/重返, 等待人數: 17/18
[Table] MQ/CE SAT 填 hash=0x8668dd8fb1c66cc3
[Table] MQ/CE SAT 填 hash=0xf7383923541a7309
[Table] MQ/CE SAT 填 hash=0x9fc6a3e4ac654189
[Table] MQ/CE SAT 填 hash=0xe6cc4cec90b1a881
[Table] MQ/CE SAT 填 hash=0x8f5ab7ade8fc7701
[Table] MQ/CE SAT 填 hash=0xcf2b2d3d6bb5d9c3
[Table] MQ/CE SAT 填 hash=0x4dc1d3e852559c63
[Table] MQ/CE SAT 填 hash=0x7f4179e02a1aeee3
[Table] MQ/CE SAT 填 hash=0x35b4430c66ea1503
[Barrier] Learner 4 到達/重返, 等待人數: 18/18
[Global EQ] 啟動 Leader SAT 尋找反例
[Barrier] Learner 4 到達/重返, 等待人數: 1/18
[Barrier] Learner 16 到達/重返, 等待人數: 2/18
[Barrier] Learner 15 到達/重返, 等待人數: 3/18
[Barrier] Learner 7 到達/重返, 等待人數: 4/18
[Barrier] Learner 14 到達/重返, 等待人數: 5/18
[Barrier] Learner 1 到達/重返, 等待人數: 6/18
[Barrier] Learner 17 到達/重返, 等待人數: 7/18
[Barrier] Learner 9 到達/重返, 等待人數: 8/18
[Barrier] Learner 10 到達/重返, 等待人數: 9/18
[Barrier] Learner 11 到達/重返, 等待人數: 10/18
[Barrier] Learner 6 到達/重返, 等待人數: 11/18
[Barrier] Learner 12 到達/重返, 等待人數: 12/18
[Barrier] Learner 2 到達/重返, 等待人數: 13/18
[Barrier] Learner 0 到達/重返, 等待人數: 14/18
[Barrier] Learner 8 到達/重返, 等待人數: 15/18
[Barrier] Learner 3 到達/重返, 等待人數: 16/18
[Barrier] Learner 13 到達/重返, 等待人數: 17/18
[Table] MQ/CE SAT 填 hash=0x9dccdd0c0c4bbefb
[Table] MQ/CE SAT 填 hash=0x33a9425bb6390b5b
[Table] MQ/CE SAT 填 hash=0x233d5624f2d040d3
[Table] MQ/CE SAT 填 hash=0x8bfb4b56c861ac91
[Table] MQ/CE SAT 填 hash=0xbd7af14ea026ff11
[Barrier] Learner 5 到達/重返, 等待人數: 18/18
[Global EQ] 啟動 Leader SAT 尋找反例
[Table] MQ/CE SAT 填 hash=0x63d5cfc07358db0
[Barrier] Learner 5 到達/重返, 等待人數: 1/18
[Barrier] Learner 9 到達/重返, 等待人數: 2/18
[Barrier] Learner 2 到達/重返, 等待人數: 3/18
[Barrier] Learner 7 到達/重返, 等待人數: 4/18
[Barrier] Learner 14 到達/重返, 等待人數: 5/18
[Barrier] Learner 11 到達/重返, 等待人數: 6/18
[Barrier] Learner 4 到達/重返, 等待人數: 7/18
[Barrier] Learner 16 到達/重返, 等待人數: 8/18
[Barrier] Learner 15 到達/重返, 等待人數: 9/18
[Barrier] Learner 12 到達/重返, 等待人數: 10/18
[Barrier] Learner 8 到達/重返, 等待人數: 11/18
[Barrier] Learner 17 到達/重返, 等待人數: 12/18
[Barrier] Learner 13 到達/重返, 等待人數: 13/18
[Barrier] Learner 6 到達/重返, 等待人數: 14/18
[Barrier] Learner 3 到達/重返, 等待人數: 15/18
[Barrier] Learner 10 到達/重返, 等待人數: 16/18
[Table] MQ/CE SAT 填 hash=0x3b4f2a54323ee780
[Barrier] Learner 1 到達/重返, 等待人數: 17/18
[Barrier] Learner 0 到達/重返, 等待人數: 18/18
[Global EQ] 啟動 Leader SAT 尋找反例
[Table] MQ/CE SAT 填 hash=0xfc17c5e2b2830ab9
[Barrier] Learner 0 到達/重返, 等待人數: 1/18
[Barrier] Learner 14 到達/重返, 等待人數: 2/18
[Barrier] Learner 7 到達/重返, 等待人數: 3/18
[Barrier] Learner 16 到達/重返, 等待人數: 4/18
[Barrier] Learner 3 到達/重返, 等待人數: 5/18
[Barrier] Learner 8 到達/重返, 等待人數: 6/18
[Barrier] Learner 9 到達/重返, 等待人數: 7/18
[Barrier] Learner 17 到達/重返, 等待人數: 8/18
[Barrier] Learner 15 到達/重返, 等待人數: 9/18
[Barrier] Learner 12 到達/重返, 等待人數: 10/18
[Barrier] Learner 1 到達/重返, 等待人數: 11/18
[Barrier] Learner 6 到達/重返, 等待人數: 12/18
[Barrier] Learner 2 到達/重返, 等待人數: 13/18
[Barrier] Learner 13 到達/重返, 等待人數: 14/18
[Barrier] Learner 11 到達/重返, 等待人數: 15/18
[Barrier] Learner 10 到達/重返, 等待人數: 16/18
[Table] MQ/CE SAT 填 hash=0x53895b215a383c39
[Table] MQ/CE SAT 填 hash=0x431d6eea96cf71b1
[Barrier] Learner 4 到達/重返, 等待人數: 17/18
[Barrier] Learner 5 到達/重返, 等待人數: 18/18
[Global EQ] 啟動 Leader SAT 尋找反例
[Table] MQ/CE SAT 填 hash=0xcda8b00c4828ac69
[Barrier] Learner 15 到達/重返, 等待人數: 1/18
[Barrier] Learner 1 到達/重返, 等待人數: 2/18
[Barrier] Learner 2 到達/重返, 等待人數: 3/18
[Barrier] Learner 7 到達/重返, 等待人數: 4/18
[Barrier] Learner 13 到達/重返, 等待人數: 5/18
[Barrier] Learner 11 到達/重返, 等待人數: 6/18
[Barrier] Learner 9 到達/重返, 等待人數: 7/18
[Barrier] Learner 14 到達/重返, 等待人數: 8/18
[Barrier] Learner 8 到達/重返, 等待人數: 9/18
[Barrier] Learner 3 到達/重返, 等待人數: 10/18
[Barrier] Learner 12 到達/重返, 等待人數: 11/18
[Barrier] Learner 17 到達/重返, 等待人數: 12/18
[Barrier] Learner 4 到達/重返, 等待人數: 13/18
[Barrier] Learner 16 到達/重返, 等待人數: 14/18
[Barrier] Learner 0 到達/重返, 等待人數: 15/18
[Barrier] Learner 5 到達/重返, 等待人數: 16/18
[Barrier] Learner 6 到達/重返, 等待人數: 17/18
[Table] MQ/CE SAT 填 hash=0x76371acda0737ae9
[Table] MQ/CE SAT 填 hash=0xc13801d4a60c749
[Table] MQ/CE SAT 填 hash=0xf0c6a1b4b9eef911
[Table] MQ/CE SAT 填 hash=0xa9f36a1a95d28583
[Table] MQ/CE SAT 填 hash=0x2756eea00d779603
[Table] MQ/CE SAT 填 hash=0xf2b5b9c84fc1f283
[Table] MQ/CE SAT 填 hash=0xd768db5fbf50244b
[Table] MQ/CE SAT 填 hash=0xc351306f90715a49
[Table] MQ/CE SAT 填 hash=0x1901bf2555f6fee9
[Table] MQ/CE SAT 填 hash=0x966543aacd9c0f69
[Table] MQ/CE SAT 填 hash=0xbab451de4a78209
[Barrier] Learner 10 到達/重返, 等待人數: 18/18
[Global EQ] 啟動 Leader SAT 尋找反例
[Barrier] Learner 10 到達/重返, 等待人數: 1/18
[Barrier] Learner 1 到達/重返, 等待人數: 2/18
[Barrier] Learner 12 到達/重返, 等待人數: 3/18
[Barrier] Learner 3 到達/重返, 等待人數: 4/18
[Barrier] Learner 9 到達/重返, 等待人數: 5/18
[Barrier] Learner 16 到達/重返, 等待人數: 6/18
[Barrier] Learner 11 到達/重返, 等待人數: 7/18
[Barrier] Learner 6 到達/重返, 等待人數: 8/18
[Barrier] Learner 17 到達/重返, 等待人數: 9/18
[Barrier] Learner 0 到達/重返, 等待人數: 10/18
[Barrier] Learner 2 到達/重返, 等待人數: 11/18
[Barrier] Learner 7 到達/重返, 等待人數: 12/18
[Barrier] Learner 8 到達/重返, 等待人數: 13/18
[Barrier] Learner 15 到達/重返, 等待人數: 14/18
[Barrier] Learner 5 到達/重返, 等待人數: 15/18
[Barrier] Learner 14 到達/重返, 等待人數: 16/18
[Barrier] Learner 13 到達/重返, 等待人數: 17/18
[Table] MQ/CE SAT 填 hash=0xcd6e86979612d3bb
[Table] MQ/CE SAT 填 hash=0x75fcf158ee5da23b
[Table] MQ/CE SAT 填 hash=0xe888f3926654ae89
[Table] MQ/CE SAT 填 hash=0x1a08998a3e1a0109
[Barrier] Learner 4 到達/重返, 等待人數: 18/18
[Global EQ] 啟動 Leader SAT 尋找反例
[Barrier] Learner 4 到達/重返, 等待人數: 1/18
[Barrier] Learner 13 到達/重返, 等待人數: 2/18
[Barrier] Learner 1 到達/重返, 等待人數: 3/18
[Barrier] Learner 7 到達/重返, 等待人數: 4/18
[Barrier] Learner 5 到達/重返, 等待人數: 5/18
[Barrier] Learner 8 到達/重返, 等待人數: 6/18
[Barrier] Learner 9 到達/重返, 等待人數: 7/18
[Barrier] Learner 12 到達/重返, 等待人數: 8/18
[Barrier] Learner 3 到達/重返, 等待人數: 9/18
[Barrier] Learner 14 到達/重返, 等待人數: 10/18
[Barrier] Learner 15 到達/重返, 等待人數: 11/18
[Barrier] Learner 16 到達/重返, 等待人數: 12/18
[Barrier] Learner 2 到達/重返, 等待人數: 13/18
[Barrier] Learner 0 到達/重返, 等待人數: 14/18
[Barrier] Learner 17 到達/重返, 等待人數: 15/18
[Barrier] Learner 6 到達/重返, 等待人數: 16/18
[Table] MQ/CE SAT 填 hash=0xe8d7dc0d90f0add9
[Table] MQ/CE SAT 填 hash=0xfcef86fdbfcf77db
[Table] MQ/CE SAT 填 hash=0x7a530b833774885b
[Barrier] Learner 11 到達/重返, 等待人數: 17/18
[Barrier] Learner 10 到達/重返, 等待人數: 18/18
[Global EQ] 啟動 Leader SAT 尋找反例
[Table] MQ/CE SAT 填 hash=0x615bd3d3aa2d26a9
[Barrier] Learner 10 到達/重返, 等待人數: 1/18
[Barrier] Learner 0 到達/重返, 等待人數: 2/18
[Barrier] Learner 11 到達/重返, 等待人數: 3/18
[Barrier] Learner 2 到達/重返, 等待人數: 4/18
[Barrier] Learner 3 到達/重返, 等待人數: 5/18
[Barrier] Learner 9 到達/重返, 等待人數: 6/18
[Barrier] Learner 5 到達/重返, 等待人數: 7/18
[Barrier] Learner 8 到達/重返, 等待人數: 8/18
[Barrier] Learner 12 到達/重返, 等待人數: 9/18
[Barrier] Learner 1 到達/重返, 等待人數: 10/18
[Barrier] Learner 15 到達/重返, 等待人數: 11/18
[Barrier] Learner 4 到達/重返, 等待人數: 12/18
[Barrier] Learner 13 到達/重返, 等待人數: 13/18
[Barrier] Learner 7 到達/重返, 等待人數: 14/18
[Barrier] Learner 16 到達/重返, 等待人數: 15/18
[Barrier] Learner 17 到達/重返, 等待人數: 16/18
[Barrier] Learner 6 到達/重返, 等待人數: 17/18
[Barrier] Learner 14 到達/重返, 等待人數: 18/18
[Global EQ] 啟動 Leader SAT 尋找反例
[Barrier] Learner 14 到達/重返, 等待人數: 1/18
[Barrier] Learner 8 到達/重返, 等待人數: 2/18
[Barrier] Learner 2 到達/重返, 等待人數: 3/18
[Barrier] Learner 0 到達/重返, 等待人數: 4/18
[Barrier] Learner 4 到達/重返, 等待人數: 5/18
[Barrier] Learner 16 到達/重返, 等待人數: 6/18
[Barrier] Learner 12 到達/重返, 等待人數: 7/18
[Barrier] Learner 9 到達/重返, 等待人數: 8/18
[Barrier] Learner 17 到達/重返, 等待人數: 9/18
[Barrier] Learner 13 到達/重返, 等待人數: 10/18
[Barrier] Learner 1 到達/重返, 等待人數: 11/18
[Barrier] Learner 7 到達/重返, 等待人數: 12/18
[Barrier] Learner 15 到達/重返, 等待人數: 13/18
[Barrier] Learner 3 到達/重返, 等待人數: 14/18
[Barrier] Learner 5 到達/重返, 等待人數: 15/18
[Barrier] Learner 6 到達/重返, 等待人數: 16/18
[Table] MQ/CE SAT 填 hash=0x9ea3e950277f529
[Barrier] Learner 10 到達/重返, 等待人數: 17/18
[Table] MQ/CE SAT 填 hash=0xb439afdf3cf25089
[Barrier] Learner 11 到達/重返, 等待人數: 18/18
[Global EQ] 啟動 Leader SAT 尋找反例
[Table] MQ/CE SAT 填 hash=0x3aebf4b3262155b3
[Barrier] Learner 11 到達/重返, 等待人數: 1/18
[Barrier] Learner 4 到達/重返, 等待人數: 2/18
[Barrier] Learner 1 到達/重返, 等待人數: 3/18
[Barrier] Learner 3 到達/重返, 等待人數: 4/18
[Barrier] Learner 0 到達/重返, 等待人數: 5/18
[Barrier] Learner 16 到達/重返, 等待人數: 6/18
[Barrier] Learner 8 到達/重返, 等待人數: 7/18
[Barrier] Learner 13 到達/重返, 等待人數: 8/18
[Barrier] Learner 7 到達/重返, 等待人數: 9/18
[Barrier] Learner 6 到達/重返, 等待人數: 10/18
[Barrier] Learner 2 到達/重返, 等待人數: 11/18
[Barrier] Learner 12 到達/重返, 等待人數: 12/18
[Barrier] Learner 14 到達/重返, 等待人數: 13/18
[Barrier] Learner 10 到達/重返, 等待人數: 14/18
[Barrier] Learner 17 到達/重返, 等待人數: 15/18
[Barrier] Learner 15 到達/重返, 等待人數: 16/18
[Barrier] Learner 5 到達/重返, 等待人數: 17/18
[Table] MQ/CE SAT 填 hash=0x6da7815d1b5eff3f
[Table] MQ/CE SAT 填 hash=0x870547b215fdd405
[Table] MQ/CE SAT 填 hash=0xdba42a468af28ac5
[Table] MQ/CE SAT 填 hash=0x85f39b90c56ce625
[Barrier] Learner 9 到達/重返, 等待人數: 18/18
[Global EQ] 啟動 Leader SAT 尋找反例
[Table] MQ/CE SAT 填 hash=0xbb7aaae7dccfc693
[Barrier] Learner 9 到達/重返, 等待人數: 1/18
[Barrier] Learner 15 到達/重返, 等待人數: 2/18
[Barrier] Learner 1 到達/重返, 等待人數: 3/18
[Barrier] Learner 2 到達/重返, 等待人數: 4/18
[Barrier] Learner 13 到達/重返, 等待人數: 5/18
[Barrier] Learner 14 到達/重返, 等待人數: 6/18
[Barrier] Learner 6 到達/重返, 等待人數: 7/18
[Barrier] Learner 3 到達/重返, 等待人數: 8/18
[Barrier] Learner 0 到達/重返, 等待人數: 9/18
[Barrier] Learner 16 到達/重返, 等待人數: 10/18
[Barrier] Learner 17 到達/重返, 等待人數: 11/18
[Barrier] Learner 11 到達/重返, 等待人數: 12/18
[Barrier] Learner 7 到達/重返, 等待人數: 13/18
[Barrier] Learner 5 到達/重返, 等待人數: 14/18
[Barrier] Learner 12 到達/重返, 等待人數: 15/18
[Barrier] Learner 4 到達/重返, 等待人數: 16/18
[Barrier] Learner 10 到達/重返, 等待人數: 17/18
[Table] MQ/CE SAT 填 hash=0x5157103786bd12f3
[Table] MQ/CE SAT 填 hash=0x40eb2400c354486b
[Barrier] Learner 8 到達/重返, 等待人數: 18/18
[Global EQ] 啟動 Leader SAT 尋找反例
[Barrier] Learner 11 到達/重返, 等待人數: 1/18
[Barrier] Learner 17 到達/重返, 等待人數: 2/18
[Barrier] Learner 2 到達/重返, 等待人數: 3/18
[Barrier] Learner 5 到達/重返, 等待人數: 4/18
[Barrier] Learner 15 到達/重返, 等待人數: 5/18
[Barrier] Learner 12 到達/重返, 等待人數: 6/18
[Barrier] Learner 13 到達/重返, 等待人數: 7/18
[Barrier] Learner 16 到達/重返, 等待人數: 8/18
[Barrier] Learner 8 到達/重返, 等待人數: 9/18
[Barrier] Learner 7 到達/重返, 等待人數: 10/18
[Barrier] Learner 6 到達/重返, 等待人數: 11/18
[Barrier] Learner 14 到達/重返, 等待人數: 12/18
[Barrier] Learner 1 到達/重返, 等待人數: 13/18
[Barrier] Learner 4 到達/重返, 等待人數: 14/18
[Barrier] Learner 3 到達/重返, 等待人數: 15/18
[Barrier] Learner 10 到達/重返, 等待人數: 16/18
[Barrier] Learner 9 到達/重返, 等待人數: 17/18
[Table] MQ/CE SAT 填 hash=0xaecbc7bd5f805c30
[Barrier] Learner 0 到達/重返, 等待人數: 18/18
[Global EQ] 啟動 Leader SAT 尋找反例
[Table] MQ/CE SAT 填 hash=0x7ab99a28a4cbfb6f
[Barrier] Learner 2 到達/重返, 等待人數: 1/18
[Barrier] Learner 10 到達/重返, 等待人數: 2/18
[Barrier] Learner 6 到達/重返, 等待人數: 3/18
[Barrier] Learner 8 到達/重返, 等待人數: 4/18
[Barrier] Learner 13 到達/重返, 等待人數: 5/18
[Barrier] Learner 1 到達/重返, 等待人數: 6/18
[Barrier] Learner 4 到達/重返, 等待人數: 7/18
[Barrier] Learner 5 到達/重返, 等待人數: 8/18
[Barrier] Learner 11 到達/重返, 等待人數: 9/18
[Barrier] Learner 14 到達/重返, 等待人數: 10/18
[Barrier] Learner 3 到達/重返, 等待人數: 11/18
[Barrier] Learner 16 到達/重返, 等待人數: 12/18
[Barrier] Learner 12 到達/重返, 等待人數: 13/18
[Barrier] Learner 0 到達/重返, 等待人數: 14/18
[Barrier] Learner 17 到達/重返, 等待人數: 15/18
[Barrier] Learner 9 到達/重返, 等待人數: 16/18
[Barrier] Learner 7 到達/重返, 等待人數: 17/18
[Barrier] Learner 15 到達/重返, 等待人數: 18/18
[Global EQ] 啟動 Leader SAT 尋找反例
[Barrier] Learner 15 到達/重返, 等待人數: 1/18
[Barrier] Learner 3 到達/重返, 等待人數: 2/18
[Barrier] Learner 12 到達/重返, 等待人數: 3/18
[Barrier] Learner 11 到達/重返, 等待人數: 4/18
[Barrier] Learner 8 到達/重返, 等待人數: 5/18
[Barrier] Learner 4 到達/重返, 等待人數: 6/18
[Barrier] Learner 13 到達/重返, 等待人數: 7/18
[Barrier] Learner 9 到達/重返, 等待人數: 8/18
[Barrier] Learner 7 到達/重返, 等待人數: 9/18
[Barrier] Learner 1 到達/重返, 等待人數: 10/18
[Barrier] Learner 17 到達/重返, 等待人數: 11/18
[Barrier] Learner 5 到達/重返, 等待人數: 12/18
[Barrier] Learner 6 到達/重返, 等待人數: 13/18
[Barrier] Learner 2 到達/重返, 等待人數: 14/18
[Barrier] Learner 0 到達/重返, 等待人數: 15/18
[Barrier] Learner 14 到達/重返, 等待人數: 16/18
[Barrier] Learner 16 到達/重返, 等待人數: 17/18
[Barrier] Learner 10 到達/重返, 等待人數: 18/18
[Global EQ] 啟動 Leader SAT 尋找反例
[Barrier] Learner 3 到達/重返, 等待人數: 1/18
[Barrier] Learner 10 到達/重返, 等待人數: 2/18
[Barrier] Learner 15 到達/重返, 等待人數: 3/18
[Barrier] Learner 14 到達/重返, 等待人數: 4/18
[Barrier] Learner 6 到達/重返, 等待人數: 5/18
[Barrier] Learner 2 到達/重返, 等待人數: 6/18
[Barrier] Learner 1 到達/重返, 等待人數: 7/18
[Barrier] Learner 16 到達/重返, 等待人數: 8/18
[Barrier] Learner 0 到達/重返, 等待人數: 9/18
[Barrier] Learner 11 到達/重返, 等待人數: 10/18
[Barrier] Learner 8 到達/重返, 等待人數: 11/18
[Barrier] Learner 9 到達/重返, 等待人數: 12/18
[Barrier] Learner 5 到達/重返, 等待人數: 13/18
[Barrier] Learner 7 到達/重返, 等待人數: 14/18
[Barrier] Learner 4 到達/重返, 等待人數: 15/18
[Barrier] Learner 12 到達/重返, 等待人數: 16/18
[Barrier] Learner 13 到達/重返, 等待人數: 17/18
[Barrier] Learner 17 到達/重返, 等待人數: 18/18
[Global EQ] 啟動 Leader SAT 尋找反例
[Barrier] Learner 17 到達/重返, 等待人數: 1/18
[Barrier] Learner 1 到達/重返, 等待人數: 2/18
[Barrier] Learner 13 到達/重返, 等待人數: 3/18
[Barrier] Learner 7 到達/重返, 等待人數: 4/18
[Barrier] Learner 11 到達/重返, 等待人數: 5/18
[Barrier] Learner 12 到達/重返, 等待人數: 6/18
[Barrier] Learner 0 到達/重返, 等待人數: 7/18
[Barrier] Learner 16 到達/重返, 等待人數: 8/18
[Barrier] Learner 4 到達/重返, 等待人數: 9/18
[Barrier] Learner 3 到達/重返, 等待人數: 10/18
[Barrier] Learner 6 到達/重返, 等待人數: 11/18
[Barrier] Learner 15 到達/重返, 等待人數: 12/18
[Barrier] Learner 5 到達/重返, 等待人數: 13/18
[Barrier] Learner 2 到達/重返, 等待人數: 14/18
[Barrier] Learner 10 到達/重返, 等待人數: 15/18
[Barrier] Learner 9 到達/重返, 等待人數: 16/18
[Barrier] Learner 14 到達/重返, 等待人數: 17/18
[Barrier] Learner 8 到達/重返, 等待人數: 18/18
[Global EQ] 啟動 Leader SAT 尋找反例
[Barrier] Learner 16 到達/重返, 等待人數: 1/18
[Barrier] Learner 10 到達/重返, 等待人數: 2/18
[Barrier] Learner 8 到達/重返, 等待人數: 3/18
[Barrier] Learner 13 到達/重返, 等待人數: 4/18
[Barrier] Learner 17 到達/重返, 等待人數: 5/18
[Barrier] Learner 12 到達/重返, 等待人數: 6/18
[Barrier] Learner 9 到達/重返, 等待人數: 7/18
[Barrier] Learner 7 到達/重返, 等待人數: 8/18
[Barrier] Learner 2 到達/重返, 等待人數: 9/18
[Barrier] Learner 5 到達/重返, 等待人數: 10/18
[Barrier] Learner 0 到達/重返, 等待人數: 11/18
[Barrier] Learner 3 到達/重返, 等待人數: 12/18
[Barrier] Learner 4 到達/重返, 等待人數: 13/18
[Barrier] Learner 15 到達/重返, 等待人數: 14/18
[Barrier] Learner 1 到達/重返, 等待人數: 15/18
[Barrier] Learner 11 到達/重返, 等待人數: 16/18
[Barrier] Learner 6 到達/重返, 等待人數: 17/18
[Table] MQ/CE SAT 填 hash=0xbd956a8984aee9b
[Barrier] Learner 14 到達/重返, 等待人數: 18/18
[Global EQ] 啟動 Leader SAT 尋找反例
[Barrier] Learner 14 到達/重返, 等待人數: 1/18
[Barrier] Learner 17 到達/重返, 等待人數: 2/18
[Barrier] Learner 0 到達/重返, 等待人數: 3/18
[Barrier] Learner 8 到達/重返, 等待人數: 4/18
[Barrier] Learner 11 到達/重返, 等待人數: 5/18
[Barrier] Learner 12 到達/重返, 等待人數: 6/18
[Barrier] Learner 9 到達/重返, 等待人數: 7/18
[Barrier] Learner 16 到達/重返, 等待人數: 8/18
[Barrier] Learner 3 到達/重返, 等待人數: 9/18
[Barrier] Learner 6 到達/重返, 等待人數: 10/18
[Barrier] Learner 4 到達/重返, 等待人數: 11/18
[Barrier] Learner 7 到達/重返, 等待人數: 12/18
[Barrier] Learner 10 到達/重返, 等待人數: 13/18
[Barrier] Learner 2 到達/重返, 等待人數: 14/18
[Barrier] Learner 5 到達/重返, 等待人數: 15/18
[Barrier] Learner 15 到達/重返, 等待人數: 16/18
[Barrier] Learner 13 到達/重返, 等待人數: 17/18
[Barrier] Learner 1 到達/重返, 等待人數: 18/18
[Global EQ] 啟動 Leader SAT 尋找反例
[Table] MQ/CE SAT 填 hash=0xd84dc0ea87a6bd31
[Barrier] Learner 9 到達/重返, 等待人數: 1/18
[Barrier] Learner 8 到達/重返, 等待人數: 2/18
[Barrier] Learner 0 到達/重返, 等待人數: 3/18
[Barrier] Learner 1 到達/重返, 等待人數: 4/18
[Barrier] Learner 3 到達/重返, 等待人數: 5/18
[Barrier] Learner 14 到達/重返, 等待人數: 6/18
[Barrier] Learner 17 到達/重返, 等待人數: 7/18
[Barrier] Learner 6 到達/重返, 等待人數: 8/18
[Barrier] Learner 5 到達/重返, 等待人數: 9/18
[Barrier] Learner 15 到達/重返, 等待人數: 10/18
[Barrier] Learner 12 到達/重返, 等待人數: 11/18
[Barrier] Learner 10 到達/重返, 等待人數: 12/18
[Barrier] Learner 11 到達/重返, 等待人數: 13/18
[Barrier] Learner 2 到達/重返, 等待人數: 14/18
[Barrier] Learner 16 到達/重返, 等待人數: 15/18
[Barrier] Learner 13 到達/重返, 等待人數: 16/18
[Barrier] Learner 7 到達/重返, 等待人數: 17/18
[Table] MQ/CE SAT 填 hash=0x2fbf56292f5beeb1
[Table] MQ/CE SAT 填 hash=0x9c290a14706359e9
[Table] MQ/CE SAT 填 hash=0x16618fd434bd19eb
[Table] MQ/CE SAT 填 hash=0x5366ba66b673ece9
[Barrier] Learner 4 到達/重返, 等待人數: 18/18
[Global EQ] 啟動 Leader SAT 尋找反例
[Table] MQ/CE SAT 填 hash=0x793fde6ccac44e5
[Barrier] Learner 4 到達/重返, 等待人數: 1/18
[Barrier] Learner 1 到達/重返, 等待人數: 2/18
[Barrier] Learner 13 到達/重返, 等待人數: 3/18
[Barrier] Learner 17 到達/重返, 等待人數: 4/18
[Barrier] Learner 2 到達/重返, 等待人數: 5/18
[Barrier] Learner 10 到達/重返, 等待人數: 6/18
[Barrier] Learner 3 到達/重返, 等待人數: 7/18
[Barrier] Learner 6 到達/重返, 等待人數: 8/18
[Barrier] Learner 16 到達/重返, 等待人數: 9/18
[Barrier] Learner 15 到達/重返, 等待人數: 10/18
[Barrier] Learner 8 到達/重返, 等待人數: 11/18
[Barrier] Learner 14 到達/重返, 等待人數: 12/18
[Barrier] Learner 5 到達/重返, 等待人數: 13/18
[Barrier] Learner 11 到達/重返, 等待人數: 14/18
[Barrier] Learner 0 到達/重返, 等待人數: 15/18
[Barrier] Learner 7 到達/重返, 等待人數: 16/18
[Barrier] Learner 12 到達/重返, 等待人數: 17/18
[Table] MQ/CE SAT 填 hash=0x5f05932574617665
[Table] MQ/CE SAT 填 hash=0x9417607d9f6ad035
[Table] MQ/CE SAT 填 hash=0x9d70633676999145
[Table] MQ/CE SAT 填 hash=0xd282308ea1a2eb15
[Table] MQ/CE SAT 填 hash=0xc2164457de3a208d
[Barrier] Learner 9 到達/重返, 等待人數: 18/18
[Global EQ] 啟動 Leader SAT 尋找反例
[Barrier] Learner 3 到達/重返, 等待人數: 1/18
[Barrier] Learner 11 到達/重返, 等待人數: 2/18
[Barrier] Learner 4 到達/重返, 等待人數: 3/18
[Barrier] Learner 1 到達/重返, 等待人數: 4/18
[Barrier] Learner 2 到達/重返, 等待人數: 5/18
[Barrier] Learner 16 到達/重返, 等待人數: 6/18
[Barrier] Learner 14 到達/重返, 等待人數: 7/18
[Barrier] Learner 6 到達/重返, 等待人數: 8/18
[Barrier] Learner 17 到達/重返, 等待人數: 9/18
[Barrier] Learner 12 到達/重返, 等待人數: 10/18
[Barrier] Learner 9 到達/重返, 等待人數: 11/18
[Barrier] Learner 8 到達/重返, 等待人數: 12/18
[Barrier] Learner 13 到達/重返, 等待人數: 13/18
[Barrier] Learner 15 到達/重返, 等待人數: 14/18
[Barrier] Learner 10 到達/重返, 等待人數: 15/18
[Barrier] Learner 7 到達/重返, 等待人數: 16/18
[Barrier] Learner 0 到達/重返, 等待人數: 17/18
[Table] MQ/CE SAT 填 hash=0x8d0510f4e5d20a7b
[Table] MQ/CE SAT 填 hash=0xe6e6a49ff3247db
[Table] MQ/CE SAT 填 hash=0xb23fe9069cd8cdfb
[Barrier] Learner 5 到達/重返, 等待人數: 18/18
[Global EQ] 啟動 Leader SAT 尋找反例
[Table] MQ/CE SAT 填 hash=0xad7526d29a09a4fb
[Barrier] Learner 12 到達/重返, 等待人數: 1/18
[Barrier] Learner 11 到達/重返, 等待人數: 2/18
[Barrier] Learner 3 到達/重返, 等待人數: 3/18
[Barrier] Learner 15 到達/重返, 等待人數: 4/18
[Barrier] Learner 9 到達/重返, 等待人數: 5/18
[Barrier] Learner 6 到達/重返, 等待人數: 6/18
[Barrier] Learner 1 到達/重返, 等待人數: 7/18
[Barrier] Learner 4 到達/重返, 等待人數: 8/18
[Barrier] Learner 14 到達/重返, 等待人數: 9/18
[Barrier] Learner 8 到達/重返, 等待人數: 10/18
[Barrier] Learner 13 到達/重返, 等待人數: 11/18
[Barrier] Learner 7 到達/重返, 等待人數: 12/18
[Barrier] Learner 17 到達/重返, 等待人數: 13/18
[Barrier] Learner 0 到達/重返, 等待人數: 14/18
[Barrier] Learner 2 到達/重返, 等待人數: 15/18
[Barrier] Learner 10 到達/重返, 等待人數: 16/18
[Barrier] Learner 16 到達/重返, 等待人數: 17/18
[Table] MQ/CE SAT 填 hash=0x56039193f254737b
[Table] MQ/CE SAT 填 hash=0x43518c2243f6f15b
[Table] MQ/CE SAT 填 hash=0xebdff6e39c41bfdb
[Table] MQ/CE SAT 填 hash=0x53dbd3896e094a1
[Barrier] Learner 5 到達/重返, 等待人數: 18/18
[Global EQ] 啟動 Leader SAT 尋找反例
[Table] MQ/CE SAT 填 hash=0x10918bd25e663bb9
[Barrier] Learner 7 到達/重返, 等待人數: 1/18
[Barrier] Learner 5 到達/重返, 等待人數: 2/18
[Barrier] Learner 16 到達/重返, 等待人數: 3/18
[Barrier] Learner 4 到達/重返, 等待人數: 4/18
[Barrier] Learner 12 到達/重返, 等待人數: 5/18
[Barrier] Learner 17 到達/重返, 等待人數: 6/18
[Barrier] Learner 9 到達/重返, 等待人數: 7/18
[Barrier] Learner 1 到達/重返, 等待人數: 8/18
[Barrier] Learner 0 到達/重返, 等待人數: 9/18
[Barrier] Learner 11 到達/重返, 等待人數: 10/18
[Barrier] Learner 14 到達/重返, 等待人數: 11/18
[Barrier] Learner 15 到達/重返, 等待人數: 12/18
[Barrier] Learner 13 到達/重返, 等待人數: 13/18
[Barrier] Learner 6 到達/重返, 等待人數: 14/18
[Barrier] Learner 2 到達/重返, 等待人數: 15/18
[Barrier] Learner 8 到達/重返, 等待人數: 16/18
[Barrier] Learner 10 到達/重返, 等待人數: 17/18
[Table] MQ/CE SAT 填 hash=0xf733c57d63c766f3
[Table] MQ/CE SAT 填 hash=0xea84e252e677fc90
[Table] MQ/CE SAT 填 hash=0x40357108abfda130
[Table] MQ/CE SAT 填 hash=0xeb0db8638ec07380
[Table] MQ/CE SAT 填 hash=0x29034675a49f07c2
[Barrier] Learner 3 到達/重返, 等待人數: 18/18
[Global EQ] 啟動 Leader SAT 尋找反例
[Barrier] Learner 3 到達/重返, 等待人數: 1/18
[Barrier] Learner 2 到達/重返, 等待人數: 2/18
[Barrier] Learner 16 到達/重返, 等待人數: 3/18
[Barrier] Learner 5 到達/重返, 等待人數: 4/18
[Barrier] Learner 14 到達/重返, 等待人數: 5/18
[Barrier] Learner 13 到達/重返, 等待人數: 6/18
[Barrier] Learner 17 到達/重返, 等待人數: 7/18
[Barrier] Learner 9 到達/重返, 等待人數: 8/18
[Barrier] Learner 7 到達/重返, 等待人數: 9/18
[Barrier] Learner 12 到達/重返, 等待人數: 10/18
[Barrier] Learner 6 到達/重返, 等待人數: 11/18
[Barrier] Learner 1 到達/重返, 等待人數: 12/18
[Barrier] Learner 4 到達/重返, 等待人數: 13/18
[Barrier] Learner 0 到達/重返, 等待人數: 14/18
[Barrier] Learner 15 到達/重返, 等待人數: 15/18
[Barrier] Learner 8 到達/重返, 等待人數: 16/18
[Table] MQ/CE SAT 填 hash=0x54ea8ed17cd65aeb
[Table] MQ/CE SAT 填 hash=0xacb3253779ad4a91
[Table] MQ/CE SAT 填 hash=0x65567b08403f2573
[Table] MQ/CE SAT 填 hash=0x8f4e3f1eb1ea3153
[Table] MQ/CE SAT 填 hash=0xcb1c3a4298f41d3
[Barrier] Learner 10 到達/重返, 等待人數: 17/18
[Table] MQ/CE SAT 填 hash=0xe1c4f28fa4b6a461
[Table] MQ/CE SAT 填 hash=0x14807f3999f44ded
[Table] MQ/CE SAT 填 hash=0xf933a0d109827fb5
[Table] MQ/CE SAT 填 hash=0x520adb8e31b8f917
[Table] MQ/CE SAT 填 hash=0xa7bb6a43f73e9db7
[Table] MQ/CE SAT 填 hash=0x763bc44c1f794b37
[Table] MQ/CE SAT 填 hash=0x45c60da810fa6a17
[Barrier] Learner 11 到達/重返, 等待人數: 18/18
[Global EQ] 啟動 Leader SAT 尋找反例
[Barrier] Learner 11 到達/重返, 等待人數: 1/18
[Barrier] Learner 8 到達/重返, 等待人數: 2/18
[Barrier] Learner 9 到達/重返, 等待人數: 3/18
[Barrier] Learner 5 到達/重返, 等待人數: 4/18
[Barrier] Learner 2 到達/重返, 等待人數: 5/18
[Barrier] Learner 0 到達/重返, 等待人數: 6/18
[Barrier] Learner 4 到達/重返, 等待人數: 7/18
[Barrier] Learner 12 到達/重返, 等待人數: 8/18
[Barrier] Learner 1 到達/重返, 等待人數: 9/18
[Barrier] Learner 6 到達/重返, 等待人數: 10/18
[Barrier] Learner 16 到達/重返, 等待人數: 11/18
[Barrier] Learner 17 到達/重返, 等待人數: 12/18
[Barrier] Learner 3 到達/重返, 等待人數: 13/18
[Barrier] Learner 15 到達/重返, 等待人數: 14/18
[Barrier] Learner 13 到達/重返, 等待人數: 15/18
[Barrier] Learner 14 到達/重返, 等待人數: 16/18
[Barrier] Learner 7 到達/重返, 等待人數: 17/18
[Table] MQ/CE SAT 填 hash=0x5aea3c651001acb1
[Barrier] Learner 10 到達/重返, 等待人數: 18/18
[Global EQ] 啟動 Leader SAT 尋找反例
[Barrier] Learner 12 到達/重返, 等待人數: 1/18
[Barrier] Learner 7 到達/重返, 等待人數: 2/18
[Barrier] Learner 2 到達/重返, 等待人數: 3/18
[Barrier] Learner 0 到達/重返, 等待人數: 4/18
[Barrier] Learner 14 到達/重返, 等待人數: 5/18
[Barrier] Learner 11 到達/重返, 等待人數: 6/18
[Barrier] Learner 16 到達/重返, 等待人數: 7/18
[Barrier] Learner 9 到達/重返, 等待人數: 8/18
[Barrier] Learner 1 到達/重返, 等待人數: 9/18
[Barrier] Learner 17 到達/重返, 等待人數: 10/18
[Barrier] Learner 10 到達/重返, 等待人數: 11/18
[Barrier] Learner 4 到達/重返, 等待人數: 12/18
[Barrier] Learner 13 到達/重返, 等待人數: 13/18
[Barrier] Learner 8 到達/重返, 等待人數: 14/18
[Barrier] Learner 6 到達/重返, 等待人數: 15/18
[Barrier] Learner 3 到達/重返, 等待人數: 16/18
[Barrier] Learner 15 到達/重返, 等待人數: 17/18
[Table] MQ/CE SAT 填 hash=0x663b60930895be59
[Table] MQ/CE SAT 填 hash=0x598c7d688b4653f6
[Table] MQ/CE SAT 填 hash=0x6da42858ba251df8
[Table] MQ/CE SAT 填 hash=0x187c6fb39ce7f048
[Table] MQ/CE SAT 填 hash=0xe484abfdca09f568
[Barrier] Learner 5 到達/重返, 等待人數: 18/18
[Global EQ] 啟動 Leader SAT 尋找反例
[Barrier] Learner 5 到達/重返, 等待人數: 1/18
[Barrier] Learner 15 到達/重返, 等待人數: 2/18
[Barrier] Learner 16 到達/重返, 等待人數: 3/18
[Barrier] Learner 4 到達/重返, 等待人數: 4/18
[Barrier] Learner 13 到達/重返, 等待人數: 5/18
[Barrier] Learner 12 到達/重返, 等待人數: 6/18
[Barrier] Learner 6 到達/重返, 等待人數: 7/18
[Barrier] Learner 8 到達/重返, 等待人數: 8/18
[Barrier] Learner 0 到達/重返, 等待人數: 9/18
[Barrier] Learner 17 到達/重返, 等待人數: 10/18
[Barrier] Learner 14 到達/重返, 等待人數: 11/18
[Barrier] Learner 11 到達/重返, 等待人數: 12/18
[Barrier] Learner 7 到達/重返, 等待人數: 13/18
[Barrier] Learner 3 到達/重返, 等待人數: 14/18
[Barrier] Learner 9 到達/重返, 等待人數: 15/18
[Barrier] Learner 1 到達/重返, 等待人數: 16/18
[Barrier] Learner 2 到達/重返, 等待人數: 17/18
[Table] MQ/CE SAT 填 hash=0x5cd95478a5d4a623
[Table] MQ/CE SAT 填 hash=0x418c76101562d7eb
[Table] MQ/CE SAT 填 hash=0xc2f5cf652ec3154b
[Table] MQ/CE SAT 填 hash=0x405953eaa66825cb
[Barrier] Learner 10 到達/重返, 等待人數: 18/18
[Global EQ] 啟動 Leader SAT 尋找反例
[Barrier] Learner 4 到達/重返, 等待人數: 1/18
[Barrier] Learner 2 到達/重返, 等待人數: 2/18
[Barrier] Learner 13 到達/重返, 等待人數: 3/18
[Barrier] Learner 15 到達/重返, 等待人數: 4/18
[Barrier] Learner 8 到達/重返, 等待人數: 5/18
[Barrier] Learner 5 到達/重返, 等待人數: 6/18
[Barrier] Learner 9 到達/重返, 等待人數: 7/18
[Barrier] Learner 1 到達/重返, 等待人數: 8/18
[Barrier] Learner 16 到達/重返, 等待人數: 9/18
[Barrier] Learner 3 到達/重返, 等待人數: 10/18
[Barrier] Learner 7 到達/重返, 等待人數: 11/18
[Barrier] Learner 0 到達/重返, 等待人數: 12/18
[Barrier] Learner 17 到達/重返, 等待人數: 13/18
[Barrier] Learner 14 到達/重返, 等待人數: 14/18
[Barrier] Learner 12 到達/重返, 等待人數: 15/18
[Barrier] Learner 6 到達/重返, 等待人數: 16/18
[Table] MQ/CE SAT 填 hash=0x7eb4415d3addfa39
[Barrier] Learner 10 到達/重返, 等待人數: 17/18
[Barrier] Learner 11 到達/重返, 等待人數: 18/18
[Global EQ] 啟動 Leader SAT 尋找反例
[Barrier] Learner 11 到達/重返, 等待人數: 1/18
[Barrier] Learner 10 到達/重返, 等待人數: 2/18
[Barrier] Learner 4 到達/重返, 等待人數: 3/18
[Barrier] Learner 3 到達/重返, 等待人數: 4/18
[Barrier] Learner 15 到達/重返, 等待人數: 5/18
[Barrier] Learner 8 到達/重返, 等待人數: 6/18
[Barrier] Learner 6 到達/重返, 等待人數: 7/18
[Barrier] Learner 0 到達/重返, 等待人數: 8/18
[Barrier] Learner 9 到達/重返, 等待人數: 9/18
[Barrier] Learner 1 到達/重返, 等待人數: 10/18
[Barrier] Learner 17 到達/重返, 等待人數: 11/18
[Barrier] Learner 13 到達/重返, 等待人數: 12/18
[Barrier] Learner 12 到達/重返, 等待人數: 13/18
[Barrier] Learner 7 到達/重返, 等待人數: 14/18
[Barrier] Learner 16 到達/重返, 等待人數: 15/18
[Barrier] Learner 2 到達/重返, 等待人數: 16/18
[Barrier] Learner 14 到達/重返, 等待人數: 17/18
[Barrier] Learner 5 到達/重返, 等待人數: 18/18
[Global EQ] 啟動 Leader SAT 尋找反例
[Table] MQ/CE SAT 填 hash=0x9025e7349b9a878a
[Barrier] Learner 5 到達/重返, 等待人數: 1/18
[Barrier] Learner 12 到達/重返, 等待人數: 2/18
[Barrier] Learner 8 到達/重返, 等待人數: 3/18
[Barrier] Learner 13 到達/重返, 等待人數: 4/18
[Barrier] Learner 3 到達/重返, 等待人數: 5/18
[Barrier] Learner 14 到達/重返, 等待人數: 6/18
[Barrier] Learner 11 到達/重返, 等待人數: 7/18
[Barrier] Learner 15 到達/重返, 等待人數: 8/18
[Barrier] Learner 9 到達/重返, 等待人數: 9/18
[Barrier] Learner 6 到達/重返, 等待人數: 10/18
[Barrier] Learner 7 到達/重返, 等待人數: 11/18
[Barrier] Learner 2 到達/重返, 等待人數: 12/18
[Barrier] Learner 16 到達/重返, 等待人數: 13/18
[Barrier] Learner 1 到達/重返, 等待人數: 14/18
[Barrier] Learner 17 到達/重返, 等待人數: 15/18
[Barrier] Learner 10 到達/重返, 等待人數: 16/18
[Barrier] Learner 4 到達/重返, 等待人數: 17/18
[Table] MQ/CE SAT 填 hash=0xe7977c73434fb90a
[Table] MQ/CE SAT 填 hash=0xc42de0a631417f43
[Barrier] Learner 0 到達/重返, 等待人數: 18/18
[Global EQ] 啟動 Leader SAT 尋找反例
[Barrier] Learner 0 到達/重返, 等待人數: 1/18
[Barrier] Learner 17 到達/重返, 等待人數: 2/18
[Barrier] Learner 13 到達/重返, 等待人數: 3/18
[Barrier] Learner 3 到達/重返, 等待人數: 4/18
[Barrier] Learner 4 到達/重返, 等待人數: 5/18
[Barrier] Learner 16 到達/重返, 等待人數: 6/18
[Barrier] Learner 1 到達/重返, 等待人數: 7/18
[Barrier] Learner 9 到達/重返, 等待人數: 8/18
[Barrier] Learner 5 到達/重返, 等待人數: 9/18
[Barrier] Learner 2 到達/重返, 等待人數: 10/18
[Barrier] Learner 6 到達/重返, 等待人數: 11/18
[Barrier] Learner 11 到達/重返, 等待人數: 12/18
[Barrier] Learner 7 到達/重返, 等待人數: 13/18
[Barrier] Learner 15 到達/重返, 等待人數: 14/18
[Barrier] Learner 14 到達/重返, 等待人數: 15/18
[Barrier] Learner 12 到達/重返, 等待人數: 16/18
[Barrier] Learner 8 到達/重返, 等待人數: 17/18
[Table] MQ/CE SAT 填 hash=0x7c1f3fa7254d4351
[Table] MQ/CE SAT 填 hash=0x24adaa687d9811d1
[Barrier] Learner 10 到達/重返, 等待人數: 18/18
[Global EQ] 啟動 Leader SAT 尋找反例
[Barrier] Learner 3 到達/重返, 等待人數: 1/18
[Barrier] Learner 7 到達/重返, 等待人數: 2/18
[Barrier] Learner 13 到達/重返, 等待人數: 3/18
[Barrier] Learner 10 到達/重返, 等待人數: 4/18
[Barrier] Learner 16 到達/重返, 等待人數: 5/18
[Barrier] Learner 2 到達/重返, 等待人數: 6/18
[Barrier] Learner 0 到達/重返, 等待人數: 7/18
[Barrier] Learner 5 到達/重返, 等待人數: 8/18
[Barrier] Learner 11 到達/重返, 等待人數: 9/18
[Barrier] Learner 6 到達/重返, 等待人數: 10/18
[Barrier] Learner 4 到達/重返, 等待人數: 11/18
[Barrier] Learner 15 到達/重返, 等待人數: 12/18
[Barrier] Learner 14 到達/重返, 等待人數: 13/18
[Barrier] Learner 9 到達/重返, 等待人數: 14/18
[Barrier] Learner 1 到達/重返, 等待人數: 15/18
[Barrier] Learner 12 到達/重返, 等待人數: 16/18
[Barrier] Learner 8 到達/重返, 等待人數: 17/18
[Barrier] Learner 17 到達/重返, 等待人數: 18/18
[Global EQ] 啟動 Leader SAT 尋找反例
[Barrier] Learner 11 到達/重返, 等待人數: 1/18
[Barrier] Learner 0 到達/重返, 等待人數: 2/18
[Barrier] Learner 17 到達/重返, 等待人數: 3/18
[Barrier] Learner 12 到達/重返, 等待人數: 4/18
[Barrier] Learner 6 到達/重返, 等待人數: 5/18
[Barrier] Learner 4 到達/重返, 等待人數: 6/18
[Barrier] Learner 15 到達/重返, 等待人數: 7/18
[Barrier] Learner 10 到達/重返, 等待人數: 8/18
[Barrier] Learner 2 到達/重返, 等待人數: 9/18
[Barrier] Learner 1 到達/重返, 等待人數: 10/18
[Barrier] Learner 7 到達/重返, 等待人數: 11/18
[Barrier] Learner 8 到達/重返, 等待人數: 12/18
[Barrier] Learner 14 到達/重返, 等待人數: 13/18
[Barrier] Learner 9 到達/重返, 等待人數: 14/18
[Barrier] Learner 3 到達/重返, 等待人數: 15/18
[Barrier] Learner 16 到達/重返, 等待人數: 16/18
[Barrier] Learner 13 到達/重返, 等待人數: 17/18
[Barrier] Learner 5 到達/重返, 等待人數: 18/18
[Global EQ] 啟動 Leader SAT 尋找反例
[Barrier] Learner 15 到達/重返, 等待人數: 1/18
[Barrier] Learner 6 到達/重返, 等待人數: 2/18
[Barrier] Learner 4 到達/重返, 等待人數: 3/18
[Barrier] Learner 10 到達/重返, 等待人數: 4/18
[Barrier] Learner 3 到達/重返, 等待人數: 5/18
[Barrier] Learner 0 到達/重返, 等待人數: 6/18
[Barrier] Learner 12 到達/重返, 等待人數: 7/18
[Barrier] Learner 9 到達/重返, 等待人數: 8/18
[Barrier] Learner 7 到達/重返, 等待人數: 9/18
[Barrier] Learner 1 到達/重返, 等待人數: 10/18
[Barrier] Learner 17 到達/重返, 等待人數: 11/18
[Barrier] Learner 2 到達/重返, 等待人數: 12/18
[Barrier] Learner 13 到達/重返, 等待人數: 13/18
[Barrier] Learner 11 到達/重返, 等待人數: 14/18
[Barrier] Learner 16 到達/重返, 等待人數: 15/18
[Barrier] Learner 14 到達/重返, 等待人數: 16/18
[Barrier] Learner 8 到達/重返, 等待人數: 17/18
[Table] MQ/CE SAT 填 hash=0x98f6ed3cfdd367e5
[Table] MQ/CE SAT 填 hash=0xad0e982d2cb231e7
[Table] MQ/CE SAT 填 hash=0x2bf26e2f237d687
[Table] MQ/CE SAT 填 hash=0x236645c1944e9267
[Barrier] Learner 5 到達/重返, 等待人數: 18/18
[Global EQ] 啟動 Leader SAT 尋找反例
[Barrier] Learner 4 到達/重返, 等待人數: 1/18
[Barrier] Learner 10 到達/重返, 等待人數: 2/18
[Barrier] Learner 16 到達/重返, 等待人數: 3/18
[Barrier] Learner 2 到達/重返, 等待人數: 4/18
[Barrier] Learner 11 到達/重返, 等待人數: 5/18
[Barrier] Learner 6 到達/重返, 等待人數: 6/18
[Barrier] Learner 14 到達/重返, 等待人數: 7/18
[Barrier] Learner 12 到達/重返, 等待人數: 8/18
[Barrier] Learner 1 到達/重返, 等待人數: 9/18
[Barrier] Learner 9 到達/重返, 等待人數: 10/18
[Barrier] Learner 15 到達/重返, 等待人數: 11/18
[Barrier] Learner 7 到達/重返, 等待人數: 12/18
[Barrier] Learner 5 到達/重返, 等待人數: 13/18
[Barrier] Learner 0 到達/重返, 等待人數: 14/18
[Barrier] Learner 13 到達/重返, 等待人數: 15/18
[Barrier] Learner 3 到達/重返, 等待人數: 16/18
[Barrier] Learner 17 到達/重返, 等待人數: 17/18
[Barrier] Learner 8 到達/重返, 等待人數: 18/18
[Global EQ] 啟動 Leader SAT 尋找反例
[Table] MQ/CE SAT 填 hash=0x54acf0a92cddbc46
[Barrier] Learner 8 到達/重返, 等待人數: 1/18
[Barrier] Learner 13 到達/重返, 等待人數: 2/18
[Barrier] Learner 0 到達/重返, 等待人數: 3/18
[Barrier] Learner 7 到達/重返, 等待人數: 4/18
[Barrier] Learner 6 到達/重返, 等待人數: 5/18
[Barrier] Learner 4 到達/重返, 等待人數: 6/18
[Barrier] Learner 3 到達/重返, 等待人數: 7/18
[Barrier] Learner 5 到達/重返, 等待人數: 8/18
[Barrier] Learner 9 到達/重返, 等待人數: 9/18
[Barrier] Learner 1 到達/重返, 等待人數: 10/18
[Barrier] Learner 14 到達/重返, 等待人數: 11/18
[Barrier] Learner 12 到達/重返, 等待人數: 12/18
[Barrier] Learner 16 到達/重返, 等待人數: 13/18
[Barrier] Learner 2 到達/重返, 等待人數: 14/18
[Barrier] Learner 17 到達/重返, 等待人數: 15/18
[Barrier] Learner 15 到達/重返, 等待人數: 16/18
[Barrier] Learner 10 到達/重返, 等待人數: 17/18
[Barrier] Learner 11 到達/重返, 等待人數: 18/18
[Global EQ] 啟動 Leader SAT 尋找反例
[Barrier] Learner 11 到達/重返, 等待人數: 1/18
[Barrier] Learner 1 到達/重返, 等待人數: 2/18
[Barrier] Learner 10 到達/重返, 等待人數: 3/18
[Barrier] Learner 7 到達/重返, 等待人數: 4/18
[Barrier] Learner 0 到達/重返, 等待人數: 5/18
[Barrier] Learner 2 到達/重返, 等待人數: 6/18
[Barrier] Learner 16 到達/重返, 等待人數: 7/18
[Barrier] Learner 13 到達/重返, 等待人數: 8/18
[Barrier] Learner 15 到達/重返, 等待人數: 9/18
[Barrier] Learner 3 到達/重返, 等待人數: 10/18
[Barrier] Learner 9 到達/重返, 等待人數: 11/18
[Barrier] Learner 6 到達/重返, 等待人數: 12/18
[Barrier] Learner 4 到達/重返, 等待人數: 13/18
[Barrier] Learner 12 到達/重返, 等待人數: 14/18
[Barrier] Learner 17 到達/重返, 等待人數: 15/18
[Barrier] Learner 14 到達/重返, 等待人數: 16/18
[Barrier] Learner 8 到達/重返, 等待人數: 17/18
[Table] MQ/CE SAT 填 hash=0xc354b70e7faac298
[Table] MQ/CE SAT 填 hash=0xe3fbd5ed21c17e78
[Barrier] Learner 5 到達/重返, 等待人數: 18/18
[Global EQ] 啟動 Leader SAT 尋找反例
[Barrier] Learner 15 到達/重返, 等待人數: 1/18
[Barrier] Learner 14 到達/重返, 等待人數: 2/18
[Barrier] Learner 16 到達/重返, 等待人數: 3/18
[Barrier] Learner 6 到達/重返, 等待人數: 4/18
[Barrier] Learner 11 到達/重返, 等待人數: 5/18
[Barrier] Learner 10 到達/重返, 等待人數: 6/18
[Barrier] Learner 7 到達/重返, 等待人數: 7/18
[Barrier] Learner 2 到達/重返, 等待人數: 8/18
[Barrier] Learner 0 到達/重返, 等待人數: 9/18
[Barrier] Learner 1 到達/重返, 等待人數: 10/18
[Barrier] Learner 12 到達/重返, 等待人數: 11/18
[Barrier] Learner 5 到達/重返, 等待人數: 12/18
[Barrier] Learner 13 到達/重返, 等待人數: 13/18
[Barrier] Learner 3 到達/重返, 等待人數: 14/18
[Barrier] Learner 17 到達/重返, 等待人數: 15/18
[Barrier] Learner 4 到達/重返, 等待人數: 16/18
[Barrier] Learner 8 到達/重返, 等待人數: 17/18
[Table] MQ/CE SAT 填 hash=0x925d89f1cdd68733
[Table] MQ/CE SAT 填 hash=0xfc8124a223e93ad3
[Table] MQ/CE SAT 填 hash=0x2f3cb14c1926e45f
[Table] MQ/CE SAT 填 hash=0xc75f2fd6ae08e857
[Table] MQ/CE SAT 填 hash=0x622aaf63ce948155
[Table] MQ/CE SAT 填 hash=0x7e6677af41ed515
[Table] MQ/CE SAT 填 hash=0x39660d72cbe42795
[Table] MQ/CE SAT 填 hash=0x92c1dc0bfb7d26b5
[Barrier] Learner 9 到達/重返, 等待人數: 18/18
[Global EQ] 啟動 Leader SAT 尋找反例
[Barrier] Learner 15 到達/重返, 等待人數: 1/18
[Barrier] Learner 17 到達/重返, 等待人數: 2/18
[Barrier] Learner 16 到達/重返, 等待人數: 3/18
[Barrier] Learner 6 到達/重返, 等待人數: 4/18
[Barrier] Learner 4 到達/重返, 等待人數: 5/18
[Barrier] Learner 0 到達/重返, 等待人數: 6/18
[Barrier] Learner 1 到達/重返, 等待人數: 7/18
[Barrier] Learner 14 到達/重返, 等待人數: 8/18
[Barrier] Learner 12 到達/重返, 等待人數: 9/18
[Barrier] Learner 2 到達/重返, 等待人數: 10/18
[Barrier] Learner 10 到達/重返, 等待人數: 11/18
[Barrier] Learner 9 到達/重返, 等待人數: 12/18
[Barrier] Learner 7 到達/重返, 等待人數: 13/18
[Barrier] Learner 11 到達/重返, 等待人數: 14/18
[Barrier] Learner 3 到達/重返, 等待人數: 15/18
[Barrier] Learner 13 到達/重返, 等待人數: 16/18
[Barrier] Learner 8 到達/重返, 等待人數: 17/18
[Table] MQ/CE SAT 填 hash=0x1ad7ac1a1a6e8a7
[Table] MQ/CE SAT 填 hash=0xcdb5b70bcec8edc7
[Barrier] Learner 5 到達/重返, 等待人數: 18/18
[Global EQ] 啟動 Leader SAT 尋找反例
[Barrier] Learner 5 到達/重返, 等待人數: 1/18
[Barrier] Learner 6 到達/重返, 等待人數: 2/18
[Barrier] Learner 0 到達/重返, 等待人數: 3/18
[Barrier] Learner 9 到達/重返, 等待人數: 4/18
[Barrier] Learner 3 到達/重返, 等待人數: 5/18
[Barrier] Learner 12 到達/重返, 等待人數: 6/18
[Barrier] Learner 14 到達/重返, 等待人數: 7/18
[Barrier] Learner 1 到達/重返, 等待人數: 8/18
[Barrier] Learner 8 到達/重返, 等待人數: 9/18
[Barrier] Learner 16 到達/重返, 等待人數: 10/18
[Barrier] Learner 2 到達/重返, 等待人數: 11/18
[Barrier] Learner 10 到達/重返, 等待人數: 12/18
[Barrier] Learner 17 到達/重返, 等待人數: 13/18
[Barrier] Learner 15 到達/重返, 等待人數: 14/18
[Barrier] Learner 7 到達/重返, 等待人數: 15/18
[Barrier] Learner 13 到達/重返, 等待人數: 16/18
[Barrier] Learner 11 到達/重返, 等待人數: 17/18
[Barrier] Learner 4 到達/重返, 等待人數: 18/18
[Global EQ] 啟動 Leader SAT 尋找反例
[Barrier] Learner 4 到達/重返, 等待人數: 1/18
[Barrier] Learner 15 到達/重返, 等待人數: 2/18
[Barrier] Learner 6 到達/重返, 等待人數: 3/18
[Barrier] Learner 1 到達/重返, 等待人數: 4/18
[Barrier] Learner 5 到達/重返, 等待人數: 5/18
[Barrier] Learner 8 到達/重返, 等待人數: 6/18
[Barrier] Learner 10 到達/重返, 等待人數: 7/18
[Barrier] Learner 3 到達/重返, 等待人數: 8/18
[Barrier] Learner 13 到達/重返, 等待人數: 9/18
[Barrier] Learner 0 到達/重返, 等待人數: 10/18
[Barrier] Learner 9 到達/重返, 等待人數: 11/18
[Barrier] Learner 16 到達/重返, 等待人數: 12/18
[Barrier] Learner 12 到達/重返, 等待人數: 13/18
[Barrier] Learner 2 到達/重返, 等待人數: 14/18
[Barrier] Learner 17 到達/重返, 等待人數: 15/18
[Barrier] Learner 11 到達/重返, 等待人數: 16/18
[Barrier] Learner 7 到達/重返, 等待人數: 17/18
[Table] MQ/CE SAT 填 hash=0x234804e9fd16c9ef
[Table] MQ/CE SAT 填 hash=0xee363791d20d701f
[Barrier] Learner 14 到達/重返, 等待人數: 18/18
[Global EQ] 啟動 Leader SAT 尋找反例
[Barrier] Learner 14 到達/重返, 等待人數: 1/18
[Barrier] Learner 12 到達/重返, 等待人數: 2/18
[Barrier] Learner 17 到達/重返, 等待人數: 3/18
[Barrier] Learner 1 到達/重返, 等待人數: 4/18
[Barrier] Learner 0 到達/重返, 等待人數: 5/18
[Barrier] Learner 10 到達/重返, 等待人數: 6/18
[Barrier] Learner 16 到達/重返, 等待人數: 7/18
[Barrier] Learner 8 到達/重返, 等待人數: 8/18
[Barrier] Learner 2 到達/重返, 等待人數: 9/18
[Barrier] Learner 5 到達/重返, 等待人數: 10/18
[Barrier] Learner 15 到達/重返, 等待人數: 11/18
[Barrier] Learner 13 到達/重返, 等待人數: 12/18
[Barrier] Learner 7 到達/重返, 等待人數: 13/18
[Barrier] Learner 3 到達/重返, 等待人數: 14/18
[Barrier] Learner 4 到達/重返, 等待人數: 15/18
[Barrier] Learner 9 到達/重返, 等待人數: 16/18
[Barrier] Learner 6 到達/重返, 等待人數: 17/18
[Table] MQ/CE SAT 填 hash=0xd4d8713cd76e9b59
[Table] MQ/CE SAT 填 hash=0x62c179522aae6e8b
[Table] MQ/CE SAT 填 hash=0xb4fe41382f93d0b
[Table] MQ/CE SAT 填 hash=0x89e68abe6998ffab
[Barrier] Learner 11 到達/重返, 等待人數: 18/18
[Global EQ] 啟動 Leader SAT 尋找反例
[Barrier] Learner 11 到達/重返, 等待人數: 1/18
[Barrier] Learner 6 到達/重返, 等待人數: 2/18
[Barrier] Learner 10 到達/重返, 等待人數: 3/18
[Barrier] Learner 2 到達/重返, 等待人數: 4/18
[Barrier] Learner 17 到達/重返, 等待人數: 5/18
[Barrier] Learner 14 到達/重返, 等待人數: 6/18
[Barrier] Learner 15 到達/重返, 等待人數: 7/18
[Barrier] Learner 3 到達/重返, 等待人數: 8/18
[Barrier] Learner 4 到達/重返, 等待人數: 9/18
[Barrier] Learner 13 到達/重返, 等待人數: 10/18
[Barrier] Learner 7 到達/重返, 等待人數: 11/18
[Barrier] Learner 12 到達/重返, 等待人數: 12/18
[Barrier] Learner 8 到達/重返, 等待人數: 13/18
[Barrier] Learner 16 到達/重返, 等待人數: 14/18
[Barrier] Learner 0 到達/重返, 等待人數: 15/18
[Barrier] Learner 1 到達/重返, 等待人數: 16/18
[Barrier] Learner 5 到達/重返, 等待人數: 17/18
[Barrier] Learner 9 到達/重返, 等待人數: 18/18
[Global EQ] 啟動 Leader SAT 尋找反例
[Barrier] Learner 9 到達/重返, 等待人數: 1/18
[Barrier] Learner 7 到達/重返, 等待人數: 2/18
[Barrier] Learner 12 到達/重返, 等待人數: 3/18
[Barrier] Learner 0 到達/重返, 等待人數: 4/18
[Barrier] Learner 4 到達/重返, 等待人數: 5/18
[Barrier] Learner 10 到達/重返, 等待人數: 6/18
[Barrier] Learner 15 到達/重返, 等待人數: 7/18
[Barrier] Learner 2 到達/重返, 等待人數: 8/18
[Barrier] Learner 8 到達/重返, 等待人數: 9/18
[Barrier] Learner 16 到達/重返, 等待人數: 10/18
[Barrier] Learner 17 到達/重返, 等待人數: 11/18
[Barrier] Learner 13 到達/重返, 等待人數: 12/18
[Barrier] Learner 3 到達/重返, 等待人數: 13/18
[Barrier] Learner 6 到達/重返, 等待人數: 14/18
[Barrier] Learner 11 到達/重返, 等待人數: 15/18
[Barrier] Learner 14 到達/重返, 等待人數: 16/18
[Barrier] Learner 1 到達/重返, 等待人數: 17/18
[Barrier] Learner 5 到達/重返, 等待人數: 18/18
[Global EQ] 啟動 Leader SAT 尋找反例
[Barrier] Learner 11 到達/重返, 等待人數: 1/18
[Barrier] Learner 3 到達/重返, 等待人數: 2/18
[Barrier] Learner 0 到達/重返, 等待人數: 3/18
[Barrier] Learner 7 到達/重返, 等待人數: 4/18
[Barrier] Learner 13 到達/重返, 等待人數: 5/18
[Barrier] Learner 14 到達/重返, 等待人數: 6/18
[Barrier] Learner 6 到達/重返, 等待人數: 7/18
[Barrier] Learner 17 到達/重返, 等待人數: 8/18
[Barrier] Learner 15 到達/重返, 等待人數: 9/18
[Barrier] Learner 4 到達/重返, 等待人數: 10/18
[Barrier] Learner 12 到達/重返, 等待人數: 11/18
[Barrier] Learner 9 到達/重返, 等待人數: 12/18
[Barrier] Learner 16 到達/重返, 等待人數: 13/18
[Barrier] Learner 5 到達/重返, 等待人數: 14/18
[Barrier] Learner 2 到達/重返, 等待人數: 15/18
[Barrier] Learner 10 到達/重返, 等待人數: 16/18
[Barrier] Learner 8 到達/重返, 等待人數: 17/18
[Table] MQ/CE SAT 填 hash=0xe59e9b9e6cb942e0
[Table] MQ/CE SAT 填 hash=0xfefc61f3675817a6
[Table] MQ/CE SAT 填 hash=0xa9d4a94e4a1ae9f6
[Barrier] Learner 1 到達/重返, 等待人數: 18/18
[Global EQ] 啟動 Leader SAT 尋找反例
[Barrier] Learner 17 到達/重返, 等待人數: 1/18
[Barrier] Learner 14 到達/重返, 等待人數: 2/18
[Barrier] Learner 11 到達/重返, 等待人數: 3/18
[Barrier] Learner 1 到達/重返, 等待人數: 4/18
[Barrier] Learner 15 到達/重返, 等待人數: 5/18
[Barrier] Learner 8 到達/重返, 等待人數: 6/18
[Barrier] Learner 0 到達/重返, 等待人數: 7/18
[Barrier] Learner 3 到達/重返, 等待人數: 8/18
[Barrier] Learner 7 到達/重返, 等待人數: 9/18
[Barrier] Learner 13 到達/重返, 等待人數: 10/18
[Barrier] Learner 6 到達/重返, 等待人數: 11/18
[Barrier] Learner 12 到達/重返, 等待人數: 12/18
[Barrier] Learner 9 到達/重返, 等待人數: 13/18
[Barrier] Learner 4 到達/重返, 等待人數: 14/18
[Barrier] Learner 5 到達/重返, 等待人數: 15/18
[Barrier] Learner 2 到達/重返, 等待人數: 16/18
[Barrier] Learner 16 到達/重返, 等待人數: 17/18
[Barrier] Learner 10 到達/重返, 等待人數: 18/18
[Global EQ] 啟動 Leader SAT 尋找反例
[Barrier] Learner 3 到達/重返, 等待人數: 1/18
[Barrier] Learner 12 到達/重返, 等待人數: 2/18
[Barrier] Learner 0 到達/重返, 等待人數: 3/18
[Barrier] Learner 13 到達/重返, 等待人數: 4/18
[Barrier] Learner 6 到達/重返, 等待人數: 5/18
[Barrier] Learner 9 到達/重返, 等待人數: 6/18
[Barrier] Learner 1 到達/重返, 等待人數: 7/18
[Barrier] Learner 11 到達/重返, 等待人數: 8/18
[Barrier] Learner 15 到達/重返, 等待人數: 9/18
[Barrier] Learner 10 到達/重返, 等待人數: 10/18
[Barrier] Learner 16 到達/重返, 等待人數: 11/18
[Barrier] Learner 17 到達/重返, 等待人數: 12/18
[Barrier] Learner 5 到達/重返, 等待人數: 13/18
[Barrier] Learner 8 到達/重返, 等待人數: 14/18
[Barrier] Learner 4 到達/重返, 等待人數: 15/18
[Barrier] Learner 14 到達/重返, 等待人數: 16/18
[Barrier] Learner 2 到達/重返, 等待人數: 17/18
[Table] MQ/CE SAT 填 hash=0x45a7ccd079c2a19f
[Barrier] Learner 7 到達/重返, 等待人數: 18/18
[Global EQ] 啟動 Leader SAT 尋找反例
[Barrier] Learner 7 到達/重返, 等待人數: 1/18
[Barrier] Learner 13 到達/重返, 等待人數: 2/18
[Barrier] Learner 10 到達/重返, 等待人數: 3/18
[Barrier] Learner 11 到達/重返, 等待人數: 4/18
[Barrier] Learner 15 到達/重返, 等待人數: 5/18
[Barrier] Learner 5 到達/重返, 等待人數: 6/18
[Barrier] Learner 4 到達/重返, 等待人數: 7/18
[Barrier] Learner 3 到達/重返, 等待人數: 8/18
[Barrier] Learner 8 到達/重返, 等待人數: 9/18
[Barrier] Learner 16 到達/重返, 等待人數: 10/18
[Barrier] Learner 0 到達/重返, 等待人數: 11/18
[Barrier] Learner 2 到達/重返, 等待人數: 12/18
[Barrier] Learner 12 到達/重返, 等待人數: 13/18
[Barrier] Learner 6 到達/重返, 等待人數: 14/18
[Barrier] Learner 9 到達/重返, 等待人數: 15/18
[Barrier] Learner 1 到達/重返, 等待人數: 16/18
[Barrier] Learner 14 到達/重返, 等待人數: 17/18
[Barrier] Learner 17 到達/重返, 等待人數: 18/18
[Global EQ] 啟動 Leader SAT 尋找反例
[Barrier] Learner 17 到達/重返, 等待人數: 1/18
[Barrier] Learner 2 到達/重返, 等待人數: 2/18
[Barrier] Learner 8 到達/重返, 等待人數: 3/18
[Barrier] Learner 3 到達/重返, 等待人數: 4/18
[Barrier] Learner 5 到達/重返, 等待人數: 5/18
[Barrier] Learner 9 到達/重返, 等待人數: 6/18
[Barrier] Learner 6 到達/重返, 等待人數: 7/18
[Barrier] Learner 15 到達/重返, 等待人數: 8/18
[Barrier] Learner 7 到達/重返, 等待人數: 9/18
[Barrier] Learner 13 到達/重返, 等待人數: 10/18
[Barrier] Learner 11 到達/重返, 等待人數: 11/18
[Barrier] Learner 0 到達/重返, 等待人數: 12/18
[Barrier] Learner 10 到達/重返, 等待人數: 13/18
[Barrier] Learner 16 到達/重返, 等待人數: 14/18
[Barrier] Learner 14 到達/重返, 等待人數: 15/18
[Barrier] Learner 4 到達/重返, 等待人數: 16/18
[Barrier] Learner 1 到達/重返, 等待人數: 17/18
[Table] MQ/CE SAT 填 hash=0x9933d6dad563703
[Table] MQ/CE SAT 填 hash=0xb221a82f05a10583
[Table] MQ/CE SAT 填 hash=0x4a4426b99a83097b
[Barrier] Learner 12 到達/重返, 等待人數: 18/18
[Global EQ] 啟動 Leader SAT 尋找反例
[Barrier] Learner 2 到達/重返, 等待人數: 1/18
[Barrier] Learner 7 到達/重返, 等待人數: 2/18
[Barrier] Learner 11 到達/重返, 等待人數: 3/18
[Barrier] Learner 3 到達/重返, 等待人數: 4/18
[Barrier] Learner 9 到達/重返, 等待人數: 5/18
[Barrier] Learner 10 到達/重返, 等待人數: 6/18
[Barrier] Learner 8 到達/重返, 等待人數: 7/18
[Barrier] Learner 16 到達/重返, 等待人數: 8/18
[Barrier] Learner 0 到達/重返, 等待人數: 9/18
[Barrier] Learner 13 到達/重返, 等待人數: 10/18
[Barrier] Learner 6 到達/重返, 等待人數: 11/18
[Barrier] Learner 4 到達/重返, 等待人數: 12/18
[Barrier] Learner 1 到達/重返, 等待人數: 13/18
[Barrier] Learner 14 到達/重返, 等待人數: 14/18
[Barrier] Learner 12 到達/重返, 等待人數: 15/18
[Barrier] Learner 15 到達/重返, 等待人數: 16/18
[Barrier] Learner 5 到達/重返, 等待人數: 17/18
[Barrier] Learner 17 到達/重返, 等待人數: 18/18
[Global EQ] 啟動 Leader SAT 尋找反例
[Barrier] Learner 17 到達/重返, 等待人數: 1/18
[Barrier] Learner 4 到達/重返, 等待人數: 2/18
[Barrier] Learner 2 到達/重返, 等待人數: 3/18
[Barrier] Learner 6 到達/重返, 等待人數: 4/18
[Barrier] Learner 5 到達/重返, 等待人數: 5/18
[Barrier] Learner 8 到達/重返, 等待人數: 6/18
[Barrier] Learner 7 到達/重返, 等待人數: 7/18
[Barrier] Learner 11 到達/重返, 等待人數: 8/18
[Barrier] Learner 1 到達/重返, 等待人數: 9/18
[Barrier] Learner 13 到達/重返, 等待人數: 10/18
[Barrier] Learner 0 到達/重返, 等待人數: 11/18
[Barrier] Learner 9 到達/重返, 等待人數: 12/18
[Barrier] Learner 14 到達/重返, 等待人數: 13/18
[Barrier] Learner 15 到達/重返, 等待人數: 14/18
[Barrier] Learner 10 到達/重返, 等待人數: 15/18
[Barrier] Learner 16 到達/重返, 等待人數: 16/18
[Barrier] Learner 12 到達/重返, 等待人數: 17/18
[Barrier] Learner 3 到達/重返, 等待人數: 18/18
[Global EQ] 啟動 Leader SAT 尋找反例
[Table] MQ/CE SAT 填 hash=0x8ad9e2453f2b9fd5
[Barrier] Learner 4 到達/重返, 等待人數: 1/18
[Barrier] Learner 0 到達/重返, 等待人數: 2/18
[Barrier] Learner 13 到達/重返, 等待人數: 3/18
[Barrier] Learner 12 到達/重返, 等待人數: 4/18
[Barrier] Learner 14 到達/重返, 等待人數: 5/18
[Barrier] Learner 3 到達/重返, 等待人數: 6/18
[Barrier] Learner 10 到達/重返, 等待人數: 7/18
[Barrier] Learner 8 到達/重返, 等待人數: 8/18
[Barrier] Learner 11 到達/重返, 等待人數: 9/18
[Barrier] Learner 7 到達/重返, 等待人數: 10/18
[Barrier] Learner 16 到達/重返, 等待人數: 11/18
[Barrier] Learner 6 到達/重返, 等待人數: 12/18
[Barrier] Learner 17 到達/重返, 等待人數: 13/18
[Barrier] Learner 9 到達/重返, 等待人數: 14/18
[Barrier] Learner 15 到達/重返, 等待人數: 15/18
[Barrier] Learner 5 到達/重返, 等待人數: 16/18
[Barrier] Learner 2 到達/重返, 等待人數: 17/18
[Table] MQ/CE SAT 填 hash=0x717c1bf0448ccb0f
[Table] MQ/CE SAT 填 hash=0xc72caaa60a126faf
[Barrier] Learner 1 到達/重返, 等待人數: 18/18
[Global EQ] 啟動 Leader SAT 尋找反例
[Barrier] Learner 4 到達/重返, 等待人數: 1/18
[Barrier] Learner 2 到達/重返, 等待人數: 2/18
[Barrier] Learner 1 到達/重返, 等待人數: 3/18
[Barrier] Learner 12 到達/重返, 等待人數: 4/18
[Barrier] Learner 10 到達/重返, 等待人數: 5/18
[Barrier] Learner 6 到達/重返, 等待人數: 6/18
[Barrier] Learner 11 到達/重返, 等待人數: 7/18
[Barrier] Learner 14 到達/重返, 等待人數: 8/18
[Barrier] Learner 0 到達/重返, 等待人數: 9/18
[Barrier] Learner 8 到達/重返, 等待人數: 10/18
[Barrier] Learner 16 到達/重返, 等待人數: 11/18
[Barrier] Learner 15 到達/重返, 等待人數: 12/18
[Barrier] Learner 9 到達/重返, 等待人數: 13/18
[Barrier] Learner 5 到達/重返, 等待人數: 14/18
[Barrier] Learner 13 到達/重返, 等待人數: 15/18
[Barrier] Learner 17 到達/重返, 等待人數: 16/18
[Barrier] Learner 7 到達/重返, 等待人數: 17/18
[Table] MQ/CE SAT 填 hash=0xff8538040fa08e96
[Table] MQ/CE SAT 填 hash=0xe62771af1501b9d0
[Barrier] Learner 3 到達/重返, 等待人數: 18/18
[Global EQ] 啟動 Leader SAT 尋找反例
[Barrier] Learner 3 到達/重返, 等待人數: 1/18
[Barrier] Learner 16 到達/重返, 等待人數: 2/18
[Barrier] Learner 1 到達/重返, 等待人數: 3/18
[Barrier] Learner 12 到達/重返, 等待人數: 4/18
[Barrier] Learner 11 到達/重返, 等待人數: 5/18
[Barrier] Learner 10 到達/重返, 等待人數: 6/18
[Barrier] Learner 13 到達/重返, 等待人數: 7/18
[Barrier] Learner 8 到達/重返, 等待人數: 8/18
[Barrier] Learner 15 到達/重返, 等待人數: 9/18
[Barrier] Learner 7 到達/重返, 等待人數: 10/18
[Barrier] Learner 0 到達/重返, 等待人數: 11/18
[Barrier] Learner 9 到達/重返, 等待人數: 12/18
[Barrier] Learner 17 到達/重返, 等待人數: 13/18
[Barrier] Learner 2 到達/重返, 等待人數: 14/18
[Barrier] Learner 4 到達/重返, 等待人數: 15/18
[Barrier] Learner 5 到達/重返, 等待人數: 16/18
[Barrier] Learner 14 到達/重返, 等待人數: 17/18
[Table] MQ/CE SAT 填 hash=0xa77c9750c622f4bb
[Barrier] Learner 6 到達/重返, 等待人數: 18/18
[Global EQ] 啟動 Leader SAT 尋找反例
[Table] MQ/CE SAT 填 hash=0xf09e46d7c92550bb
[Barrier] Learner 6 到達/重返, 等待人數: 1/18
[Barrier] Learner 4 到達/重返, 等待人數: 2/18
[Barrier] Learner 1 到達/重返, 等待人數: 3/18
[Barrier] Learner 0 到達/重返, 等待人數: 4/18
[Barrier] Learner 9 到達/重返, 等待人數: 5/18
[Barrier] Learner 5 到達/重返, 等待人數: 6/18
[Barrier] Learner 14 到達/重返, 等待人數: 7/18
[Barrier] Learner 10 到達/重返, 等待人數: 8/18
[Barrier] Learner 8 到達/重返, 等待人數: 9/18
[Barrier] Learner 13 到達/重返, 等待人數: 10/18
[Barrier] Learner 3 到達/重返, 等待人數: 11/18
[Barrier] Learner 15 到達/重返, 等待人數: 12/18
[Barrier] Learner 11 到達/重返, 等待人數: 13/18
[Barrier] Learner 17 到達/重返, 等待人數: 14/18
[Barrier] Learner 12 到達/重返, 等待人數: 15/18
[Barrier] Learner 7 到達/重返, 等待人數: 16/18
[Barrier] Learner 16 到達/重返, 等待人數: 17/18
[Barrier] Learner 2 到達/重返, 等待人數: 18/18
[Global EQ] 啟動 Leader SAT 尋找反例
[Barrier] Learner 14 到達/重返, 等待人數: 1/18
[Barrier] Learner 10 到達/重返, 等待人數: 2/18
[Barrier] Learner 17 到達/重返, 等待人數: 3/18
[Barrier] Learner 15 到達/重返, 等待人數: 4/18
[Barrier] Learner 16 到達/重返, 等待人數: 5/18
[Barrier] Learner 13 到達/重返, 等待人數: 6/18
[Barrier] Learner 8 到達/重返, 等待人數: 7/18
[Barrier] Learner 11 到達/重返, 等待人數: 8/18
[Barrier] Learner 6 到達/重返, 等待人數: 9/18
[Barrier] Learner 2 到達/重返, 等待人數: 10/18
[Barrier] Learner 5 到達/重返, 等待人數: 11/18
[Barrier] Learner 12 到達/重返, 等待人數: 12/18
[Barrier] Learner 0 到達/重返, 等待人數: 13/18
[Barrier] Learner 1 到達/重返, 等待人數: 14/18
[Barrier] Learner 7 到達/重返, 等待人數: 15/18
[Barrier] Learner 3 到達/重返, 等待人數: 16/18
[Barrier] Learner 4 到達/重返, 等待人數: 17/18
[Table] MQ/CE SAT 填 hash=0xf98e79d189e6234d
[Table] MQ/CE SAT 填 hash=0xe030b37c8f474e87
[Table] MQ/CE SAT 填 hash=0x5050b4a89ffcb5cd
[Table] MQ/CE SAT 填 hash=0x36f2ee53a55de107
[Table] MQ/CE SAT 填 hash=0x8b91d0e81a5297c7
[Table] MQ/CE SAT 填 hash=0xaf560da70a91d9f
[Barrier] Learner 9 到達/重返, 等待人數: 18/18
[Global EQ] 啟動 Leader SAT 尋找反例
[Barrier] Learner 13 到達/重返, 等待人數: 1/18
[Barrier] Learner 6 到達/重返, 等待人數: 2/18
[Barrier] Learner 16 到達/重返, 等待人數: 3/18
[Barrier] Learner 17 到達/重返, 等待人數: 4/18
[Barrier] Learner 14 到達/重返, 等待人數: 5/18
[Barrier] Learner 5 到達/重返, 等待人數: 6/18
[Barrier] Learner 2 到達/重返, 等待人數: 7/18
[Barrier] Learner 12 到達/重返, 等待人數: 8/18
[Barrier] Learner 4 到達/重返, 等待人數: 9/18
[Barrier] Learner 1 到達/重返, 等待人數: 10/18
[Barrier] Learner 8 到達/重返, 等待人數: 11/18
[Barrier] Learner 11 到達/重返, 等待人數: 12/18
[Barrier] Learner 15 到達/重返, 等待人數: 13/18
[Barrier] Learner 7 到達/重返, 等待人數: 14/18
[Barrier] Learner 10 到達/重返, 等待人數: 15/18
[Barrier] Learner 0 到達/重返, 等待人數: 16/18
[Barrier] Learner 9 到達/重返, 等待人數: 17/18
[Table] MQ/CE SAT 填 hash=0x4ce45433294d0b93
[Barrier] Learner 3 到達/重返, 等待人數: 18/18
[Global EQ] 啟動 Leader SAT 尋找反例
[Barrier] Learner 3 到達/重返, 等待人數: 1/18
[Barrier] Learner 10 到達/重返, 等待人數: 2/18
[Barrier] Learner 11 到達/重返, 等待人數: 3/18
[Barrier] Learner 15 到達/重返, 等待人數: 4/18
[Barrier] Learner 0 到達/重返, 等待人數: 5/18
[Barrier] Learner 16 到達/重返, 等待人數: 6/18
[Barrier] Learner 5 到達/重返, 等待人數: 7/18
[Barrier] Learner 7 到達/重返, 等待人數: 8/18
[Barrier] Learner 1 到達/重返, 等待人數: 9/18
[Barrier] Learner 2 到達/重返, 等待人數: 10/18
[Barrier] Learner 12 到達/重返, 等待人數: 11/18
[Barrier] Learner 8 到達/重返, 等待人數: 12/18
[Barrier] Learner 4 到達/重返, 等待人數: 13/18
[Barrier] Learner 13 到達/重返, 等待人數: 14/18
[Barrier] Learner 14 到達/重返, 等待人數: 15/18
[Barrier] Learner 9 到達/重返, 等待人數: 16/18
[Barrier] Learner 6 到達/重返, 等待人數: 17/18
[Barrier] Learner 17 到達/重返, 等待人數: 18/18
[Global EQ] 啟動 Leader SAT 尋找反例
[Barrier] Learner 17 到達/重返, 等待人數: 1/18
[Barrier] Learner 13 到達/重返, 等待人數: 2/18
[Barrier] Learner 11 到達/重返, 等待人數: 3/18
[Barrier] Learner 9 到達/重返, 等待人數: 4/18
[Barrier] Learner 16 到達/重返, 等待人數: 5/18
[Barrier] Learner 12 到達/重返, 等待人數: 6/18
[Barrier] Learner 6 到達/重返, 等待人數: 7/18
[Barrier] Learner 4 到達/重返, 等待人數: 8/18
[Barrier] Learner 0 到達/重返, 等待人數: 9/18
[Barrier] Learner 5 到達/重返, 等待人數: 10/18
[Barrier] Learner 3 到達/重返, 等待人數: 11/18
[Barrier] Learner 2 到達/重返, 等待人數: 12/18
[Barrier] Learner 15 到達/重返, 等待人數: 13/18
[Barrier] Learner 7 到達/重返, 等待人數: 14/18
[Barrier] Learner 8 到達/重返, 等待人數: 15/18
[Barrier] Learner 14 到達/重返, 等待人數: 16/18
[Barrier] Learner 1 到達/重返, 等待人數: 17/18
[Table] MQ/CE SAT 填 hash=0x6385155bf215f8c9
[Table] MQ/CE SAT 填 hash=0x2e734803c70c9ef9
[Table] MQ/CE SAT 填 hash=0x612ed4adbc4a4885
[Table] MQ/CE SAT 填 hash=0x47d10e58c1ab73bf
[Table] MQ/CE SAT 填 hash=0xe7c4a02337e1f627
[Table] MQ/CE SAT 填 hash=0x186c8500025adb85
[Table] MQ/CE SAT 填 hash=0xe6ecdf082a958905
[Barrier] Learner 10 到達/重返, 等待人數: 18/18
[Global EQ] 啟動 Leader SAT 尋找反例
[Barrier] Learner 7 到達/重返, 等待人數: 1/18
[Barrier] Learner 1 到達/重返, 等待人數: 2/18
[Barrier] Learner 4 到達/重返, 等待人數: 3/18
[Barrier] Learner 5 到達/重返, 等待人數: 4/18
[Barrier] Learner 10 到達/重返, 等待人數: 5/18
[Barrier] Learner 12 到達/重返, 等待人數: 6/18
[Barrier] Learner 17 到達/重返, 等待人數: 7/18
[Barrier] Learner 15 到達/重返, 等待人數: 8/18
[Barrier] Learner 3 到達/重返, 等待人數: 9/18
[Barrier] Learner 14 到達/重返, 等待人數: 10/18
[Barrier] Learner 2 到達/重返, 等待人數: 11/18
[Barrier] Learner 11 到達/重返, 等待人數: 12/18
[Barrier] Learner 13 到達/重返, 等待人數: 13/18
[Barrier] Learner 6 到達/重返, 等待人數: 14/18
[Barrier] Learner 9 到達/重返, 等待人數: 15/18
[Barrier] Learner 0 到達/重返, 等待人數: 16/18
[Barrier] Learner 8 到達/重返, 等待人數: 17/18
[Barrier] Learner 16 到達/重返, 等待人數: 18/18
[Global EQ] 啟動 Leader SAT 尋找反例
[Barrier] Learner 16 到達/重返, 等待人數: 1/18
[Barrier] Learner 11 到達/重返, 等待人數: 2/18
[Barrier] Learner 4 到達/重返, 等待人數: 3/18
[Barrier] Learner 0 到達/重返, 等待人數: 4/18
[Barrier] Learner 13 到達/重返, 等待人數: 5/18
[Barrier] Learner 12 到達/重返, 等待人數: 6/18
[Barrier] Learner 2 到達/重返, 等待人數: 7/18
[Barrier] Learner 7 到達/重返, 等待人數: 8/18
[Barrier] Learner 8 到達/重返, 等待人數: 9/18
[Barrier] Learner 5 到達/重返, 等待人數: 10/18
[Barrier] Learner 3 到達/重返, 等待人數: 11/18
[Barrier] Learner 10 到達/重返, 等待人數: 12/18
[Barrier] Learner 1 到達/重返, 等待人數: 13/18
[Barrier] Learner 15 到達/重返, 等待人數: 14/18
[Barrier] Learner 17 到達/重返, 等待人數: 15/18
[Barrier] Learner 14 到達/重返, 等待人數: 16/18
[Barrier] Learner 6 到達/重返, 等待人數: 17/18
[Barrier] Learner 9 到達/重返, 等待人數: 18/18
[Global EQ] 啟動 Leader SAT 尋找反例
[Table] MQ/CE SAT 填 hash=0x8809a65518357553
[Barrier] Learner 17 到達/重返, 等待人數: 1/18
[Barrier] Learner 15 到達/重返, 等待人數: 2/18
[Barrier] Learner 9 到達/重返, 等待人數: 3/18
[Barrier] Learner 0 到達/重返, 等待人數: 4/18
[Barrier] Learner 5 到達/重返, 等待人數: 5/18
[Barrier] Learner 1 到達/重返, 等待人數: 6/18
[Barrier] Learner 8 到達/重返, 等待人數: 7/18
[Barrier] Learner 11 到達/重返, 等待人數: 8/18
[Barrier] Learner 4 到達/重返, 等待人數: 9/18
[Barrier] Learner 12 到達/重返, 等待人數: 10/18
[Barrier] Learner 10 到達/重返, 等待人數: 11/18
[Barrier] Learner 3 到達/重返, 等待人數: 12/18
[Barrier] Learner 16 到達/重返, 等待人數: 13/18
[Barrier] Learner 2 到達/重返, 等待人數: 14/18
[Barrier] Learner 6 到達/重返, 等待人數: 15/18
[Barrier] Learner 7 到達/重返, 等待人數: 16/18
[Barrier] Learner 13 到達/重返, 等待人數: 17/18
[Table] MQ/CE SAT 填 hash=0xed80bfa902b0c86b
[Table] MQ/CE SAT 填 hash=0x203c4c52f7ee71f7
[Table] MQ/CE SAT 填 hash=0x25e1b1a75d6f6777
[Table] MQ/CE SAT 填 hash=0xcb9d69be82f9bb37
[Table] MQ/CE SAT 填 hash=0xb94418c49bcd699f
[Barrier] Learner 14 到達/重返, 等待人數: 18/18
[Global EQ] 啟動 Leader SAT 尋找反例
[Barrier] Learner 3 到達/重返, 等待人數: 1/18
[Barrier] Learner 14 到達/重返, 等待人數: 2/18
[Barrier] Learner 0 到達/重返, 等待人數: 3/18
[Barrier] Learner 1 到達/重返, 等待人數: 4/18
[Barrier] Learner 11 到達/重返, 等待人數: 5/18
[Barrier] Learner 7 到達/重返, 等待人數: 6/18
[Barrier] Learner 13 到達/重返, 等待人數: 7/18
[Barrier] Learner 6 到達/重返, 等待人數: 8/18
[Barrier] Learner 12 到達/重返, 等待人數: 9/18
[Barrier] Learner 17 到達/重返, 等待人數: 10/18
[Barrier] Learner 2 到達/重返, 等待人數: 11/18
[Barrier] Learner 4 到達/重返, 等待人數: 12/18
[Barrier] Learner 5 到達/重返, 等待人數: 13/18
[Barrier] Learner 15 到達/重返, 等待人數: 14/18
[Barrier] Learner 16 到達/重返, 等待人數: 15/18
[Barrier] Learner 9 到達/重返, 等待人數: 16/18
[Barrier] Learner 8 到達/重返, 等待人數: 17/18
[Table] MQ/CE SAT 填 hash=0x84129ce17bfabc7f
[Barrier] Learner 10 到達/重返, 等待人數: 18/18
[Global EQ] 啟動 Leader SAT 尋找反例
[Barrier] Learner 10 到達/重返, 等待人數: 1/18
[Barrier] Learner 2 到達/重返, 等待人數: 2/18
[Barrier] Learner 0 到達/重返, 等待人數: 3/18
[Barrier] Learner 1 到達/重返, 等待人數: 4/18
[Barrier] Learner 15 到達/重返, 等待人數: 5/18
[Barrier] Learner 13 到達/重返, 等待人數: 6/18
[Barrier] Learner 6 到達/重返, 等待人數: 7/18
[Barrier] Learner 9 到達/重返, 等待人數: 8/18
[Barrier] Learner 5 到達/重返, 等待人數: 9/18
[Barrier] Learner 4 到達/重返, 等待人數: 10/18
[Barrier] Learner 16 到達/重返, 等待人數: 11/18
[Barrier] Learner 8 到達/重返, 等待人數: 12/18
[Barrier] Learner 3 到達/重返, 等待人數: 13/18
[Barrier] Learner 7 到達/重返, 等待人數: 14/18
[Barrier] Learner 12 到達/重返, 等待人數: 15/18
[Barrier] Learner 11 到達/重返, 等待人數: 16/18
[Barrier] Learner 17 到達/重返, 等待人數: 17/18
[Barrier] Learner 14 到達/重返, 等待人數: 18/18
[Global EQ] 啟動 Leader SAT 尋找反例
[Barrier] Learner 14 到達/重返, 等待人數: 1/18
[Barrier] Learner 7 到達/重返, 等待人數: 2/18
[Barrier] Learner 2 到達/重返, 等待人數: 3/18
[Barrier] Learner 4 到達/重返, 等待人數: 4/18
[Barrier] Learner 17 到達/重返, 等待人數: 5/18
[Barrier] Learner 11 到達/重返, 等待人數: 6/18
[Barrier] Learner 5 到達/重返, 等待人數: 7/18
[Barrier] Learner 10 到達/重返, 等待人數: 8/18
[Barrier] Learner 0 到達/重返, 等待人數: 9/18
[Barrier] Learner 3 到達/重返, 等待人數: 10/18
[Barrier] Learner 1 到達/重返, 等待人數: 11/18
[Barrier] Learner 9 到達/重返, 等待人數: 12/18
[Barrier] Learner 15 到達/重返, 等待人數: 13/18
[Barrier] Learner 13 到達/重返, 等待人數: 14/18
[Barrier] Learner 16 到達/重返, 等待人數: 15/18
[Table] MQ/CE SAT 填 hash=0xd7e1e34c8594ee03
[Table] MQ/CE SAT 填 hash=0xa9d6ff67ad2978f
[Table] MQ/CE SAT 填 hash=0x4f80aa21551a20f
[Table] MQ/CE SAT 填 hash=0x87a17b3d9b0bbcf
[Table] MQ/CE SAT 填 hash=0x93461103c200d897
[Barrier] Learner 12 到達/重返, 等待人數: 16/18
[Barrier] Learner 6 到達/重返, 等待人數: 17/18
[Barrier] Learner 8 到達/重返, 等待人數: 18/18
[Global EQ] 啟動 Leader SAT 尋找反例
[Table] MQ/CE SAT 填 hash=0x1b5d3ba60609c322
[Barrier] Learner 13 到達/重返, 等待人數: 1/18
[Barrier] Learner 1 到達/重返, 等待人數: 2/18
[Barrier] Learner 8 到達/重返, 等待人數: 3/18
[Barrier] Learner 5 到達/重返, 等待人數: 4/18
[Barrier] Learner 15 到達/重返, 等待人數: 5/18
[Barrier] Learner 12 到達/重返, 等待人數: 6/18
[Barrier] Learner 17 到達/重返, 等待人數: 7/18
[Barrier] Learner 3 到達/重返, 等待人數: 8/18
[Barrier] Learner 9 到達/重返, 等待人數: 9/18
[Barrier] Learner 10 到達/重返, 等待人數: 10/18
[Barrier] Learner 2 到達/重返, 等待人數: 11/18
[Barrier] Learner 16 到達/重返, 等待人數: 12/18
[Barrier] Learner 7 到達/重返, 等待人數: 13/18
[Barrier] Learner 6 到達/重返, 等待人數: 14/18
[Barrier] Learner 14 到達/重返, 等待人數: 15/18
[Barrier] Learner 0 到達/重返, 等待人數: 16/18
[Barrier] Learner 11 到達/重返, 等待人數: 17/18
[Barrier] Learner 4 到達/重返, 等待人數: 18/18
[Global EQ] 啟動 Leader SAT 尋找反例
[Barrier] Learner 4 到達/重返, 等待人數: 1/18
[Barrier] Learner 3 到達/重返, 等待人數: 2/18
[Barrier] Learner 11 到達/重返, 等待人數: 3/18
[Barrier] Learner 17 到達/重返, 等待人數: 4/18
[Barrier] Learner 1 到達/重返, 等待人數: 5/18
[Barrier] Learner 14 到達/重返, 等待人數: 6/18
[Barrier] Learner 6 到達/重返, 等待人數: 7/18
[Barrier] Learner 8 到達/重返, 等待人數: 8/18
[Barrier] Learner 15 到達/重返, 等待人數: 9/18
[Barrier] Learner 5 到達/重返, 等待人數: 10/18
[Barrier] Learner 2 到達/重返, 等待人數: 11/18
[Barrier] Learner 7 到達/重返, 等待人數: 12/18
[Barrier] Learner 9 到達/重返, 等待人數: 13/18
[Barrier] Learner 10 到達/重返, 等待人數: 14/18
[Barrier] Learner 12 到達/重返, 等待人數: 15/18
[Barrier] Learner 16 到達/重返, 等待人數: 16/18
[Barrier] Learner 13 到達/重返, 等待人數: 17/18
[Table] MQ/CE SAT 填 hash=0x2e391e8f14f6c64b
[Table] MQ/CE SAT 填 hash=0xd6c789506d4194cb
[Table] MQ/CE SAT 填 hash=0x1337ea4b24cce532
[Table] MQ/CE SAT 填 hash=0xe6f13b485dbd71b2
[Barrier] Learner 0 到達/重返, 等待人數: 18/18
[Global EQ] 啟動 Leader SAT 尋找反例
[Table] MQ/CE SAT 填 hash=0xa584e4e0626c2e9e
[Barrier] Learner 4 到達/重返, 等待人數: 1/18
[Barrier] Learner 13 到達/重返, 等待人數: 2/18
[Barrier] Learner 5 到達/重返, 等待人數: 3/18
[Barrier] Learner 6 到達/重返, 等待人數: 4/18
[Barrier] Learner 11 到達/重返, 等待人數: 5/18
[Barrier] Learner 10 到達/重返, 等待人數: 6/18
[Barrier] Learner 12 到達/重返, 等待人數: 7/18
[Barrier] Learner 17 到達/重返, 等待人數: 8/18
[Barrier] Learner 15 到達/重返, 等待人數: 9/18
[Barrier] Learner 0 到達/重返, 等待人數: 10/18
[Barrier] Learner 2 到達/重返, 等待人數: 11/18
[Barrier] Learner 16 到達/重返, 等待人數: 12/18
[Barrier] Learner 9 到達/重返, 等待人數: 13/18
[Barrier] Learner 14 到達/重返, 等待人數: 14/18
[Table] MQ/CE SAT 填 hash=0x391b30f52164c366
[Table] MQ/CE SAT 填 hash=0x78d26dcdc4062c73
[Table] MQ/CE SAT 填 hash=0x755060bbffa712b3
[Table] MQ/CE SAT 填 hash=0x707317883762d4ce
[Table] MQ/CE SAT 填 hash=0xfcf67a1f0a21601e
[Table] MQ/CE SAT 填 hash=0xce82fc83898bd113
[Table] MQ/CE SAT 填 hash=0x9d03568bb1c67e93
[Table] MQ/CE SAT 填 hash=0x177a80ab58e49023
[Table] MQ/CE SAT 填 hash=0xafbfe344ce781b6
[Table] MQ/CE SAT 填 hash=0xc7e4acc6df18064e
[Table] MQ/CE SAT 填 hash=0xf19e37df5248acf0
[Table] MQ/CE SAT 填 hash=0xce349c12403a7329
[Table] MQ/CE SAT 填 hash=0x626d9372f49cb336
[Table] MQ/CE SAT 填 hash=0xd3da0166a5bb68a9
[Table] MQ/CE SAT 填 hash=0xfaa03970d455afda
[Table] MQ/CE SAT 填 hash=0x7e2972b0e035c409
[Table] MQ/CE SAT 填 hash=0x490fcd1df9fdde70
[Table] MQ/CE SAT 填 hash=0x88d79ccbcbc02c79
[Table] MQ/CE SAT 填 hash=0xf8b1215d3e82b668
[Table] MQ/CE SAT 填 hash=0x6d233a9110a157c1
[Table] MQ/CE SAT 填 hash=0xd54785902c747ca1
[Barrier] Learner 8 到達/重返, 等待人數: 15/18
[Table] MQ/CE SAT 填 hash=0xe142731bd9b6db14
[Table] MQ/CE SAT 填 hash=0x2c09c067428b0f21
[Table] MQ/CE SAT 填 hash=0xd65931b17d056a81
[Table] MQ/CE SAT 填 hash=0xc5f594b349450cdc
[Table] MQ/CE SAT 填 hash=0xa6384088c87d5601
[Table] MQ/CE SAT 填 hash=0xa28bf8e63736d315
[Table] MQ/CE SAT 填 hash=0xbad2807d5bcc6b71
[Table] MQ/CE SAT 填 hash=0x4ded1651c2421c55
[Table] MQ/CE SAT 填 hash=0x90f84b46c83983c9
[Barrier] Learner 7 到達/重返, 等待人數: 16/18
[Table] MQ/CE SAT 填 hash=0xf83c879bfcbc77b5
[Table] MQ/CE SAT 填 hash=0x75a00c2174618835
[Barrier] Learner 3 到達/重返, 等待人數: 17/18
[Table] MQ/CE SAT 填 hash=0x74f1c9b51a51a3d
[Table] MQ/CE SAT 填 hash=0xec023e32c1334c05
[Table] MQ/CE SAT 填 hash=0x7c7f4f66bf4893ec
[Table] MQ/CE SAT 填 hash=0x27e06cd24a53dd2c
[Table] MQ/CE SAT 填 hash=0xd22fde1c84ce388c
[Table] MQ/CE SAT 填 hash=0x4f9362a1fc73490c
[Table] MQ/CE SAT 填 hash=0x5fe6f2114d7ea6fc
[Barrier] Learner 1 到達/重返, 等待人數: 18/18
[Global EQ] 啟動 Leader SAT 尋找反例
[Barrier] Learner 17 到達/重返, 等待人數: 1/18
[Barrier] Learner 12 到達/重返, 等待人數: 2/18
[Barrier] Learner 4 到達/重返, 等待人數: 3/18
[Barrier] Learner 10 到達/重返, 等待人數: 4/18
[Barrier] Learner 6 到達/重返, 等待人數: 5/18
[Barrier] Learner 9 到達/重返, 等待人數: 6/18
[Barrier] Learner 1 到達/重返, 等待人數: 7/18
[Barrier] Learner 13 到達/重返, 等待人數: 8/18
[Barrier] Learner 8 到達/重返, 等待人數: 9/18
[Barrier] Learner 16 到達/重返, 等待人數: 10/18
[Barrier] Learner 11 到達/重返, 等待人數: 11/18
[Barrier] Learner 0 到達/重返, 等待人數: 12/18
[Barrier] Learner 5 到達/重返, 等待人數: 13/18
[Barrier] Learner 14 到達/重返, 等待人數: 14/18
[Barrier] Learner 2 到達/重返, 等待人數: 15/18
[Barrier] Learner 15 到達/重返, 等待人數: 16/18
[Barrier] Learner 7 到達/重返, 等待人數: 17/18
[Barrier] Learner 3 到達/重返, 等待人數: 18/18
[Global EQ] 啟動 Leader SAT 尋找反例
[Barrier] Learner 4 到達/重返, 等待人數: 1/18
[Barrier] Learner 1 到達/重返, 等待人數: 2/18
[Barrier] Learner 9 到達/重返, 等待人數: 3/18
[Barrier] Learner 3 到達/重返, 等待人數: 4/18
[Barrier] Learner 16 到達/重返, 等待人數: 5/18
[Barrier] Learner 11 到達/重返, 等待人數: 6/18
[Barrier] Learner 14 到達/重返, 等待人數: 7/18
[Barrier] Learner 8 到達/重返, 等待人數: 8/18
[Barrier] Learner 7 到達/重返, 等待人數: 9/18
[Barrier] Learner 10 到達/重返, 等待人數: 10/18
[Barrier] Learner 17 到達/重返, 等待人數: 11/18
[Barrier] Learner 12 到達/重返, 等待人數: 12/18
[Barrier] Learner 15 到達/重返, 等待人數: 13/18
[Barrier] Learner 2 到達/重返, 等待人數: 14/18
[Barrier] Learner 13 到達/重返, 等待人數: 15/18
[Barrier] Learner 0 到達/重返, 等待人數: 16/18
[Barrier] Learner 5 到達/重返, 等待人數: 17/18
[Table] MQ/CE SAT 填 hash=0xe733758730aa5f53
[Table] MQ/CE SAT 填 hash=0xab0ebeb11966fc0b
[Barrier] Learner 6 到達/重返, 等待人數: 18/18
[Global EQ] 啟動 Leader SAT 尋找反例
[Barrier] Learner 6 到達/重返, 等待人數: 1/18
[Barrier] Learner 5 到達/重返, 等待人數: 2/18
[Barrier] Learner 4 到達/重返, 等待人數: 3/18
[Barrier] Learner 0 到達/重返, 等待人數: 4/18
[Barrier] Learner 10 到達/重返, 等待人數: 5/18
[Barrier] Learner 15 到達/重返, 等待人數: 6/18
[Barrier] Learner 8 到達/重返, 等待人數: 7/18
[Barrier] Learner 16 到達/重返, 等待人數: 8/18
[Barrier] Learner 17 到達/重返, 等待人數: 9/18
[Barrier] Learner 7 到達/重返, 等待人數: 10/18
[Barrier] Learner 9 到達/重返, 等待人數: 11/18
[Barrier] Learner 2 到達/重返, 等待人數: 12/18
[Barrier] Learner 14 到達/重返, 等待人數: 13/18
[Barrier] Learner 13 到達/重返, 等待人數: 14/18
[Barrier] Learner 11 到達/重返, 等待人數: 15/18
[Barrier] Learner 12 到達/重返, 等待人數: 16/18
[Table] MQ/CE SAT 填 hash=0x3b614a300c597afe
[Table] MQ/CE SAT 填 hash=0x64f7cd7e150212e
[Table] MQ/CE SAT 填 hash=0x390b0981d68dcaba
[Table] MQ/CE SAT 填 hash=0x6e5f6fbb0c9e10a0
[Table] MQ/CE SAT 填 hash=0xa3156b7b4c8884a5
[Table] MQ/CE SAT 填 hash=0x4e7688e6d793cde5
[Table] MQ/CE SAT 填 hash=0x5d0a41b94db6c485
[Barrier] Learner 1 到達/重返, 等待人數: 17/18
[Barrier] Learner 3 到達/重返, 等待人數: 18/18
[Global EQ] 啟動 Leader SAT 尋找反例
[Barrier] Learner 3 到達/重返, 等待人數: 1/18
[Barrier] Learner 8 到達/重返, 等待人數: 2/18
[Barrier] Learner 4 到達/重返, 等待人數: 3/18
[Barrier] Learner 2 到達/重返, 等待人數: 4/18
[Barrier] Learner 14 到達/重返, 等待人數: 5/18
[Barrier] Learner 5 到達/重返, 等待人數: 6/18
[Barrier] Learner 15 到達/重返, 等待人數: 7/18
[Barrier] Learner 13 到達/重返, 等待人數: 8/18
[Barrier] Learner 7 到達/重返, 等待人數: 9/18
[Barrier] Learner 11 到達/重返, 等待人數: 10/18
[Barrier] Learner 17 到達/重返, 等待人數: 11/18
[Barrier] Learner 10 到達/重返, 等待人數: 12/18
[Barrier] Learner 1 到達/重返, 等待人數: 13/18
[Barrier] Learner 6 到達/重返, 等待人數: 14/18
[Barrier] Learner 16 到達/重返, 等待人數: 15/18
[Barrier] Learner 0 到達/重返, 等待人數: 16/18
[Barrier] Learner 9 到達/重返, 等待人數: 17/18
[Table] MQ/CE SAT 填 hash=0x8472f484506e74b
[Barrier] Learner 12 到達/重返, 等待人數: 18/18
[Global EQ] 啟動 Leader SAT 尋找反例
[Barrier] Learner 12 到達/重返, 等待人數: 1/18
[Barrier] Learner 9 到達/重返, 等待人數: 2/18
[Barrier] Learner 7 到達/重返, 等待人數: 3/18
[Barrier] Learner 13 到達/重返, 等待人數: 4/18
[Barrier] Learner 15 到達/重返, 等待人數: 5/18
[Barrier] Learner 5 到達/重返, 等待人數: 6/18
[Barrier] Learner 16 到達/重返, 等待人數: 7/18
[Barrier] Learner 17 到達/重返, 等待人數: 8/18
[Barrier] Learner 8 到達/重返, 等待人數: 9/18
[Barrier] Learner 2 到達/重返, 等待人數: 10/18
[Barrier] Learner 14 到達/重返, 等待人數: 11/18
[Barrier] Learner 0 到達/重返, 等待人數: 12/18
[Barrier] Learner 6 到達/重返, 等待人數: 13/18
[Barrier] Learner 10 到達/重返, 等待人數: 14/18
[Barrier] Learner 3 到達/重返, 等待人數: 15/18
[Barrier] Learner 4 到達/重返, 等待人數: 16/18
[Barrier] Learner 11 到達/重返, 等待人數: 17/18
[Table] MQ/CE SAT 填 hash=0xe3dd95158a89b600
[Table] MQ/CE SAT 填 hash=0x79b9fa6534770260
[Table] MQ/CE SAT 填 hash=0x9317c0ba2f15d726
[Table] MQ/CE SAT 填 hash=0x82abd4836bad0c9e
[Barrier] Learner 1 到達/重返, 等待人數: 18/18
[Global EQ] 啟動 Leader SAT 尋找反例
[Barrier] Learner 1 到達/重返, 等待人數: 1/18
[Barrier] Learner 14 到達/重返, 等待人數: 2/18
[Barrier] Learner 11 到達/重返, 等待人數: 3/18
[Barrier] Learner 13 到達/重返, 等待人數: 4/18
[Barrier] Learner 10 到達/重返, 等待人數: 5/18
[Barrier] Learner 2 到達/重返, 等待人數: 6/18
[Barrier] Learner 17 到達/重返, 等待人數: 7/18
[Barrier] Learner 3 到達/重返, 等待人數: 8/18
[Barrier] Learner 15 到達/重返, 等待人數: 9/18
[Barrier] Learner 16 到達/重返, 等待人數: 10/18
[Barrier] Learner 0 到達/重返, 等待人數: 11/18
[Barrier] Learner 9 到達/重返, 等待人數: 12/18
[Barrier] Learner 6 到達/重返, 等待人數: 13/18
[Barrier] Learner 4 到達/重返, 等待人數: 14/18
[Barrier] Learner 8 到達/重返, 等待人數: 15/18
[Barrier] Learner 5 到達/重返, 等待人數: 16/18
[Barrier] Learner 12 到達/重返, 等待人數: 17/18
[Table] MQ/CE SAT 填 hash=0xd17bd4ffbae28def
[Barrier] Learner 7 到達/重返, 等待人數: 18/18
[Global EQ] 啟動 Leader SAT 尋找反例
[Barrier] Learner 7 到達/重返, 等待人數: 1/18
[Barrier] Learner 8 到達/重返, 等待人數: 2/18
[Barrier] Learner 14 到達/重返, 等待人數: 3/18
[Barrier] Learner 15 到達/重返, 等待人數: 4/18
[Barrier] Learner 0 到達/重返, 等待人數: 5/18
[Barrier] Learner 5 到達/重返, 等待人數: 6/18
[Barrier] Learner 9 到達/重返, 等待人數: 7/18
[Barrier] Learner 4 到達/重返, 等待人數: 8/18
[Barrier] Learner 16 到達/重返, 等待人數: 9/18
[Barrier] Learner 1 到達/重返, 等待人數: 10/18
[Barrier] Learner 3 到達/重返, 等待人數: 11/18
[Barrier] Learner 2 到達/重返, 等待人數: 12/18
[Barrier] Learner 17 到達/重返, 等待人數: 13/18
[Barrier] Learner 10 到達/重返, 等待人數: 14/18
[Barrier] Learner 6 到達/重返, 等待人數: 15/18
[Barrier] Learner 12 到達/重返, 等待人數: 16/18
[Barrier] Learner 11 到達/重返, 等待人數: 17/18
[Barrier] Learner 13 到達/重返, 等待人數: 18/18
[Global EQ] 啟動 Leader SAT 尋找反例
[Table] MQ/CE SAT 填 hash=0xf4e1f8751e4ec2c5
[Barrier] Learner 13 到達/重返, 等待人數: 1/18
[Barrier] Learner 6 到達/重返, 等待人數: 2/18
[Barrier] Learner 14 到達/重返, 等待人數: 3/18
[Barrier] Learner 7 到達/重返, 等待人數: 4/18
[Barrier] Learner 5 到達/重返, 等待人數: 5/18
[Barrier] Learner 16 到達/重返, 等待人數: 6/18
[Barrier] Learner 11 到達/重返, 等待人數: 7/18
[Barrier] Learner 12 到達/重返, 等待人數: 8/18
[Barrier] Learner 1 到達/重返, 等待人數: 9/18
[Barrier] Learner 17 到達/重返, 等待人數: 10/18
[Barrier] Learner 2 到達/重返, 等待人數: 11/18
[Barrier] Learner 15 到達/重返, 等待人數: 12/18
[Barrier] Learner 4 到達/重返, 等待人數: 13/18
[Barrier] Learner 3 到達/重返, 等待人數: 14/18
[Barrier] Learner 0 到達/重返, 等待人數: 15/18
[Barrier] Learner 9 到達/重返, 等待人數: 16/18
[Table] MQ/CE SAT 填 hash=0x2c4a067b7f23ccd9
[Barrier] Learner 10 到達/重返, 等待人數: 17/18
[Barrier] Learner 8 到達/重返, 等待人數: 18/18
[Global EQ] 啟動 Leader SAT 尋找反例
[Barrier] Learner 8 到達/重返, 等待人數: 1/18
[Barrier] Learner 17 到達/重返, 等待人數: 2/18
[Barrier] Learner 5 到達/重返, 等待人數: 3/18
[Barrier] Learner 7 到達/重返, 等待人數: 4/18
[Barrier] Learner 6 到達/重返, 等待人數: 5/18
[Barrier] Learner 15 到達/重返, 等待人數: 6/18
[Barrier] Learner 3 到達/重返, 等待人數: 7/18
[Barrier] Learner 2 到達/重返, 等待人數: 8/18
[Barrier] Learner 1 到達/重返, 等待人數: 9/18
[Barrier] Learner 9 到達/重返, 等待人數: 10/18
[Barrier] Learner 11 到達/重返, 等待人數: 11/18
[Barrier] Learner 14 到達/重返, 等待人數: 12/18
[Barrier] Learner 16 到達/重返, 等待人數: 13/18
[Barrier] Learner 10 到達/重返, 等待人數: 14/18
[Barrier] Learner 13 到達/重返, 等待人數: 15/18
[Barrier] Learner 12 到達/重返, 等待人數: 16/18
[Barrier] Learner 0 到達/重返, 等待人數: 17/18
[Table] MQ/CE SAT 填 hash=0xc2266bcb29111939
[Table] MQ/CE SAT 填 hash=0x29f3c5cd49581c95
[Barrier] Learner 4 到達/重返, 等待人數: 18/18
[Global EQ] 啟動 Leader SAT 尋找反例
[Barrier] Learner 4 到達/重返, 等待人數: 1/18
[Barrier] Learner 14 到達/重返, 等待人數: 2/18
[Barrier] Learner 15 到達/重返, 等待人數: 3/18
[Barrier] Learner 3 到達/重返, 等待人數: 4/18
[Barrier] Learner 5 到達/重返, 等待人數: 5/18
[Barrier] Learner 11 到達/重返, 等待人數: 6/18
[Barrier] Learner 2 到達/重返, 等待人數: 7/18
[Barrier] Learner 12 到達/重返, 等待人數: 8/18
[Barrier] Learner 1 到達/重返, 等待人數: 9/18
[Barrier] Learner 13 到達/重返, 等待人數: 10/18
[Barrier] Learner 9 到達/重返, 等待人數: 11/18
[Barrier] Learner 17 到達/重返, 等待人數: 12/18
[Barrier] Learner 7 到達/重返, 等待人數: 13/18
[Barrier] Learner 16 到達/重返, 等待人數: 14/18
[Barrier] Learner 0 到達/重返, 等待人數: 15/18
[Barrier] Learner 6 到達/重返, 等待人數: 16/18
[Table] MQ/CE SAT 填 hash=0xa8c8a5762e724473
[Barrier] Learner 10 到達/重返, 等待人數: 17/18
[Barrier] Learner 8 到達/重返, 等待人數: 18/18
[Global EQ] 啟動 Leader SAT 尋找反例
[Barrier] Learner 8 到達/重返, 等待人數: 1/18
[Barrier] Learner 2 到達/重返, 等待人數: 2/18
[Barrier] Learner 4 到達/重返, 等待人數: 3/18
[Barrier] Learner 10 到達/重返, 等待人數: 4/18
[Barrier] Learner 3 到達/重返, 等待人數: 5/18
[Barrier] Learner 7 到達/重返, 等待人數: 6/18
[Barrier] Learner 14 到達/重返, 等待人數: 7/18
[Barrier] Learner 1 到達/重返, 等待人數: 8/18
[Barrier] Learner 5 到達/重返, 等待人數: 9/18
[Barrier] Learner 9 到達/重返, 等待人數: 10/18
[Barrier] Learner 17 到達/重返, 等待人數: 11/18
[Barrier] Learner 12 到達/重返, 等待人數: 12/18
[Barrier] Learner 11 到達/重返, 等待人數: 13/18
[Barrier] Learner 15 到達/重返, 等待人數: 14/18
[Barrier] Learner 13 到達/重返, 等待人數: 15/18
[Barrier] Learner 6 到達/重返, 等待人數: 16/18
[Barrier] Learner 16 到達/重返, 等待人數: 17/18
[Table] MQ/CE SAT 填 hash=0xdb84322023afedff
[Barrier] Learner 0 到達/重返, 等待人數: 18/18
[Global EQ] 啟動 Leader SAT 尋找反例
[Barrier] Learner 4 到達/重返, 等待人數: 1/18
[Barrier] Learner 2 到達/重返, 等待人數: 2/18
[Barrier] Learner 8 到達/重返, 等待人數: 3/18
[Barrier] Learner 5 到達/重返, 等待人數: 4/18
[Barrier] Learner 17 到達/重返, 等待人數: 5/18
[Barrier] Learner 13 到達/重返, 等待人數: 6/18
[Barrier] Learner 6 到達/重返, 等待人數: 7/18
[Barrier] Learner 3 到達/重返, 等待人數: 8/18
[Barrier] Learner 7 到達/重返, 等待人數: 9/18
[Barrier] Learner 12 到達/重返, 等待人數: 10/18
[Barrier] Learner 0 到達/重返, 等待人數: 11/18
[Barrier] Learner 11 到達/重返, 等待人數: 12/18
[Barrier] Learner 10 到達/重返, 等待人數: 13/18
[Barrier] Learner 1 到達/重返, 等待人數: 14/18
[Barrier] Learner 15 到達/重返, 等待人數: 15/18
[Barrier] Learner 14 到達/重返, 等待人數: 16/18
[Barrier] Learner 9 到達/重返, 等待人數: 17/18
[Barrier] Learner 16 到達/重返, 等待人數: 18/18
[Global EQ] 啟動 Leader SAT 尋找反例
[Barrier] Learner 16 到達/重返, 等待人數: 1/18
[Barrier] Learner 9 到達/重返, 等待人數: 2/18
[Barrier] Learner 17 到達/重返, 等待人數: 3/18
[Barrier] Learner 0 到達/重返, 等待人數: 4/18
[Barrier] Learner 5 到達/重返, 等待人數: 5/18
[Barrier] Learner 13 到達/重返, 等待人數: 6/18
[Barrier] Learner 14 到達/重返, 等待人數: 7/18
[Barrier] Learner 6 到達/重返, 等待人數: 8/18
[Barrier] Learner 10 到達/重返, 等待人數: 9/18
[Barrier] Learner 4 到達/重返, 等待人數: 10/18
[Barrier] Learner 7 到達/重返, 等待人數: 11/18
[Barrier] Learner 11 到達/重返, 等待人數: 12/18
[Barrier] Learner 1 到達/重返, 等待人數: 13/18
[Barrier] Learner 3 到達/重返, 等待人數: 14/18
[Barrier] Learner 15 到達/重返, 等待人數: 15/18
[Barrier] Learner 12 到達/重返, 等待人數: 16/18
[Barrier] Learner 8 到達/重返, 等待人數: 17/18
[Barrier] Learner 2 到達/重返, 等待人數: 18/18
[Global EQ] 啟動 Leader SAT 尋找反例
[Barrier] Learner 6 到達/重返, 等待人數: 1/18
[Barrier] Learner 2 到達/重返, 等待人數: 2/18
[Barrier] Learner 16 到達/重返, 等待人數: 3/18
[Barrier] Learner 14 到達/重返, 等待人數: 4/18
[Barrier] Learner 10 到達/重返, 等待人數: 5/18
[Barrier] Learner 3 到達/重返, 等待人數: 6/18
[Barrier] Learner 0 到達/重返, 等待人數: 7/18
[Barrier] Learner 13 到達/重返, 等待人數: 8/18
[Barrier] Learner 11 到達/重返, 等待人數: 9/18
[Barrier] Learner 8 到達/重返, 等待人數: 10/18
[Barrier] Learner 7 到達/重返, 等待人數: 11/18
[Barrier] Learner 17 到達/重返, 等待人數: 12/18
[Barrier] Learner 9 到達/重返, 等待人數: 13/18
[Barrier] Learner 1 到達/重返, 等待人數: 14/18
[Barrier] Learner 15 到達/重返, 等待人數: 15/18
[Barrier] Learner 5 到達/重返, 等待人數: 16/18
[Barrier] Learner 12 到達/重返, 等待人數: 17/18
[Barrier] Learner 4 到達/重返, 等待人數: 18/18
[Global EQ] 啟動 Leader SAT 尋找反例
[Barrier] Learner 4 到達/重返, 等待人數: 1/18
[Barrier] Learner 9 到達/重返, 等待人數: 2/18
[Barrier] Learner 11 到達/重返, 等待人數: 3/18
[Barrier] Learner 3 到達/重返, 等待人數: 4/18
[Barrier] Learner 10 到達/重返, 等待人數: 5/18
[Barrier] Learner 7 到達/重返, 等待人數: 6/18
[Barrier] Learner 17 到達/重返, 等待人數: 7/18
[Barrier] Learner 15 到達/重返, 等待人數: 8/18
[Barrier] Learner 2 到達/重返, 等待人數: 9/18
[Barrier] Learner 6 到達/重返, 等待人數: 10/18
[Barrier] Learner 14 到達/重返, 等待人數: 11/18
[Barrier] Learner 16 到達/重返, 等待人數: 12/18
[Barrier] Learner 12 到達/重返, 等待人數: 13/18
[Barrier] Learner 8 到達/重返, 等待人數: 14/18
[Barrier] Learner 5 到達/重返, 等待人數: 15/18
[Barrier] Learner 1 到達/重返, 等待人數: 16/18
[Barrier] Learner 0 到達/重返, 等待人數: 17/18
[Barrier] Learner 13 到達/重返, 等待人數: 18/18
[Global EQ] 啟動 Leader SAT 尋找反例
[Barrier] Learner 17 到達/重返, 等待人數: 1/18
[Barrier] Learner 6 到達/重返, 等待人數: 2/18
[Barrier] Learner 15 到達/重返, 等待人數: 3/18
[Barrier] Learner 10 到達/重返, 等待人數: 4/18
[Barrier] Learner 2 到達/重返, 等待人數: 5/18
[Barrier] Learner 0 到達/重返, 等待人數: 6/18
[Barrier] Learner 16 到達/重返, 等待人數: 7/18
[Barrier] Learner 5 到達/重返, 等待人數: 8/18
[Barrier] Learner 12 到達/重返, 等待人數: 9/18
[Barrier] Learner 14 到達/重返, 等待人數: 10/18
[Barrier] Learner 11 到達/重返, 等待人數: 11/18
[Barrier] Learner 7 到達/重返, 等待人數: 12/18
[Barrier] Learner 8 到達/重返, 等待人數: 13/18
[Barrier] Learner 1 到達/重返, 等待人數: 14/18
[Barrier] Learner 9 到達/重返, 等待人數: 15/18
[Barrier] Learner 4 到達/重返, 等待人數: 16/18
[Barrier] Learner 3 到達/重返, 等待人數: 17/18
[Barrier] Learner 13 到達/重返, 等待人數: 18/18
[Global EQ] 啟動 Leader SAT 尋找反例
[Barrier] Learner 13 到達/重返, 等待人數: 1/18
[Barrier] Learner 12 到達/重返, 等待人數: 2/18
[Barrier] Learner 11 到達/重返, 等待人數: 3/18
[Barrier] Learner 2 到達/重返, 等待人數: 4/18
[Barrier] Learner 4 到達/重返, 等待人數: 5/18
[Barrier] Learner 1 到達/重返, 等待人數: 6/18
[Barrier] Learner 9 到達/重返, 等待人數: 7/18
[Barrier] Learner 16 到達/重返, 等待人數: 8/18
[Barrier] Learner 6 到達/重返, 等待人數: 9/18
[Barrier] Learner 0 到達/重返, 等待人數: 10/18
[Barrier] Learner 10 到達/重返, 等待人數: 11/18
[Barrier] Learner 3 到達/重返, 等待人數: 12/18
[Barrier] Learner 14 到達/重返, 等待人數: 13/18
[Barrier] Learner 17 到達/重返, 等待人數: 14/18
[Barrier] Learner 15 到達/重返, 等待人數: 15/18
[Barrier] Learner 7 到達/重返, 等待人數: 16/18
[Barrier] Learner 8 到達/重返, 等待人數: 17/18
[Barrier] Learner 5 到達/重返, 等待人數: 18/18
[Global EQ] 啟動 Leader SAT 尋找反例
[Barrier] Learner 5 到達/重返, 等待人數: 1/18
[Barrier] Learner 12 到達/重返, 等待人數: 2/18
[Barrier] Learner 7 到達/重返, 等待人數: 3/18
[Barrier] Learner 17 到達/重返, 等待人數: 4/18
[Barrier] Learner 4 到達/重返, 等待人數: 5/18
[Barrier] Learner 11 到達/重返, 等待人數: 6/18
[Barrier] Learner 8 到達/重返, 等待人數: 7/18
[Barrier] Learner 3 到達/重返, 等待人數: 8/18
[Barrier] Learner 10 到達/重返, 等待人數: 9/18
[Barrier] Learner 15 到達/重返, 等待人數: 10/18
[Barrier] Learner 14 到達/重返, 等待人數: 11/18
[Barrier] Learner 2 到達/重返, 等待人數: 12/18
[Barrier] Learner 6 到達/重返, 等待人數: 13/18
[Barrier] Learner 13 到達/重返, 等待人數: 14/18
[Barrier] Learner 16 到達/重返, 等待人數: 15/18
[Barrier] Learner 1 到達/重返, 等待人數: 16/18
[Barrier] Learner 0 到達/重返, 等待人數: 17/18
[Barrier] Learner 9 到達/重返, 等待人數: 18/18
[Global EQ] 啟動 Leader SAT 尋找反例
[Barrier] Learner 9 到達/重返, 等待人數: 1/18
[Barrier] Learner 3 到達/重返, 等待人數: 2/18
[Barrier] Learner 4 到達/重返, 等待人數: 3/18
[Barrier] Learner 13 到達/重返, 等待人數: 4/18
[Barrier] Learner 1 到達/重返, 等待人數: 5/18
[Barrier] Learner 16 到達/重返, 等待人數: 6/18
[Barrier] Learner 11 到達/重返, 等待人數: 7/18
[Barrier] Learner 8 到達/重返, 等待人數: 8/18
[Barrier] Learner 5 到達/重返, 等待人數: 9/18
[Barrier] Learner 2 到達/重返, 等待人數: 10/18
[Barrier] Learner 7 到達/重返, 等待人數: 11/18
[Barrier] Learner 10 到達/重返, 等待人數: 12/18
[Barrier] Learner 14 到達/重返, 等待人數: 13/18
[Barrier] Learner 6 到達/重返, 等待人數: 14/18
[Barrier] Learner 12 到達/重返, 等待人數: 15/18
[Barrier] Learner 17 到達/重返, 等待人數: 16/18
[Barrier] Learner 15 到達/重返, 等待人數: 17/18
[Table] MQ/CE SAT 填 hash=0xe9dd95ae2e4470a2
[Barrier] Learner 0 到達/重返, 等待人數: 18/18
[Global EQ] 啟動 Leader SAT 尋找反例
[Table] MQ/CE SAT 填 hash=0x88bf1e3de7921d07
[Barrier] Learner 0 到達/重返, 等待人數: 1/18
[Barrier] Learner 11 到達/重返, 等待人數: 2/18
[Barrier] Learner 1 到達/重返, 等待人數: 3/18
[Barrier] Learner 9 到達/重返, 等待人數: 4/18
[Barrier] Learner 14 到達/重返, 等待人數: 5/18
[Barrier] Learner 3 到達/重返, 等待人數: 6/18
[Barrier] Learner 15 到達/重返, 等待人數: 7/18
[Barrier] Learner 6 到達/重返, 等待人數: 8/18
[Barrier] Learner 2 到達/重返, 等待人數: 9/18
[Barrier] Learner 16 到達/重返, 等待人數: 10/18
[Barrier] Learner 17 到達/重返, 等待人數: 11/18
[Barrier] Learner 12 到達/重返, 等待人數: 12/18
[Barrier] Learner 5 到達/重返, 等待人數: 13/18
[Barrier] Learner 4 到達/重返, 等待人數: 14/18
[Barrier] Learner 10 到達/重返, 等待人數: 15/18
[Barrier] Learner 13 到達/重返, 等待人數: 16/18
[Barrier] Learner 8 到達/重返, 等待人數: 17/18
[Barrier] Learner 7 到達/重返, 等待人數: 18/18
[Global EQ] 啟動 Leader SAT 尋找反例
[Barrier] Learner 2 到達/重返, 等待人數: 1/18
[Barrier] Learner 7 到達/重返, 等待人數: 2/18
[Barrier] Learner 12 到達/重返, 等待人數: 3/18
[Barrier] Learner 5 到達/重返, 等待人數: 4/18
[Barrier] Learner 17 到達/重返, 等待人數: 5/18
[Barrier] Learner 1 到達/重返, 等待人數: 6/18
[Barrier] Learner 6 到達/重返, 等待人數: 7/18
[Barrier] Learner 10 到達/重返, 等待人數: 8/18
[Barrier] Learner 4 到達/重返, 等待人數: 9/18
[Barrier] Learner 14 到達/重返, 等待人數: 10/18
[Barrier] Learner 8 到達/重返, 等待人數: 11/18
[Barrier] Learner 11 到達/重返, 等待人數: 12/18
[Barrier] Learner 3 到達/重返, 等待人數: 13/18
[Barrier] Learner 9 到達/重返, 等待人數: 14/18
[Barrier] Learner 15 到達/重返, 等待人數: 15/18
[Barrier] Learner 0 到達/重返, 等待人數: 16/18
[Barrier] Learner 16 到達/重返, 等待人數: 17/18
[Barrier] Learner 13 到達/重返, 等待人數: 18/18
[Global EQ] 啟動 Leader SAT 尋找反例
[Barrier] Learner 6 到達/重返, 等待人數: 1/18
[Barrier] Learner 11 到達/重返, 等待人數: 2/18
[Barrier] Learner 4 到達/重返, 等待人數: 3/18
[Barrier] Learner 14 到達/重返, 等待人數: 4/18
[Barrier] Learner 7 到達/重返, 等待人數: 5/18
[Barrier] Learner 15 到達/重返, 等待人數: 6/18
[Barrier] Learner 12 到達/重返, 等待人數: 7/18
[Barrier] Learner 8 到達/重返, 等待人數: 8/18
[Barrier] Learner 17 到達/重返, 等待人數: 9/18
[Barrier] Learner 0 到達/重返, 等待人數: 10/18
[Barrier] Learner 10 到達/重返, 等待人數: 11/18
[Barrier] Learner 3 到達/重返, 等待人數: 12/18
[Barrier] Learner 2 到達/重返, 等待人數: 13/18
[Barrier] Learner 5 到達/重返, 等待人數: 14/18
[Barrier] Learner 9 到達/重返, 等待人數: 15/18
[Barrier] Learner 1 到達/重返, 等待人數: 16/18
[Barrier] Learner 16 到達/重返, 等待人數: 17/18
[Table] MQ/CE SAT 填 hash=0x3e94e3528d889827
[Table] MQ/CE SAT 填 hash=0xd91dc9fea30d450f
[Table] MQ/CE SAT 填 hash=0xdec32f53088e3a8f
[Table] MQ/CE SAT 填 hash=0x847ee76a2e188e4f
[Barrier] Learner 13 到達/重返, 等待人數: 18/18
[Global EQ] 啟動 Leader SAT 尋找反例
[Barrier] Learner 14 到達/重返, 等待人數: 1/18
[Barrier] Learner 6 到達/重返, 等待人數: 2/18
[Barrier] Learner 12 到達/重返, 等待人數: 3/18
[Barrier] Learner 9 到達/重返, 等待人數: 4/18
[Barrier] Learner 8 到達/重返, 等待人數: 5/18
[Barrier] Learner 2 到達/重返, 等待人數: 6/18
[Barrier] Learner 10 到達/重返, 等待人數: 7/18
[Barrier] Learner 13 到達/重返, 等待人數: 8/18
[Barrier] Learner 5 到達/重返, 等待人數: 9/18
[Barrier] Learner 15 到達/重返, 等待人數: 10/18
[Barrier] Learner 11 到達/重返, 等待人數: 11/18
[Barrier] Learner 4 到達/重返, 等待人數: 12/18
[Barrier] Learner 1 到達/重返, 等待人數: 13/18
[Barrier] Learner 0 到達/重返, 等待人數: 14/18
[Barrier] Learner 16 到達/重返, 等待人數: 15/18
[Barrier] Learner 17 到達/重返, 等待人數: 16/18
[Barrier] Learner 3 到達/重返, 等待人數: 17/18
[Barrier] Learner 7 到達/重返, 等待人數: 18/18
[Global EQ] 啟動 Leader SAT 尋找反例
[Barrier] Learner 7 到達/重返, 等待人數: 1/18
[Barrier] Learner 13 到達/重返, 等待人數: 2/18
[Barrier] Learner 10 到達/重返, 等待人數: 3/18
[Barrier] Learner 2 到達/重返, 等待人數: 4/18
[Barrier] Learner 17 到達/重返, 等待人數: 5/18
[Barrier] Learner 6 到達/重返, 等待人數: 6/18
[Barrier] Learner 12 到達/重返, 等待人數: 7/18
[Barrier] Learner 8 到達/重返, 等待人數: 8/18
[Barrier] Learner 3 到達/重返, 等待人數: 9/18
[Barrier] Learner 4 到達/重返, 等待人數: 10/18
[Barrier] Learner 1 到達/重返, 等待人數: 11/18
[Barrier] Learner 0 到達/重返, 等待人數: 12/18
[Barrier] Learner 16 到達/重返, 等待人數: 13/18
[Barrier] Learner 9 到達/重返, 等待人數: 14/18
[Barrier] Learner 5 到達/重返, 等待人數: 15/18
[Barrier] Learner 15 到達/重返, 等待人數: 16/18
[Barrier] Learner 11 到達/重返, 等待人數: 17/18
[Barrier] Learner 14 到達/重返, 等待人數: 18/18
[Global EQ] 啟動 Leader SAT 尋找反例
[Barrier] Learner 1 到達/重返, 等待人數: 1/18
[Barrier] Learner 8 到達/重返, 等待人數: 2/18
[Barrier] Learner 6 到達/重返, 等待人數: 3/18
[Barrier] Learner 9 到達/重返, 等待人數: 4/18
[Barrier] Learner 5 到達/重返, 等待人數: 5/18
[Barrier] Learner 10 到達/重返, 等待人數: 6/18
[Barrier] Learner 15 到達/重返, 等待人數: 7/18
[Barrier] Learner 2 到達/重返, 等待人數: 8/18
[Barrier] Learner 16 到達/重返, 等待人數: 9/18
[Barrier] Learner 11 到達/重返, 等待人數: 10/18
[Barrier] Learner 14 到達/重返, 等待人數: 11/18
[Barrier] Learner 0 到達/重返, 等待人數: 12/18
[Barrier] Learner 17 到達/重返, 等待人數: 13/18
[Barrier] Learner 12 到達/重返, 等待人數: 14/18
[Barrier] Learner 4 到達/重返, 等待人數: 15/18
[Barrier] Learner 13 到達/重返, 等待人數: 16/18
[Barrier] Learner 3 到達/重返, 等待人數: 17/18
[Barrier] Learner 7 到達/重返, 等待人數: 18/18
[Global EQ] 啟動 Leader SAT 尋找反例
[Barrier] Learner 7 到達/重返, 等待人數: 1/18
[Barrier] Learner 15 到達/重返, 等待人數: 2/18
[Barrier] Learner 3 到達/重返, 等待人數: 3/18
[Barrier] Learner 2 到達/重返, 等待人數: 4/18
[Barrier] Learner 16 到達/重返, 等待人數: 5/18
[Barrier] Learner 11 到達/重返, 等待人數: 6/18
[Barrier] Learner 17 到達/重返, 等待人數: 7/18
[Barrier] Learner 5 到達/重返, 等待人數: 8/18
[Barrier] Learner 12 到達/重返, 等待人數: 9/18
[Barrier] Learner 0 到達/重返, 等待人數: 10/18
[Barrier] Learner 1 到達/重返, 等待人數: 11/18
[Barrier] Learner 14 到達/重返, 等待人數: 12/18
[Barrier] Learner 6 到達/重返, 等待人數: 13/18
[Barrier] Learner 8 到達/重返, 等待人數: 14/18
[Barrier] Learner 10 到達/重返, 等待人數: 15/18
[Barrier] Learner 4 到達/重返, 等待人數: 16/18
[Barrier] Learner 9 到達/重返, 等待人數: 17/18
[Table] MQ/CE SAT 填 hash=0xb9246a39a704164f
[Barrier] Learner 13 到達/重返, 等待人數: 18/18
[Global EQ] 啟動 Leader SAT 尋找反例
[Barrier] Learner 13 到達/重返, 等待人數: 1/18
[Barrier] Learner 11 到達/重返, 等待人數: 2/18
[Barrier] Learner 15 到達/重返, 等待人數: 3/18
[Barrier] Learner 1 到達/重返, 等待人數: 4/18
[Barrier] Learner 5 到達/重返, 等待人數: 5/18
[Barrier] Learner 4 到達/重返, 等待人數: 6/18
[Barrier] Learner 12 到達/重返, 等待人數: 7/18
[Barrier] Learner 9 到達/重返, 等待人數: 8/18
[Barrier] Learner 17 到達/重返, 等待人數: 9/18
[Barrier] Learner 8 到達/重返, 等待人數: 10/18
[Barrier] Learner 2 到達/重返, 等待人數: 11/18
[Barrier] Learner 0 到達/重返, 等待人數: 12/18
[Barrier] Learner 16 到達/重返, 等待人數: 13/18
[Barrier] Learner 3 到達/重返, 等待人數: 14/18
[Barrier] Learner 6 到達/重返, 等待人數: 15/18
[Barrier] Learner 14 到達/重返, 等待人數: 16/18
[Barrier] Learner 10 到達/重返, 等待人數: 17/18
[Table] MQ/CE SAT 填 hash=0x5022b69be637e7e8
[Table] MQ/CE SAT 填 hash=0x2cb91aced429ae21
[Table] MQ/CE SAT 填 hash=0x29370dbd0fca9461
[Table] MQ/CE SAT 填 hash=0x8269a98499af52c1
[Table] MQ/CE SAT 填 hash=0x50ea038cc1ea0041
[Table] MQ/CE SAT 填 hash=0x613d92fc12f55e31
[Table] MQ/CE SAT 填 hash=0x2ebe88014c274595
[Barrier] Learner 7 到達/重返, 等待人數: 18/18
[Global EQ] 啟動 Leader SAT 尋找反例
[Table] MQ/CE SAT 填 hash=0x7160976fcd9d3a5f
[Barrier] Learner 7 到達/重返, 等待人數: 1/18
[Barrier] Learner 5 到達/重返, 等待人數: 2/18
[Barrier] Learner 15 到達/重返, 等待人數: 3/18
[Barrier] Learner 1 到達/重返, 等待人數: 4/18
[Barrier] Learner 17 到達/重返, 等待人數: 5/18
[Barrier] Learner 13 到達/重返, 等待人數: 6/18
[Barrier] Learner 14 到達/重返, 等待人數: 7/18
[Barrier] Learner 11 到達/重返, 等待人數: 8/18
[Barrier] Learner 2 到達/重返, 等待人數: 9/18
[Barrier] Learner 8 到達/重返, 等待人數: 10/18
[Barrier] Learner 10 到達/重返, 等待人數: 11/18
[Barrier] Learner 3 到達/重返, 等待人數: 12/18
[Barrier] Learner 9 到達/重返, 等待人數: 13/18
[Barrier] Learner 16 到達/重返, 等待人數: 14/18
[Barrier] Learner 0 到達/重返, 等待人數: 15/18
[Barrier] Learner 4 到達/重返, 等待人數: 16/18
[Barrier] Learner 12 到達/重返, 等待人數: 17/18
[Barrier] Learner 6 到達/重返, 等待人數: 18/18
[Global EQ] 啟動 Leader SAT 尋找反例
[Barrier] Learner 15 到達/重返, 等待人數: 1/18
[Barrier] Learner 6 到達/重返, 等待人數: 2/18
[Barrier] Learner 11 到達/重返, 等待人數: 3/18
[Barrier] Learner 2 到達/重返, 等待人數: 4/18
[Barrier] Learner 3 到達/重返, 等待人數: 5/18
[Barrier] Learner 5 到達/重返, 等待人數: 6/18
[Barrier] Learner 14 到達/重返, 等待人數: 7/18
[Barrier] Learner 4 到達/重返, 等待人數: 8/18
[Barrier] Learner 9 到達/重返, 等待人數: 9/18
[Barrier] Learner 7 到達/重返, 等待人數: 10/18
[Barrier] Learner 16 到達/重返, 等待人數: 11/18
[Barrier] Learner 8 到達/重返, 等待人數: 12/18
[Barrier] Learner 0 到達/重返, 等待人數: 13/18
[Barrier] Learner 1 到達/重返, 等待人數: 14/18
[Barrier] Learner 12 到達/重返, 等待人數: 15/18
[Barrier] Learner 13 到達/重返, 等待人數: 16/18
[Barrier] Learner 17 到達/重返, 等待人數: 17/18
[Table] MQ/CE SAT 填 hash=0x4a7e502e4c98e229
[Table] MQ/CE SAT 填 hash=0xe05ab57df6862e89
[Table] MQ/CE SAT 填 hash=0xab48e825cb7cd4b9
[Table] MQ/CE SAT 填 hash=0xde0474cfc0ba7e45
[Table] MQ/CE SAT 填 hash=0x2cdb3117865b63ad
[Table] MQ/CE SAT 填 hash=0x7be45ecd0c2c3c7f
[Table] MQ/CE SAT 填 hash=0xf947e35283d14cff
[Barrier] Learner 10 到達/重返, 等待人數: 18/18
[Global EQ] 啟動 Leader SAT 尋找反例
[Barrier] Learner 10 到達/重返, 等待人數: 1/18
[Barrier] Learner 9 到達/重返, 等待人數: 2/18
[Barrier] Learner 11 到達/重返, 等待人數: 3/18
[Barrier] Learner 2 到達/重返, 等待人數: 4/18
[Barrier] Learner 15 到達/重返, 等待人數: 5/18
[Barrier] Learner 16 到達/重返, 等待人數: 6/18
[Barrier] Learner 0 到達/重返, 等待人數: 7/18
[Barrier] Learner 13 到達/重返, 等待人數: 8/18
[Barrier] Learner 7 到達/重返, 等待人數: 9/18
[Barrier] Learner 14 到達/重返, 等待人數: 10/18
[Barrier] Learner 4 到達/重返, 等待人數: 11/18
[Barrier] Learner 3 到達/重返, 等待人數: 12/18
[Barrier] Learner 5 到達/重返, 等待人數: 13/18
[Barrier] Learner 17 到達/重返, 等待人數: 14/18
[Barrier] Learner 6 到達/重返, 等待人數: 15/18
[Barrier] Learner 1 到達/重返, 等待人數: 16/18
[Table] MQ/CE SAT 填 hash=0xba2e9cc2748076db
[Table] MQ/CE SAT 填 hash=0x851ccf6a49771d0b
[Table] MQ/CE SAT 填 hash=0xb7d85c143eb4c697
[Table] MQ/CE SAT 填 hash=0xf3fd12ea55f829df
[Barrier] Learner 8 到達/重返, 等待人數: 17/18
[Barrier] Learner 12 到達/重返, 等待人數: 18/18
[Global EQ] 啟動 Leader SAT 尋找反例
[Barrier] Learner 10 到達/重返, 等待人數: 1/18
[Barrier] Learner 11 到達/重返, 等待人數: 2/18
[Barrier] Learner 4 到達/重返, 等待人數: 3/18
[Barrier] Learner 2 到達/重返, 等待人數: 4/18
[Barrier] Learner 5 到達/重返, 等待人數: 5/18
[Barrier] Learner 0 到達/重返, 等待人數: 6/18
[Barrier] Learner 3 到達/重返, 等待人數: 7/18
[Barrier] Learner 17 到達/重返, 等待人數: 8/18
[Barrier] Learner 15 到達/重返, 等待人數: 9/18
[Barrier] Learner 13 到達/重返, 等待人數: 10/18
[Barrier] Learner 14 到達/重返, 等待人數: 11/18
[Barrier] Learner 9 到達/重返, 等待人數: 12/18
[Barrier] Learner 7 到達/重返, 等待人數: 13/18
[Barrier] Learner 6 到達/重返, 等待人數: 14/18
[Barrier] Learner 1 到達/重返, 等待人數: 15/18
[Barrier] Learner 8 到達/重返, 等待人數: 16/18
[Barrier] Learner 16 到達/重返, 等待人數: 17/18
[Table] MQ/CE SAT 填 hash=0xa67264c7f8a6942f
[Barrier] Learner 12 到達/重返, 等待人數: 18/18
[Global EQ] 啟動 Leader SAT 尋找反例
[Barrier] Learner 5 到達/重返, 等待人數: 1/18
[Barrier] Learner 1 到達/重返, 等待人數: 2/18
[Barrier] Learner 9 到達/重返, 等待人數: 3/18
[Barrier] Learner 17 到達/重返, 等待人數: 4/18
[Barrier] Learner 16 到達/重返, 等待人數: 5/18
[Barrier] Learner 3 到達/重返, 等待人數: 6/18
[Barrier] Learner 7 到達/重返, 等待人數: 7/18
[Barrier] Learner 2 到達/重返, 等待人數: 8/18
[Barrier] Learner 4 到達/重返, 等待人數: 9/18
[Barrier] Learner 0 到達/重返, 等待人數: 10/18
[Barrier] Learner 14 到達/重返, 等待人數: 11/18
[Barrier] Learner 15 到達/重返, 等待人數: 12/18
[Barrier] Learner 6 到達/重返, 等待人數: 13/18
[Barrier] Learner 13 到達/重返, 等待人數: 14/18
[Barrier] Learner 11 到達/重返, 等待人數: 15/18
[Barrier] Learner 10 到達/重返, 等待人數: 16/18
[Barrier] Learner 12 到達/重返, 等待人數: 17/18
[Table] MQ/CE SAT 填 hash=0x19ef023125e808df
[Barrier] Learner 8 到達/重返, 等待人數: 18/18
[Global EQ] 啟動 Leader SAT 尋找反例
[Barrier] Learner 8 到達/重返, 等待人數: 1/18
[Barrier] Learner 13 到達/重返, 等待人數: 2/18
[Barrier] Learner 3 到達/重返, 等待人數: 3/18
[Barrier] Learner 17 到達/重返, 等待人數: 4/18
[Barrier] Learner 4 到達/重返, 等待人數: 5/18
[Barrier] Learner 2 到達/重返, 等待人數: 6/18
[Barrier] Learner 5 到達/重返, 等待人數: 7/18
[Barrier] Learner 7 到達/重返, 等待人數: 8/18
[Barrier] Learner 0 到達/重返, 等待人數: 9/18
[Barrier] Learner 10 到達/重返, 等待人數: 10/18
[Barrier] Learner 15 到達/重返, 等待人數: 11/18
[Barrier] Learner 14 到達/重返, 等待人數: 12/18
[Barrier] Learner 9 到達/重返, 等待人數: 13/18
[Barrier] Learner 16 到達/重返, 等待人數: 14/18
[Barrier] Learner 1 到達/重返, 等待人數: 15/18
[Barrier] Learner 11 到達/重返, 等待人數: 16/18
[Barrier] Learner 6 到達/重返, 等待人數: 17/18
[Table] MQ/CE SAT 填 hash=0x11a032011c35a85b
[Table] MQ/CE SAT 填 hash=0x4dc4e8d733790ba3
[Barrier] Learner 12 到達/重返, 等待人數: 18/18
[Global EQ] 啟動 Leader SAT 尋找反例
[Barrier] Learner 10 到達/重返, 等待人數: 1/18
[Barrier] Learner 16 到達/重返, 等待人數: 2/18
[Barrier] Learner 12 到達/重返, 等待人數: 3/18
[Barrier] Learner 14 到達/重返, 等待人數: 4/18
[Barrier] Learner 3 到達/重返, 等待人數: 5/18
[Barrier] Learner 8 到達/重返, 等待人數: 6/18
[Barrier] Learner 1 到達/重返, 等待人數: 7/18
[Barrier] Learner 2 到達/重返, 等待人數: 8/18
[Barrier] Learner 4 到達/重返, 等待人數: 9/18
[Barrier] Learner 0 到達/重返, 等待人數: 10/18
[Barrier] Learner 5 到達/重返, 等待人數: 11/18
[Barrier] Learner 7 到達/重返, 等待人數: 12/18
[Barrier] Learner 17 到達/重返, 等待人數: 13/18
[Barrier] Learner 15 到達/重返, 等待人數: 14/18
[Barrier] Learner 9 到達/重返, 等待人數: 15/18
[Barrier] Learner 11 到達/重返, 等待人數: 16/18
[Barrier] Learner 6 到達/重返, 等待人數: 17/18
[Barrier] Learner 13 到達/重返, 等待人數: 18/18
[Global EQ] 啟動 Leader SAT 尋找反例
[Table] MQ/CE SAT 填 hash=0x3c8eba6471191a1b
[Barrier] Learner 5 到達/重返, 等待人數: 1/18
[Barrier] Learner 9 到達/重返, 等待人數: 2/18
[Barrier] Learner 8 到達/重返, 等待人數: 3/18
[Barrier] Learner 14 到達/重返, 等待人數: 4/18
[Barrier] Learner 10 到達/重返, 等待人數: 5/18
[Barrier] Learner 15 到達/重返, 等待人數: 6/18
[Barrier] Learner 0 到達/重返, 等待人數: 7/18
[Barrier] Learner 16 到達/重返, 等待人數: 8/18
[Barrier] Learner 4 到達/重返, 等待人數: 9/18
[Barrier] Learner 12 到達/重返, 等待人數: 10/18
[Barrier] Learner 6 到達/重返, 等待人數: 11/18
[Barrier] Learner 1 到達/重返, 等待人數: 12/18
[Barrier] Learner 3 到達/重返, 等待人數: 13/18
[Barrier] Learner 13 到達/重返, 等待人數: 14/18
[Barrier] Learner 11 到達/重返, 等待人數: 15/18
[Barrier] Learner 2 到達/重返, 等待人數: 16/18
[Barrier] Learner 17 到達/重返, 等待人數: 17/18
[Table] MQ/CE SAT 填 hash=0xd717a110869dc703
[Table] MQ/CE SAT 填 hash=0x8055663970873483
[Barrier] Learner 7 到達/重返, 等待人數: 18/18
[Global EQ] 啟動 Leader SAT 尋找反例
[Barrier] Learner 7 到達/重返, 等待人數: 1/18
[Barrier] Learner 15 到達/重返, 等待人數: 2/18
[Barrier] Learner 0 到達/重返, 等待人數: 3/18
[Barrier] Learner 17 到達/重返, 等待人數: 4/18
[Barrier] Learner 8 到達/重返, 等待人數: 5/18
[Barrier] Learner 6 到達/重返, 等待人數: 6/18
[Barrier] Learner 13 到達/重返, 等待人數: 7/18
[Barrier] Learner 16 到達/重返, 等待人數: 8/18
[Barrier] Learner 1 到達/重返, 等待人數: 9/18
[Barrier] Learner 11 到達/重返, 等待人數: 10/18
[Barrier] Learner 5 到達/重返, 等待人數: 11/18
[Barrier] Learner 14 到達/重返, 等待人數: 12/18
[Barrier] Learner 9 到達/重返, 等待人數: 13/18
[Barrier] Learner 10 到達/重返, 等待人數: 14/18
[Barrier] Learner 2 到達/重返, 等待人數: 15/18
[Barrier] Learner 4 到達/重返, 等待人數: 16/18
[Barrier] Learner 12 到達/重返, 等待人數: 17/18
[Table] MQ/CE SAT 填 hash=0x68032111061b6d39
[Table] MQ/CE SAT 填 hash=0xd226bbc15c2e20d9
[Table] MQ/CE SAT 填 hash=0xc577d896dedeb676
[Table] MQ/CE SAT 填 hash=0x27009a5052dd1dfe
[Table] MQ/CE SAT 填 hash=0x309c35ea3512cb24
[Table] MQ/CE SAT 填 hash=0x584a1d671c45d334
[Table] MQ/CE SAT 填 hash=0x89c9c35ef40b25b4
[Table] MQ/CE SAT 填 hash=0xe8caf74c89251a54
[Barrier] Learner 3 到達/重返, 等待人數: 18/18
[Global EQ] 啟動 Leader SAT 尋找反例
[Barrier] Learner 3 到達/重返, 等待人數: 1/18
[Barrier] Learner 2 到達/重返, 等待人數: 2/18
[Barrier] Learner 14 到達/重返, 等待人數: 3/18
[Barrier] Learner 8 到達/重返, 等待人數: 4/18
[Barrier] Learner 13 到達/重返, 等待人數: 5/18
[Barrier] Learner 16 到達/重返, 等待人數: 6/18
[Barrier] Learner 9 到達/重返, 等待人數: 7/18
[Barrier] Learner 15 到達/重返, 等待人數: 8/18
[Barrier] Learner 4 到達/重返, 等待人數: 9/18
[Barrier] Learner 5 到達/重返, 等待人數: 10/18
[Barrier] Learner 11 到達/重返, 等待人數: 11/18
[Barrier] Learner 12 到達/重返, 等待人數: 12/18
[Barrier] Learner 17 到達/重返, 等待人數: 13/18
[Barrier] Learner 0 到達/重返, 等待人數: 14/18
[Barrier] Learner 10 到達/重返, 等待人數: 15/18
[Barrier] Learner 1 到達/重返, 等待人數: 16/18
[Barrier] Learner 7 到達/重返, 等待人數: 17/18
[Barrier] Learner 6 到達/重返, 等待人數: 18/18
[Global EQ] 啟動 Leader SAT 尋找反例
[Barrier] Learner 15 到達/重返, 等待人數: 1/18
[Barrier] Learner 1 到達/重返, 等待人數: 2/18
[Barrier] Learner 9 到達/重返, 等待人數: 3/18
[Barrier] Learner 3 到達/重返, 等待人數: 4/18
[Barrier] Learner 8 到達/重返, 等待人數: 5/18
[Barrier] Learner 4 到達/重返, 等待人數: 6/18
[Barrier] Learner 6 到達/重返, 等待人數: 7/18
[Barrier] Learner 11 到達/重返, 等待人數: 8/18
[Barrier] Learner 16 到達/重返, 等待人數: 9/18
[Barrier] Learner 17 到達/重返, 等待人數: 10/18
[Barrier] Learner 13 到達/重返, 等待人數: 11/18
[Barrier] Learner 14 到達/重返, 等待人數: 12/18
[Barrier] Learner 0 到達/重返, 等待人數: 13/18
[Barrier] Learner 7 到達/重返, 等待人數: 14/18
[Barrier] Learner 10 到達/重返, 等待人數: 15/18
[Barrier] Learner 12 到達/重返, 等待人數: 16/18
[Barrier] Learner 5 到達/重返, 等待人數: 17/18
[Barrier] Learner 2 到達/重返, 等待人數: 18/18
[Global EQ] 啟動 Leader SAT 尋找反例
[Table] MQ/CE SAT 填 hash=0xa555faf20d56265e
[Barrier] Learner 3 到達/重返, 等待人數: 1/18
[Barrier] Learner 4 到達/重返, 等待人數: 2/18
[Barrier] Learner 12 到達/重返, 等待人數: 3/18
[Barrier] Learner 1 到達/重返, 等待人數: 4/18
[Barrier] Learner 8 到達/重返, 等待人數: 5/18
[Barrier] Learner 0 到達/重返, 等待人數: 6/18
[Barrier] Learner 7 到達/重返, 等待人數: 7/18
[Barrier] Learner 16 到達/重返, 等待人數: 8/18
[Barrier] Learner 2 到達/重返, 等待人數: 9/18
[Barrier] Learner 11 到達/重返, 等待人數: 10/18
[Barrier] Learner 17 到達/重返, 等待人數: 11/18
[Barrier] Learner 14 到達/重返, 等待人數: 12/18
[Barrier] Learner 15 到達/重返, 等待人數: 13/18
[Barrier] Learner 10 到達/重返, 等待人數: 14/18
[Barrier] Learner 5 到達/重返, 等待人數: 15/18
[Barrier] Learner 9 到達/重返, 等待人數: 16/18
[Barrier] Learner 13 到達/重返, 等待人數: 17/18
[Table] MQ/CE SAT 填 hash=0x4de465b365a0f4de
[Table] MQ/CE SAT 填 hash=0x799d3052b97b8d9e
[Table] MQ/CE SAT 填 hash=0x448b62fa8e7233ce
[Table] MQ/CE SAT 填 hash=0xdf1449a6a3f6e0b6
[Table] MQ/CE SAT 填 hash=0x7432853458c9b81e
[Table] MQ/CE SAT 填 hash=0x4c032f53fb0c241a
[Table] MQ/CE SAT 填 hash=0x143f4fb5af18343b
[Table] MQ/CE SAT 填 hash=0x6c603f5be86c04bb
[Table] MQ/CE SAT 填 hash=0xed9e06074d89b63b
[Table] MQ/CE SAT 填 hash=0x2aa5933f4f73767b
[Table] MQ/CE SAT 填 hash=0xee22fdb1322ceeeb
[Table] MQ/CE SAT 填 hash=0xac58bcfcaeb9372a
[Table] MQ/CE SAT 填 hash=0xc652b323882b4c2
[Table] MQ/CE SAT 填 hash=0xe8e256ae465c8146
[Table] MQ/CE SAT 填 hash=0x3d813942bb513806
[Table] MQ/CE SAT 填 hash=0x113a8a3ff441c486
[Table] MQ/CE SAT 填 hash=0x16bf27a87d99f46
[Barrier] Learner 6 到達/重返, 等待人數: 18/18
[Global EQ] 啟動 Leader SAT 尋找反例
[Table] MQ/CE SAT 填 hash=0x82c66a320cfc0dce
[Barrier] Learner 1 到達/重返, 等待人數: 1/18
[Barrier] Learner 17 到達/重返, 等待人數: 2/18
[Barrier] Learner 3 到達/重返, 等待人數: 3/18
[Barrier] Learner 7 到達/重返, 等待人數: 4/18
[Barrier] Learner 12 到達/重返, 等待人數: 5/18
[Barrier] Learner 11 到達/重返, 等待人數: 6/18
[Barrier] Learner 5 到達/重返, 等待人數: 7/18
[Barrier] Learner 8 到達/重返, 等待人數: 8/18
[Barrier] Learner 4 到達/重返, 等待人數: 9/18
[Barrier] Learner 10 到達/重返, 等待人數: 10/18
[Barrier] Learner 0 到達/重返, 等待人數: 11/18
[Barrier] Learner 13 到達/重返, 等待人數: 12/18
[Barrier] Learner 9 到達/重返, 等待人數: 13/18
[Barrier] Learner 14 到達/重返, 等待人數: 14/18
[Barrier] Learner 16 到達/重返, 等待人數: 15/18
[Barrier] Learner 15 到達/重返, 等待人數: 16/18
[Barrier] Learner 2 到達/重返, 等待人數: 17/18
[Table] MQ/CE SAT 填 hash=0xda37ff70b4b13f4e
[Table] MQ/CE SAT 填 hash=0xae7f34d160d6a68e
[Table] MQ/CE SAT 填 hash=0x33efadea475b2866
[Table] MQ/CE SAT 填 hash=0xa88f57f0ea16f8e2
[Table] MQ/CE SAT 填 hash=0xda0efde8c1dc4b62
[Barrier] Learner 6 到達/重返, 等待人數: 18/18
[Global EQ] 啟動 Leader SAT 尋找反例
[Barrier] Learner 6 到達/重返, 等待人數: 1/18
[Barrier] Learner 17 到達/重返, 等待人數: 2/18
[Barrier] Learner 15 到達/重返, 等待人數: 3/18
[Barrier] Learner 16 到達/重返, 等待人數: 4/18
[Barrier] Learner 2 到達/重返, 等待人數: 5/18
[Barrier] Learner 7 到達/重返, 等待人數: 6/18
[Barrier] Learner 8 到達/重返, 等待人數: 7/18
[Barrier] Learner 5 到達/重返, 等待人數: 8/18
[Barrier] Learner 3 到達/重返, 等待人數: 9/18
[Barrier] Learner 14 到達/重返, 等待人數: 10/18
[Barrier] Learner 12 到達/重返, 等待人數: 11/18
[Barrier] Learner 13 到達/重返, 等待人數: 12/18
[Barrier] Learner 1 到達/重返, 等待人數: 13/18
[Barrier] Learner 4 到達/重返, 等待人數: 14/18
[Barrier] Learner 11 到達/重返, 等待人數: 15/18
[Barrier] Learner 0 到達/重返, 等待人數: 16/18
[Barrier] Learner 9 到達/重返, 等待人數: 17/18
[Table] MQ/CE SAT 填 hash=0xd4817015824cdd33
[Table] MQ/CE SAT 填 hash=0x73cfcbf778a86bf
[Barrier] Learner 10 到達/重返, 等待人數: 18/18
[Global EQ] 啟動 Leader SAT 尋找反例
[Barrier] Learner 10 到達/重返, 等待人數: 1/18
[Barrier] Learner 7 到達/重返, 等待人數: 2/18
[Barrier] Learner 17 到達/重返, 等待人數: 3/18
[Barrier] Learner 5 到達/重返, 等待人數: 4/18
[Barrier] Learner 8 到達/重返, 等待人數: 5/18
[Barrier] Learner 11 到達/重返, 等待人數: 6/18
[Barrier] Learner 13 到達/重返, 等待人數: 7/18
[Barrier] Learner 16 到達/重返, 等待人數: 8/18
[Barrier] Learner 0 到達/重返, 等待人數: 9/18
[Barrier] Learner 14 到達/重返, 等待人數: 10/18
[Barrier] Learner 4 到達/重返, 等待人數: 11/18
[Barrier] Learner 3 到達/重返, 等待人數: 12/18
[Barrier] Learner 2 到達/重返, 等待人數: 13/18
[Barrier] Learner 1 到達/重返, 等待人數: 14/18
[Barrier] Learner 12 到達/重返, 等待人數: 15/18
[Barrier] Learner 6 到達/重返, 等待人數: 16/18
[Barrier] Learner 15 到達/重返, 等待人數: 17/18
[Barrier] Learner 9 到達/重返, 等待人數: 18/18
[Global EQ] 啟動 Leader SAT 尋找反例
[Barrier] Learner 9 到達/重返, 等待人數: 1/18
[Barrier] Learner 16 到達/重返, 等待人數: 2/18
[Barrier] Learner 4 到達/重返, 等待人數: 3/18
[Barrier] Learner 11 到達/重返, 等待人數: 4/18
[Barrier] Learner 2 到達/重返, 等待人數: 5/18
[Barrier] Learner 8 到達/重返, 等待人數: 6/18
[Barrier] Learner 13 到達/重返, 等待人數: 7/18
[Barrier] Learner 1 到達/重返, 等待人數: 8/18
[Barrier] Learner 7 到達/重返, 等待人數: 9/18
[Barrier] Learner 14 到達/重返, 等待人數: 10/18
[Barrier] Learner 6 到達/重返, 等待人數: 11/18
[Barrier] Learner 12 到達/重返, 等待人數: 12/18
[Barrier] Learner 17 到達/重返, 等待人數: 13/18
[Barrier] Learner 15 到達/重返, 等待人數: 14/18
[Barrier] Learner 10 到達/重返, 等待人數: 15/18
[Barrier] Learner 0 到達/重返, 等待人數: 16/18
[Barrier] Learner 5 到達/重返, 等待人數: 17/18
[Table] MQ/CE SAT 填 hash=0xfd3b5b6a85288ac6
[Barrier] Learner 3 到達/重返, 等待人數: 18/18
[Global EQ] 啟動 Leader SAT 尋找反例
[Table] MQ/CE SAT 填 hash=0x6be2ffb8f5aeb14f
[Barrier] Learner 3 到達/重返, 等待人數: 1/18
[Barrier] Learner 8 到達/重返, 等待人數: 2/18
[Barrier] Learner 10 到達/重返, 等待人數: 3/18
[Barrier] Learner 5 到達/重返, 等待人數: 4/18
[Barrier] Learner 17 到達/重返, 等待人數: 5/18
[Barrier] Learner 1 到達/重返, 等待人數: 6/18
[Barrier] Learner 16 到達/重返, 等待人數: 7/18
[Barrier] Learner 0 到達/重返, 等待人數: 8/18
[Barrier] Learner 15 到達/重返, 等待人數: 9/18
[Barrier] Learner 14 到達/重返, 等待人數: 10/18
[Barrier] Learner 4 到達/重返, 等待人數: 11/18
[Barrier] Learner 9 到達/重返, 等待人數: 12/18
[Barrier] Learner 2 到達/重返, 等待人數: 13/18
[Barrier] Learner 11 到達/重返, 等待人數: 14/18
[Barrier] Learner 7 到達/重返, 等待人數: 15/18
[Barrier] Learner 6 到達/重返, 等待人數: 16/18
[Table] MQ/CE SAT 填 hash=0x979bca5849894a0f
[Table] MQ/CE SAT 填 hash=0xc35494f79d63e2cf
[Table] MQ/CE SAT 填 hash=0x64e03dae544ba083
[Table] MQ/CE SAT 填 hash=0xef0d5f96f13e7b8f
[Table] MQ/CE SAT 填 hash=0xd739ce7a0c12b967
[Table] MQ/CE SAT 填 hash=0x548478eadbb9cea7
[Table] MQ/CE SAT 填 hash=0x829aebe5971e02a7
[Table] MQ/CE SAT 填 hash=0xf5fffa2e47ca93af
[Table] MQ/CE SAT 填 hash=0xc3e929a2db4b7a67
[Table] MQ/CE SAT 填 hash=0xcdd0a44dea0cffab
[Table] MQ/CE SAT 填 hash=0x25f193f42360d02b
[Table] MQ/CE SAT 填 hash=0xa72f5a9f887e81ab
[Barrier] Learner 12 到達/重返, 等待人數: 17/18
[Barrier] Learner 13 到達/重返, 等待人數: 18/18
[Global EQ] 啟動 Leader SAT 尋找反例
[Barrier] Learner 13 到達/重返, 等待人數: 1/18
[Barrier] Learner 6 到達/重返, 等待人數: 2/18
[Barrier] Learner 11 到達/重返, 等待人數: 3/18
[Barrier] Learner 14 到達/重返, 等待人數: 4/18
[Barrier] Learner 4 到達/重返, 等待人數: 5/18
[Barrier] Learner 3 到達/重返, 等待人數: 6/18
[Barrier] Learner 9 到達/重返, 等待人數: 7/18
[Barrier] Learner 17 到達/重返, 等待人數: 8/18
[Barrier] Learner 0 到達/重返, 等待人數: 9/18
[Barrier] Learner 15 到達/重返, 等待人數: 10/18
[Barrier] Learner 2 到達/重返, 等待人數: 11/18
[Barrier] Learner 10 到達/重返, 等待人數: 12/18
[Barrier] Learner 16 到達/重返, 等待人數: 13/18
[Barrier] Learner 5 到達/重返, 等待人數: 14/18
[Barrier] Learner 1 到達/重返, 等待人數: 15/18
[Barrier] Learner 8 到達/重返, 等待人數: 16/18
[Barrier] Learner 12 到達/重返, 等待人數: 17/18
[Table] MQ/CE SAT 填 hash=0x879c11a07217c13b
[Table] MQ/CE SAT 填 hash=0x5be347011e3d287b
[Table] MQ/CE SAT 填 hash=0x7f3bed43ae710bb
[Table] MQ/CE SAT 填 hash=0xc5f626af651af9fb
[Barrier] Learner 7 到達/重返, 等待人數: 18/18
[Global EQ] 啟動 Leader SAT 尋找反例
[Barrier] Learner 7 到達/重返, 等待人數: 1/18
[Barrier] Learner 16 到達/重返, 等待人數: 2/18
[Barrier] Learner 17 到達/重返, 等待人數: 3/18
[Barrier] Learner 12 到達/重返, 等待人數: 4/18
[Barrier] Learner 13 到達/重返, 等待人數: 5/18
[Barrier] Learner 15 到達/重返, 等待人數: 6/18
[Barrier] Learner 11 到達/重返, 等待人數: 7/18
[Barrier] Learner 1 到達/重返, 等待人數: 8/18
[Barrier] Learner 5 到達/重返, 等待人數: 9/18
[Barrier] Learner 2 到達/重返, 等待人數: 10/18
[Barrier] Learner 14 到達/重返, 等待人數: 11/18
[Barrier] Learner 10 到達/重返, 等待人數: 12/18
[Barrier] Learner 6 到達/重返, 等待人數: 13/18
[Barrier] Learner 3 到達/重返, 等待人數: 14/18
[Barrier] Learner 4 到達/重返, 等待人數: 15/18
[Barrier] Learner 0 到達/重返, 等待人數: 16/18
[Barrier] Learner 8 到達/重返, 等待人數: 17/18
[Table] MQ/CE SAT 填 hash=0xa0630e07109ca8cb
[Table] MQ/CE SAT 填 hash=0xb9c0d45c0b3b7d91
[Table] MQ/CE SAT 填 hash=0x10830f3321521011
[Barrier] Learner 9 到達/重返, 等待人數: 18/18
[Global EQ] 啟動 Leader SAT 尋找反例
[Barrier] Learner 9 到達/重返, 等待人數: 1/18
[Barrier] Learner 4 到達/重返, 等待人數: 2/18
[Barrier] Learner 0 到達/重返, 等待人數: 3/18
[Barrier] Learner 7 到達/重返, 等待人數: 4/18
[Barrier] Learner 2 到達/重返, 等待人數: 5/18
[Barrier] Learner 13 到達/重返, 等待人數: 6/18
[Barrier] Learner 15 到達/重返, 等待人數: 7/18
[Barrier] Learner 11 到達/重返, 等待人數: 8/18
[Barrier] Learner 10 到達/重返, 等待人數: 9/18
[Barrier] Learner 14 到達/重返, 等待人數: 10/18
[Barrier] Learner 8 到達/重返, 等待人數: 11/18
[Barrier] Learner 16 到達/重返, 等待人數: 12/18
[Barrier] Learner 6 到達/重返, 等待人數: 13/18
[Barrier] Learner 5 到達/重返, 等待人數: 14/18
[Barrier] Learner 12 到達/重返, 等待人數: 15/18
[Barrier] Learner 17 到達/重返, 等待人數: 16/18
[Barrier] Learner 3 到達/重返, 等待人數: 17/18
[Table] MQ/CE SAT 填 hash=0x6e0ab6fe277c910c
[Table] MQ/CE SAT 填 hash=0x87687d53221b65d2
[Table] MQ/CE SAT 填 hash=0xdc075fe797101c92
[Table] MQ/CE SAT 填 hash=0xe8b64312145f86f5
[Table] MQ/CE SAT 填 hash=0x9305b45c4ed9e255
[Table] MQ/CE SAT 填 hash=0xab9d0f6f313d9381
[Barrier] Learner 1 到達/重返, 等待人數: 18/18
[Global EQ] 啟動 Leader SAT 尋找反例
[Barrier] Learner 17 到達/重返, 等待人數: 1/18
[Barrier] Learner 2 到達/重返, 等待人數: 2/18
[Barrier] Learner 8 到達/重返, 等待人數: 3/18
[Barrier] Learner 6 到達/重返, 等待人數: 4/18
[Barrier] Learner 15 到達/重返, 等待人數: 5/18
[Barrier] Learner 12 到達/重返, 等待人數: 6/18
[Barrier] Learner 5 到達/重返, 等待人數: 7/18
[Barrier] Learner 13 到達/重返, 等待人數: 8/18
[Barrier] Learner 14 到達/重返, 等待人數: 9/18
[Barrier] Learner 10 到達/重返, 等待人數: 10/18
[Barrier] Learner 16 到達/重返, 等待人數: 11/18
[Barrier] Learner 4 到達/重返, 等待人數: 12/18
[Barrier] Learner 0 到達/重返, 等待人數: 13/18
[Barrier] Learner 11 到達/重返, 等待人數: 14/18
[Barrier] Learner 9 到達/重返, 等待人數: 15/18
[Table] MQ/CE SAT 填 hash=0xac97ce5e4ea63816
[Table] MQ/CE SAT 填 hash=0x5672a5e7475a54c3
[Table] MQ/CE SAT 填 hash=0xd3d62a6cbeff6543
[Barrier] Learner 1 到達/重返, 等待人數: 16/18
[Barrier] Learner 3 到達/重返, 等待人數: 17/18
[Table] MQ/CE SAT 填 hash=0xd13daf7fb646c75e
[Table] MQ/CE SAT 填 hash=0x9c2be2278b3d6d8e
[Table] MQ/CE SAT 填 hash=0x82ce1bd2909e98c8
[Table] MQ/CE SAT 填 hash=0x67813d6a002cca90
[Table] MQ/CE SAT 填 hash=0xb2105b30da963644
[Table] MQ/CE SAT 填 hash=0x37352a2520d2cafd
[Table] MQ/CE SAT 填 hash=0xe1849b6f5b4d265d
[Table] MQ/CE SAT 填 hash=0x5ee81ff4d2f236dd
[Table] MQ/CE SAT 填 hash=0xcbcdb24d4c90831d
[Table] MQ/CE SAT 填 hash=0x855f06e587854e8d
[Barrier] Learner 7 到達/重返, 等待人數: 18/18
[Global EQ] 啟動 Leader SAT 尋找反例
[Barrier] Learner 7 到達/重返, 等待人數: 1/18
[Barrier] Learner 2 到達/重返, 等待人數: 2/18
[Barrier] Learner 14 到達/重返, 等待人數: 3/18
[Barrier] Learner 15 到達/重返, 等待人數: 4/18
[Barrier] Learner 4 到達/重返, 等待人數: 5/18
[Barrier] Learner 0 到達/重返, 等待人數: 6/18
[Barrier] Learner 10 到達/重返, 等待人數: 7/18
[Barrier] Learner 16 到達/重返, 等待人數: 8/18
[Barrier] Learner 5 到達/重返, 等待人數: 9/18
[Barrier] Learner 9 到達/重返, 等待人數: 10/18
[Barrier] Learner 13 到達/重返, 等待人數: 11/18
[Barrier] Learner 8 到達/重返, 等待人數: 12/18
[Barrier] Learner 11 到達/重返, 等待人數: 13/18
[Barrier] Learner 12 到達/重返, 等待人數: 14/18
[Barrier] Learner 6 到達/重返, 等待人數: 15/18
[Barrier] Learner 17 到達/重返, 等待人數: 16/18
[Barrier] Learner 1 到達/重返, 等待人數: 17/18
[Table] MQ/CE SAT 填 hash=0x434d187c53a3e545
[Table] MQ/CE SAT 填 hash=0x369e3551d6547ae2
[Table] MQ/CE SAT 填 hash=0x8b3d17e64b4931a2
[Table] MQ/CE SAT 填 hash=0x36155f412e0c03f2
[Table] MQ/CE SAT 填 hash=0xa34b9ce885646bde
[Barrier] Learner 3 到達/重返, 等待人數: 18/18
[Global EQ] 啟動 Leader SAT 尋找反例
[Table] MQ/CE SAT 填 hash=0x1f9b235101d46276
[Barrier] Learner 4 到達/重返, 等待人數: 1/18
[Barrier] Learner 10 到達/重返, 等待人數: 2/18
[Barrier] Learner 8 到達/重返, 等待人數: 3/18
[Barrier] Learner 6 到達/重返, 等待人數: 4/18
[Barrier] Learner 2 到達/重返, 等待人數: 5/18
[Barrier] Learner 5 到達/重返, 等待人數: 6/18
[Barrier] Learner 13 到達/重返, 等待人數: 7/18
[Barrier] Learner 1 到達/重返, 等待人數: 8/18
[Barrier] Learner 17 到達/重返, 等待人數: 9/18
[Barrier] Learner 14 到達/重返, 等待人數: 10/18
[Barrier] Learner 7 到達/重返, 等待人數: 11/18
[Barrier] Learner 15 到達/重返, 等待人數: 12/18
[Barrier] Learner 16 到達/重返, 等待人數: 13/18
[Barrier] Learner 3 到達/重返, 等待人數: 14/18
[Barrier] Learner 9 到達/重返, 等待人數: 15/18
[Barrier] Learner 12 到達/重返, 等待人數: 16/18
[Barrier] Learner 11 到達/重返, 等待人數: 17/18
[Barrier] Learner 0 到達/重返, 等待人數: 18/18
[Global EQ] 啟動 Leader SAT 尋找反例
[Barrier] Learner 7 到達/重返, 等待人數: 1/18
[Barrier] Learner 1 到達/重返, 等待人數: 2/18
[Barrier] Learner 3 到達/重返, 等待人數: 3/18
[Barrier] Learner 0 到達/重返, 等待人數: 4/18
[Barrier] Learner 6 到達/重返, 等待人數: 5/18
[Barrier] Learner 4 到達/重返, 等待人數: 6/18
[Barrier] Learner 8 到達/重返, 等待人數: 7/18
[Barrier] Learner 12 到達/重返, 等待人數: 8/18
[Barrier] Learner 16 到達/重返, 等待人數: 9/18
[Barrier] Learner 14 到達/重返, 等待人數: 10/18
[Barrier] Learner 17 到達/重返, 等待人數: 11/18
[Barrier] Learner 15 到達/重返, 等待人數: 12/18
[Barrier] Learner 11 到達/重返, 等待人數: 13/18
[Barrier] Learner 13 到達/重返, 等待人數: 14/18
[Barrier] Learner 5 到達/重返, 等待人數: 15/18
[Barrier] Learner 10 到達/重返, 等待人數: 16/18
[Barrier] Learner 2 到達/重返, 等待人數: 17/18
[Table] MQ/CE SAT 填 hash=0x3ca5cb3ef7b59eb5
[Table] MQ/CE SAT 填 hash=0x22e0dc4f5d1e131d
[Table] MQ/CE SAT 填 hash=0xc71e974c34f066e0
[Table] MQ/CE SAT 填 hash=0x1bbd79e0a9e51da0
[Table] MQ/CE SAT 填 hash=0x1729c0ad94f51600
[Table] MQ/CE SAT 填 hash=0x48a966a56cba6880
[Table] MQ/CE SAT 填 hash=0x24f4775cdbb2e970
[Table] MQ/CE SAT 填 hash=0x19b80cae31e7862c
[Barrier] Learner 9 到達/重返, 等待人數: 18/18
[Global EQ] 啟動 Leader SAT 尋找反例
[Barrier] Learner 9 到達/重返, 等待人數: 1/18
[Barrier] Learner 2 到達/重返, 等待人數: 2/18
[Barrier] Learner 0 到達/重返, 等待人數: 3/18
[Barrier] Learner 17 到達/重返, 等待人數: 4/18
[Barrier] Learner 4 到達/重返, 等待人數: 5/18
[Barrier] Learner 10 到達/重返, 等待人數: 6/18
[Barrier] Learner 8 到達/重返, 等待人數: 7/18
[Barrier] Learner 11 到達/重返, 等待人數: 8/18
[Barrier] Learner 15 到達/重返, 等待人數: 9/18
[Barrier] Learner 1 到達/重返, 等待人數: 10/18
[Barrier] Learner 14 到達/重返, 等待人數: 11/18
[Barrier] Learner 12 到達/重返, 等待人數: 12/18
[Barrier] Learner 3 到達/重返, 等待人數: 13/18
[Barrier] Learner 16 到達/重返, 等待人數: 14/18
[Barrier] Learner 13 到達/重返, 等待人數: 15/18
[Barrier] Learner 7 到達/重返, 等待人數: 16/18
[Barrier] Learner 5 到達/重返, 等待人數: 17/18
[Table] MQ/CE SAT 填 hash=0x98315fa627f3e57
[Barrier] Learner 6 到達/重返, 等待人數: 18/18
[Global EQ] 啟動 Leader SAT 尋找反例
[Barrier] Learner 6 到達/重返, 等待人數: 1/18
[Barrier] Learner 13 到達/重返, 等待人數: 2/18
[Barrier] Learner 15 到達/重返, 等待人數: 3/18
[Barrier] Learner 14 到達/重返, 等待人數: 4/18
[Barrier] Learner 11 到達/重返, 等待人數: 5/18
[Barrier] Learner 0 到達/重返, 等待人數: 6/18
[Barrier] Learner 10 到達/重返, 等待人數: 7/18
[Barrier] Learner 12 到達/重返, 等待人數: 8/18
[Barrier] Learner 5 到達/重返, 等待人數: 9/18
[Barrier] Learner 3 到達/重返, 等待人數: 10/18
[Barrier] Learner 4 到達/重返, 等待人數: 11/18
[Barrier] Learner 1 到達/重返, 等待人數: 12/18
[Barrier] Learner 16 到達/重返, 等待人數: 13/18
[Barrier] Learner 2 到達/重返, 等待人數: 14/18
[Barrier] Learner 8 到達/重返, 等待人數: 15/18
[Barrier] Learner 17 到達/重返, 等待人數: 16/18
[Barrier] Learner 7 到達/重返, 等待人數: 17/18
[Table] MQ/CE SAT 填 hash=0xc76f5749f8dfe103
[Table] MQ/CE SAT 填 hash=0x33d90b3539e74c3b
[Table] MQ/CE SAT 填 hash=0xcebdc3793a8adeee
[Table] MQ/CE SAT 填 hash=0xa2771476737b6b6e
[Barrier] Learner 9 到達/重返, 等待人數: 18/18
[Global EQ] 啟動 Leader SAT 尋找反例
[Barrier] Learner 9 到達/重返, 等待人數: 1/18
[Barrier] Learner 12 到達/重返, 等待人數: 2/18
[Barrier] Learner 11 到達/重返, 等待人數: 3/18
[Barrier] Learner 3 到達/重返, 等待人數: 4/18
[Barrier] Learner 14 到達/重返, 等待人數: 5/18
[Barrier] Learner 15 到達/重返, 等待人數: 6/18
[Barrier] Learner 1 到達/重返, 等待人數: 7/18
[Barrier] Learner 2 到達/重返, 等待人數: 8/18
[Barrier] Learner 8 到達/重返, 等待人數: 9/18
[Barrier] Learner 6 到達/重返, 等待人數: 10/18
[Barrier] Learner 13 到達/重返, 等待人數: 11/18
[Barrier] Learner 0 到達/重返, 等待人數: 12/18
[Barrier] Learner 4 到達/重返, 等待人數: 13/18
[Barrier] Learner 17 到達/重返, 等待人數: 14/18
[Barrier] Learner 5 到達/重返, 等待人數: 15/18
[Barrier] Learner 10 到達/重返, 等待人數: 16/18
[Barrier] Learner 16 到達/重返, 等待人數: 17/18
[Table] MQ/CE SAT 填 hash=0xcf587cbd19c0b22f
[Barrier] Learner 7 到達/重返, 等待人數: 18/18
[Global EQ] 啟動 Leader SAT 尋找反例
[Barrier] Learner 15 到達/重返, 等待人數: 1/18
[Barrier] Learner 8 到達/重返, 等待人數: 2/18
[Barrier] Learner 4 到達/重返, 等待人數: 3/18
[Barrier] Learner 11 到達/重返, 等待人數: 4/18
[Barrier] Learner 0 到達/重返, 等待人數: 5/18
[Barrier] Learner 9 到達/重返, 等待人數: 6/18
[Barrier] Learner 3 到達/重返, 等待人數: 7/18
[Barrier] Learner 1 到達/重返, 等待人數: 8/18
[Barrier] Learner 5 到達/重返, 等待人數: 9/18
[Barrier] Learner 17 到達/重返, 等待人數: 10/18
[Barrier] Learner 10 到達/重返, 等待人數: 11/18
[Barrier] Learner 16 到達/重返, 等待人數: 12/18
[Barrier] Learner 13 到達/重返, 等待人數: 13/18
[Barrier] Learner 12 到達/重返, 等待人數: 14/18
[Barrier] Learner 14 到達/重返, 等待人數: 15/18
[Barrier] Learner 7 到達/重返, 等待人數: 16/18
[Barrier] Learner 6 到達/重返, 等待人數: 17/18
[Barrier] Learner 2 到達/重返, 等待人數: 18/18
[Global EQ] 啟動 Leader SAT 尋找反例
[Global EQ] SAT 證明全部正確 (UNSAT)！
Number of Variables Used : 32
Number of Variables Used : 32
Number of Variables Used : 32
Number of Variables Used : 32
Number of Variables Used : 32
[Learner 10 (dec5_x)] 收斂完成！
Number of Variables Used : 32
Number of Variables Used : 32
Number of Variables Used : 32
[Learner 5 (dec2_z)] 收斂完成！
[Learner 2 (dec1_x)] 收斂完成！
Number of Variables Used : 32
[Learner 0 (dec0_x)] 收斂完成！
Number of Variables Used : 32
Number of Variables Used : 32
Number of Variables Used : 32
[Learner 9 (dec4_z)] 收斂完成！
Number of Variables Used : 32
Number of Variables Used : 32
Number of Variables Used : 32
[Learner 11 (dec5_z)] 收斂完成！
[Learner 15 (dec7_z)] 收斂完成！
[Learner 1 (dec0_z)] 收斂完成！
Number of Variables Used : 32
[Learner 4 (dec2_x)] 收斂完成！
[Learner 6 (dec3_x)] 收斂完成！
Number of Variables Used : 32
[Learner 13 (dec6_z)] 收斂完成！
[Learner 16 (dec8_x)] 收斂完成！
Number of Variables Used : 32
[Learner 14 (dec7_x)] 收斂完成！
[Learner 8 (dec4_x)] 收斂完成！
[Learner 12 (dec6_x)] 收斂完成！
[Learner 3 (dec1_z)] 收斂完成！
[Learner 17 (dec8_z)] 收斂完成！
[Learner 7 (dec3_z)] 收斂完成！
Final Hash Table Entries: 548
Final Hash Table Entries: 485
Final Hash Table Entries: 948
Final Hash Table Entries: 382
