[Barrier] Learner 0 到達/重返, 等待人數: 1/10
[Barrier] Learner 8 到達/重返, 等待人數: 2/10
[Barrier] Learner 9 到達/重返, 等待人數: 3/10
[Barrier] Learner 2 到達/重返, 等待人數: 4/10
[Barrier] Learner 3 到達/重返, 等待人數: 5/10
[Barrier] Learner 6 到達/重返, 等待人數: 6/10
[Barrier] Learner 7 到達/重返, 等待人數: 7/10
[Barrier] Learner 4 到達/重返, 等待人數: 8/10
[Barrier] Learner 1 到達/重返, 等待人數: 9/10
[Barrier] Learner 5 到達/重返, 等待人數: 10/10
[Global EQ] 啟動 Leader SAT 尋找反例
[Table] MQ/CE SAT 填 hash=0xb6b85d2275e56192
[checkpoint] wrote /home/alan23273850/flag-analysis2/[[5,1,3]]_origin/decoder/cms/path_1_hr0_eq1_ok.txt
[Barrier] Learner 5 到達/重返, 等待人數: 1/10
[Barrier] Learner 2 到達/重返, 等待人數: 2/10
[Barrier] Learner 1 到達/重返, 等待人數: 3/10
[Barrier] Learner 7 到達/重返, 等待人數: 4/10
[Barrier] Learner 4 到達/重返, 等待人數: 5/10
[Barrier] Learner 3 到達/重返, 等待人數: 6/10
[Barrier] Learner 9 到達/重返, 等待人數: 7/10
[Barrier] Learner 0 到達/重返, 等待人數: 8/10
[Barrier] Learner 8 到達/重返, 等待人數: 9/10
[Barrier] Learner 6 到達/重返, 等待人數: 10/10
[Global EQ] 啟動 Leader SAT 尋找反例
[Table] MQ/CE SAT 填 hash=0x6afcfc16b60da23
[Barrier] Learner 1 到達/重返, 等待人數: 1/10
[Barrier] Learner 4 到達/重返, 等待人數: 2/10
[Barrier] Learner 0 到達/重返, 等待人數: 3/10
[Barrier] Learner 5 到達/重返, 等待人數: 4/10
[Barrier] Learner 2 到達/重返, 等待人數: 5/10
[Barrier] Learner 9 到達/重返, 等待人數: 6/10
[Barrier] Learner 3 到達/重返, 等待人數: 7/10
[Barrier] Learner 6 到達/重返, 等待人數: 8/10
[Barrier] Learner 8 到達/重返, 等待人數: 9/10
[Barrier] Learner 7 到達/重返, 等待人數: 10/10
[Global EQ] 啟動 Leader SAT 尋找反例
[Table] MQ/CE SAT 填 hash=0x7c0ad8acc7b9346d
[Barrier] Learner 7 到達/重返, 等待人數: 1/10
[Barrier] Learner 8 到達/重返, 等待人數: 2/10
[Barrier] Learner 3 到達/重返, 等待人數: 3/10
[Barrier] Learner 2 到達/重返, 等待人數: 4/10
[Barrier] Learner 1 到達/重返, 等待人數: 5/10
[Table] MQ/CE SAT 填 hash=0xa69eb4ff5657cb45
[Table] MQ/CE SAT 填 hash=0x66c0ea838069e901
[Table] MQ/CE SAT 填 hash=0x9154c6d60f087fd9
[Barrier] Learner 9 到達/重返, 等待人數: 6/10
[Table] MQ/CE SAT 填 hash=0xf165e19824118eb7
[Table] MQ/CE SAT 填 hash=0x1bf9bdeab2b0258f
[Barrier] Learner 5 到達/重返, 等待人數: 7/10
[Barrier] Learner 6 到達/重返, 等待人數: 8/10
[Barrier] Learner 4 到達/重返, 等待人數: 9/10
[Barrier] Learner 0 到達/重返, 等待人數: 10/10
[Global EQ] 啟動 Leader SAT 尋找反例
[Table] MQ/CE SAT 填 hash=0x415d5437198d0748
[Barrier] Learner 1 到達/重返, 等待人數: 1/10
[Barrier] Learner 9 到達/重返, 等待人數: 2/10
[Barrier] Learner 3 到達/重返, 等待人數: 3/10
[Barrier] Learner 2 到達/重返, 等待人數: 4/10
[Barrier] Learner 8 到達/重返, 等待人數: 5/10
[Barrier] Learner 0 到達/重返, 等待人數: 6/10
[Barrier] Learner 5 到達/重返, 等待人數: 7/10
[Barrier] Learner 7 到達/重返, 等待人數: 8/10
[Barrier] Learner 6 到達/重返, 等待人數: 9/10
[Barrier] Learner 4 到達/重返, 等待人數: 10/10
[Global EQ] 啟動 Leader SAT 尋找反例
[Table] MQ/CE SAT 填 hash=0xdc1bf36edcc2434b
[Barrier] Learner 4 到達/重返, 等待人數: 1/10
[Barrier] Learner 1 到達/重返, 等待人數: 2/10
[Barrier] Learner 2 到達/重返, 等待人數: 3/10
[Barrier] Learner 3 到達/重返, 等待人數: 4/10
[Barrier] Learner 9 到達/重返, 等待人數: 5/10
[Barrier] Learner 0 到達/重返, 等待人數: 6/10
[Barrier] Learner 7 到達/重返, 等待人數: 7/10
[Barrier] Learner 5 到達/重返, 等待人數: 8/10
[Barrier] Learner 6 到達/重返, 等待人數: 9/10
[Barrier] Learner 8 到達/重返, 等待人數: 10/10
[Global EQ] 啟動 Leader SAT 尋找反例
[Barrier] Learner 4 到達/重返, 等待人數: 1/10
[Barrier] Learner 1 到達/重返, 等待人數: 2/10
[Barrier] Learner 9 到達/重返, 等待人數: 3/10
[Barrier] Learner 5 到達/重返, 等待人數: 4/10
[Barrier] Learner 6 到達/重返, 等待人數: 5/10
[Barrier] Learner 0 到達/重返, 等待人數: 6/10
[Barrier] Learner 2 到達/重返, 等待人數: 7/10
[Barrier] Learner 7 到達/重返, 等待人數: 8/10
[Barrier] Learner 8 到達/重返, 等待人數: 9/10
[Table] MQ/CE SAT 填 hash=0xe14c39750483f86a
[Barrier] Learner 3 到達/重返, 等待人數: 10/10
[Global EQ] 啟動 Leader SAT 尋找反例
[Barrier] Learner 3 到達/重返, 等待人數: 1/10
[Barrier] Learner 9 到達/重返, 等待人數: 2/10
[Barrier] Learner 6 到達/重返, 等待人數: 3/10
[Barrier] Learner 5 到達/重返, 等待人數: 4/10
[Barrier] Learner 8 到達/重返, 等待人數: 5/10
[Barrier] Learner 4 到達/重返, 等待人數: 6/10
[Barrier] Learner 2 到達/重返, 等待人數: 7/10
[Barrier] Learner 1 到達/重返, 等待人數: 8/10
[Barrier] Learner 0 到達/重返, 等待人數: 9/10
[Table] MQ/CE SAT 填 hash=0xcc024b4bbd34acfe
[Barrier] Learner 7 到達/重返, 等待人數: 10/10
[Global EQ] 啟動 Leader SAT 尋找反例
[Barrier] Learner 9 到達/重返, 等待人數: 1/10
[Barrier] Learner 7 到達/重返, 等待人數: 2/10
[Barrier] Learner 3 到達/重返, 等待人數: 3/10
[Barrier] Learner 5 到達/重返, 等待人數: 4/10
[Barrier] Learner 1 到達/重返, 等待人數: 5/10
[Barrier] Learner 4 到達/重返, 等待人數: 6/10
[Barrier] Learner 6 到達/重返, 等待人數: 7/10
[Barrier] Learner 8 到達/重返, 等待人數: 8/10
[Barrier] Learner 2 到達/重返, 等待人數: 9/10
[Barrier] Learner 0 到達/重返, 等待人數: 10/10
[Global EQ] 啟動 Leader SAT 尋找反例
[Barrier] Learner 0 到達/重返, 等待人數: 1/10
[Barrier] Learner 7 到達/重返, 等待人數: 2/10
[Barrier] Learner 9 到達/重返, 等待人數: 3/10
[Barrier] Learner 5 到達/重返, 等待人數: 4/10
[Barrier] Learner 2 到達/重返, 等待人數: 5/10
[Barrier] Learner 6 到達/重返, 等待人數: 6/10
[Barrier] Learner 8 到達/重返, 等待人數: 7/10
[Barrier] Learner 4 到達/重返, 等待人數: 8/10
[Barrier] Learner 1 到達/重返, 等待人數: 9/10
[Barrier] Learner 3 到達/重返, 等待人數: 10/10
[Global EQ] 啟動 Leader SAT 尋找反例
[Barrier] Learner 6 到達/重返, 等待人數: 1/10
[Barrier] Learner 1 到達/重返, 等待人數: 2/10
[Barrier] Learner 5 到達/重返, 等待人數: 3/10
[Barrier] Learner 9 到達/重返, 等待人數: 4/10
[Barrier] Learner 4 到達/重返, 等待人數: 5/10
[Barrier] Learner 8 到達/重返, 等待人數: 6/10
[Barrier] Learner 7 到達/重返, 等待人數: 7/10
[Barrier] Learner 0 到達/重返, 等待人數: 8/10
[Barrier] Learner 2 到達/重返, 等待人數: 9/10
[Barrier] Learner 3 到達/重返, 等待人數: 10/10
[Global EQ] 啟動 Leader SAT 尋找反例
[Table] MQ/CE SAT 填 hash=0x16c977e48aee7070
[Barrier] Learner 3 到達/重返, 等待人數: 1/10
[Barrier] Learner 0 到達/重返, 等待人數: 2/10
[Barrier] Learner 9 到達/重返, 等待人數: 3/10
[Barrier] Learner 2 到達/重返, 等待人數: 4/10
[Barrier] Learner 6 到達/重返, 等待人數: 5/10
[Barrier] Learner 5 到達/重返, 等待人數: 6/10
[Barrier] Learner 4 到達/重返, 等待人數: 7/10
[Table] MQ/CE SAT 填 hash=0x2c13660dd23dbbdc
[Table] MQ/CE SAT 填 hash=0xa16e6ef92e961626
[Table] MQ/CE SAT 填 hash=0x56a7426060dc52b4
[Barrier] Learner 7 到達/重返, 等待人數: 8/10
[Barrier] Learner 8 到達/重返, 等待人數: 9/10
[Barrier] Learner 1 到達/重返, 等待人數: 10/10
[Global EQ] 啟動 Leader SAT 尋找反例
[Barrier] Learner 1 到達/重返, 等待人數: 1/10
[Barrier] Learner 8 到達/重返, 等待人數: 2/10
[Barrier] Learner 3 到達/重返, 等待人數: 3/10
[Barrier] Learner 7 到達/重返, 等待人數: 4/10
[Barrier] Learner 2 到達/重返, 等待人數: 5/10
[Barrier] Learner 6 到達/重返, 等待人數: 6/10
[Barrier] Learner 5 到達/重返, 等待人數: 7/10
[Barrier] Learner 9 到達/重返, 等待人數: 8/10
[Barrier] Learner 0 到達/重返, 等待人數: 9/10
[Barrier] Learner 4 到達/重返, 等待人數: 10/10
[Global EQ] 啟動 Leader SAT 尋找反例
[Barrier] Learner 3 到達/重返, 等待人數: 1/10
[Barrier] Learner 1 到達/重返, 等待人數: 2/10
[Barrier] Learner 2 到達/重返, 等待人數: 3/10
[Barrier] Learner 7 到達/重返, 等待人數: 4/10
[Barrier] Learner 4 到達/重返, 等待人數: 5/10
[Barrier] Learner 9 到達/重返, 等待人數: 6/10
[Barrier] Learner 8 到達/重返, 等待人數: 7/10
[Barrier] Learner 5 到達/重返, 等待人數: 8/10
[Barrier] Learner 0 到達/重返, 等待人數: 9/10
[Barrier] Learner 6 到達/重返, 等待人數: 10/10
[Global EQ] 啟動 Leader SAT 尋找反例
[Barrier] Learner 6 到達/重返, 等待人數: 1/10
[Barrier] Learner 3 到達/重返, 等待人數: 2/10
[Barrier] Learner 8 到達/重返, 等待人數: 3/10
[Barrier] Learner 0 到達/重返, 等待人數: 4/10
[Barrier] Learner 9 到達/重返, 等待人數: 5/10
[Barrier] Learner 7 到達/重返, 等待人數: 6/10
[Barrier] Learner 4 到達/重返, 等待人數: 7/10
[Barrier] Learner 2 到達/重返, 等待人數: 8/10
[Barrier] Learner 5 到達/重返, 等待人數: 9/10
[Barrier] Learner 1 到達/重返, 等待人數: 10/10
[Global EQ] 啟動 Leader SAT 尋找反例
[Barrier] Learner 1 到達/重返, 等待人數: 1/10
[Barrier] Learner 2 到達/重返, 等待人數: 2/10
[Barrier] Learner 3 到達/重返, 等待人數: 3/10
[Barrier] Learner 9 到達/重返, 等待人數: 4/10
[Barrier] Learner 0 到達/重返, 等待人數: 5/10
[Barrier] Learner 7 到達/重返, 等待人數: 6/10
[Barrier] Learner 4 到達/重返, 等待人數: 7/10
[Barrier] Learner 8 到達/重返, 等待人數: 8/10
[Barrier] Learner 5 到達/重返, 等待人數: 9/10
[Barrier] Learner 6 到達/重返, 等待人數: 10/10
[Global EQ] 啟動 Leader SAT 尋找反例
[Barrier] Learner 6 到達/重返, 等待人數: 1/10
[Barrier] Learner 3 到達/重返, 等待人數: 2/10
[Barrier] Learner 4 到達/重返, 等待人數: 3/10
[Barrier] Learner 5 到達/重返, 等待人數: 4/10
[Barrier] Learner 7 到達/重返, 等待人數: 5/10
[Barrier] Learner 0 到達/重返, 等待人數: 6/10
[Barrier] Learner 2 到達/重返, 等待人數: 7/10
[Barrier] Learner 1 到達/重返, 等待人數: 8/10
[Barrier] Learner 9 到達/重返, 等待人數: 9/10
[Barrier] Learner 8 到達/重返, 等待人數: 10/10
[Global EQ] 啟動 Leader SAT 尋找反例
[Barrier] Learner 6 到達/重返, 等待人數: 1/10
[Barrier] Learner 4 到達/重返, 等待人數: 2/10
[Barrier] Learner 7 到達/重返, 等待人數: 3/10
[Barrier] Learner 1 到達/重返, 等待人數: 4/10
[Barrier] Learner 9 到達/重返, 等待人數: 5/10
[Barrier] Learner 8 到達/重返, 等待人數: 6/10
[Barrier] Learner 5 到達/重返, 等待人數: 7/10
[Barrier] Learner 3 到達/重返, 等待人數: 8/10
[Barrier] Learner 2 到達/重返, 等待人數: 9/10
[Barrier] Learner 0 到達/重返, 等待人數: 10/10
[Global EQ] 啟動 Leader SAT 尋找反例
[Table] MQ/CE SAT 填 hash=0x74025d12ac6c7e37
[Barrier] Learner 7 到達/重返, 等待人數: 1/10
[Barrier] Learner 5 到達/重返, 等待人數: 2/10
[Barrier] Learner 4 到達/重返, 等待人數: 3/10
[Barrier] Learner 2 到達/重返, 等待人數: 4/10
[Barrier] Learner 1 到達/重返, 等待人數: 5/10
[Barrier] Learner 3 到達/重返, 等待人數: 6/10
[Barrier] Learner 8 到達/重返, 等待人數: 7/10
[Table] MQ/CE SAT 填 hash=0x9e9639653b0b150f
[Table] MQ/CE SAT 填 hash=0x894c4b3bf3bbc9a3
[Table] MQ/CE SAT 填 hash=0xaeafe1885a98ab5c
[Barrier] Learner 6 到達/重返, 等待人數: 8/10
[Barrier] Learner 9 到達/重返, 等待人數: 9/10
[Table] MQ/CE SAT 填 hash=0xd943bddae9374234
[Barrier] Learner 0 到達/重返, 等待人數: 10/10
[Global EQ] 啟動 Leader SAT 尋找反例
[Table] MQ/CE SAT 填 hash=0x293b3079deb2bac5
[Barrier] Learner 0 到達/重返, 等待人數: 1/10
[Barrier] Learner 5 到達/重返, 等待人數: 2/10
[Barrier] Learner 8 到達/重返, 等待人數: 3/10
[Barrier] Learner 3 到達/重返, 等待人數: 4/10
[Barrier] Learner 6 到達/重返, 等待人數: 5/10
[Barrier] Learner 9 到達/重返, 等待人數: 6/10
[Barrier] Learner 7 到達/重返, 等待人數: 7/10
[Barrier] Learner 4 到達/重返, 等待人數: 8/10
[Table] MQ/CE SAT 填 hash=0x63e8b4ef8cdee7ea
[Table] MQ/CE SAT 填 hash=0xfea75427501423ed
[Barrier] Learner 2 到達/重返, 等待人數: 9/10
[Barrier] Learner 1 到達/重返, 等待人數: 10/10
[Global EQ] 啟動 Leader SAT 尋找反例
[Barrier] Learner 1 到達/重返, 等待人數: 1/10
[Barrier] Learner 9 到達/重返, 等待人數: 2/10
[Barrier] Learner 8 到達/重返, 等待人數: 3/10
[Barrier] Learner 7 到達/重返, 等待人數: 4/10
[Barrier] Learner 5 到達/重返, 等待人數: 5/10
[Barrier] Learner 6 到達/重返, 等待人數: 6/10
[Barrier] Learner 2 到達/重返, 等待人數: 7/10
[Barrier] Learner 4 到達/重返, 等待人數: 8/10
[Barrier] Learner 0 到達/重返, 等待人數: 9/10
[Barrier] Learner 3 到達/重返, 等待人數: 10/10
[Global EQ] 啟動 Leader SAT 尋找反例
[Barrier] Learner 3 到達/重返, 等待人數: 1/10
[Barrier] Learner 2 到達/重返, 等待人數: 2/10
[Barrier] Learner 7 到達/重返, 等待人數: 3/10
[Barrier] Learner 1 到達/重返, 等待人數: 4/10
[Barrier] Learner 8 到達/重返, 等待人數: 5/10
[Barrier] Learner 9 到達/重返, 等待人數: 6/10
[Barrier] Learner 0 到達/重返, 等待人數: 7/10
[Barrier] Learner 4 到達/重返, 等待人數: 8/10
[Barrier] Learner 5 到達/重返, 等待人數: 9/10
[Barrier] Learner 6 到達/重返, 等待人數: 10/10
[Global EQ] 啟動 Leader SAT 尋找反例
[Barrier] Learner 6 到達/重返, 等待人數: 1/10
[Barrier] Learner 8 到達/重返, 等待人數: 2/10
[Barrier] Learner 7 到達/重返, 等待人數: 3/10
[Barrier] Learner 2 到達/重返, 等待人數: 4/10
[Barrier] Learner 1 到達/重返, 等待人數: 5/10
[Barrier] Learner 9 到達/重返, 等待人數: 6/10
[Barrier] Learner 5 到達/重返, 等待人數: 7/10
[Barrier] Learner 4 到達/重返, 等待人數: 8/10
[Barrier] Learner 3 到達/重返, 等待人數: 9/10
[Barrier] Learner 0 到達/重返, 等待人數: 10/10
[Global EQ] 啟動 Leader SAT 尋找反例
[Barrier] Learner 0 到達/重返, 等待人數: 1/10
[Barrier] Learner 7 到達/重返, 等待人數: 2/10
[Barrier] Learner 6 到達/重返, 等待人數: 3/10
[Barrier] Learner 1 到達/重返, 等待人數: 4/10
[Barrier] Learner 3 到達/重返, 等待人數: 5/10
[Barrier] Learner 4 到達/重返, 等待人數: 6/10
[Barrier] Learner 9 到達/重返, 等待人數: 7/10
[Barrier] Learner 5 到達/重返, 等待人數: 8/10
[Barrier] Learner 8 到達/重返, 等待人數: 9/10
[Barrier] Learner 2 到達/重返, 等待人數: 10/10
[Global EQ] 啟動 Leader SAT 尋找反例
[Barrier] Learner 2 到達/重返, 等待人數: 1/10
[Barrier] Learner 9 到達/重返, 等待人數: 2/10
[Barrier] Learner 6 到達/重返, 等待人數: 3/10
[Barrier] Learner 3 到達/重返, 等待人數: 4/10
[Barrier] Learner 0 到達/重返, 等待人數: 5/10
[Barrier] Learner 8 到達/重返, 等待人數: 6/10
[Barrier] Learner 1 到達/重返, 等待人數: 7/10
[Barrier] Learner 5 到達/重返, 等待人數: 8/10
[Barrier] Learner 4 到達/重返, 等待人數: 9/10
[Barrier] Learner 7 到達/重返, 等待人數: 10/10
[Global EQ] 啟動 Leader SAT 尋找反例
[Barrier] Learner 7 到達/重返, 等待人數: 1/10
[Barrier] Learner 9 到達/重返, 等待人數: 2/10
[Barrier] Learner 8 到達/重返, 等待人數: 3/10
[Barrier] Learner 6 到達/重返, 等待人數: 4/10
[Barrier] Learner 0 到達/重返, 等待人數: 5/10
[Barrier] Learner 3 到達/重返, 等待人數: 6/10
[Barrier] Learner 4 到達/重返, 等待人數: 7/10
[Barrier] Learner 5 到達/重返, 等待人數: 8/10
[Barrier] Learner 1 到達/重返, 等待人數: 9/10
[Barrier] Learner 2 到達/重返, 等待人數: 10/10
[Global EQ] 啟動 Leader SAT 尋找反例
[Barrier] Learner 9 到達/重返, 等待人數: 1/10
[Barrier] Learner 0 到達/重返, 等待人數: 2/10
[Barrier] Learner 7 到達/重返, 等待人數: 3/10
[Barrier] Learner 1 到達/重返, 等待人數: 4/10
[Barrier] Learner 5 到達/重返, 等待人數: 5/10
[Barrier] Learner 2 到達/重返, 等待人數: 6/10
[Barrier] Learner 6 到達/重返, 等待人數: 7/10
[Barrier] Learner 3 到達/重返, 等待人數: 8/10
[Barrier] Learner 8 到達/重返, 等待人數: 9/10
[Barrier] Learner 4 到達/重返, 等待人數: 10/10
[Global EQ] 啟動 Leader SAT 尋找反例
[Table] MQ/CE SAT 填 hash=0xa006aca6a94aaa8b
[Barrier] Learner 4 到達/重返, 等待人數: 1/10
[Barrier] Learner 7 到達/重返, 等待人數: 2/10
[Barrier] Learner 5 到達/重返, 等待人數: 3/10
[Barrier] Learner 0 到達/重返, 等待人數: 4/10
[Barrier] Learner 3 到達/重返, 等待人數: 5/10
[Barrier] Learner 1 到達/重返, 等待人數: 6/10
[Barrier] Learner 2 到達/重返, 等待人數: 7/10
[Table] MQ/CE SAT 填 hash=0xca9a88f937e94163
[Table] MQ/CE SAT 填 hash=0x1d6a312c20efbb0b
[Table] MQ/CE SAT 填 hash=0x47fe0d7eaf8e51e3
[Table] MQ/CE SAT 填 hash=0xb5509acff099f5f7
[Table] MQ/CE SAT 填 hash=0x2aaba3bb4cf25041
[Table] MQ/CE SAT 填 hash=0xdab4311c5776d7b0
[Table] MQ/CE SAT 填 hash=0x65592830fb1e7d66
[Table] MQ/CE SAT 填 hash=0x3ff591e494419bad
[Table] MQ/CE SAT 填 hash=0xe2bcacb672c38de6
[Table] MQ/CE SAT 填 hash=0xa80f2840c49760c1
[Table] MQ/CE SAT 填 hash=0xbd59166a0be6ac2d
[Barrier] Learner 6 到達/重返, 等待人數: 8/10
[Barrier] Learner 9 到達/重返, 等待人數: 9/10
[Table] MQ/CE SAT 填 hash=0x553f800ddb90e719
[Table] MQ/CE SAT 填 hash=0x6a896e3722e03285
[Table] MQ/CE SAT 填 hash=0x13f1425097636f59
[Barrier] Learner 8 到達/重返, 等待人數: 10/10
[Global EQ] 啟動 Leader SAT 尋找反例
[Table] MQ/CE SAT 填 hash=0x5eb86ee9651d32cb
[Barrier] Learner 3 到達/重返, 等待人數: 1/10
[Barrier] Learner 5 到達/重返, 等待人數: 2/10
[Barrier] Learner 4 到達/重返, 等待人數: 3/10
[Barrier] Learner 1 到達/重返, 等待人數: 4/10
[Barrier] Learner 0 到達/重返, 等待人數: 5/10
[Barrier] Learner 7 到達/重返, 等待人數: 6/10
[Barrier] Learner 2 到達/重返, 等待人數: 7/10
[Table] MQ/CE SAT 填 hash=0xe95d65fe08c4d881
[Barrier] Learner 8 到達/重返, 等待人數: 8/10
[Table] MQ/CE SAT 填 hash=0x9965f35f13495ff0
[Table] MQ/CE SAT 填 hash=0x240aea73b6f105a6
[Barrier] Learner 9 到達/重返, 等待人數: 9/10
[Barrier] Learner 6 到達/重返, 等待人數: 10/10
[Global EQ] 啟動 Leader SAT 尋找反例
[Barrier] Learner 3 到達/重返, 等待人數: 1/10
[Barrier] Learner 6 到達/重返, 等待人數: 2/10
[Barrier] Learner 8 到達/重返, 等待人數: 3/10
[Barrier] Learner 5 到達/重返, 等待人數: 4/10
[Barrier] Learner 7 到達/重返, 等待人數: 5/10
[Barrier] Learner 9 到達/重返, 等待人數: 6/10
[Barrier] Learner 2 到達/重返, 等待人數: 7/10
[Barrier] Learner 0 到達/重返, 等待人數: 8/10
[Barrier] Learner 1 到達/重返, 等待人數: 9/10
[Barrier] Learner 4 到達/重返, 等待人數: 10/10
[Global EQ] 啟動 Leader SAT 尋找反例
[Barrier] Learner 4 到達/重返, 等待人數: 1/10
[Barrier] Learner 8 到達/重返, 等待人數: 2/10
[Barrier] Learner 5 到達/重返, 等待人數: 3/10
[Barrier] Learner 3 到達/重返, 等待人數: 4/10
[Barrier] Learner 0 到達/重返, 等待人數: 5/10
[Barrier] Learner 7 到達/重返, 等待人數: 6/10
[Barrier] Learner 9 到達/重返, 等待人數: 7/10
[Barrier] Learner 2 到達/重返, 等待人數: 8/10
[Barrier] Learner 6 到達/重返, 等待人數: 9/10
[Barrier] Learner 1 到達/重返, 等待人數: 10/10
[Global EQ] 啟動 Leader SAT 尋找反例
[Barrier] Learner 8 到達/重返, 等待人數: 1/10
[Barrier] Learner 2 到達/重返, 等待人數: 2/10
[Barrier] Learner 3 到達/重返, 等待人數: 3/10
[Barrier] Learner 1 到達/重返, 等待人數: 4/10
[Barrier] Learner 4 到達/重返, 等待人數: 5/10
[Barrier] Learner 5 到達/重返, 等待人數: 6/10
[Barrier] Learner 0 到達/重返, 等待人數: 7/10
[Barrier] Learner 7 到達/重返, 等待人數: 8/10
[Table] MQ/CE SAT 填 hash=0xdfe477227f388ccf
[Barrier] Learner 6 到達/重返, 等待人數: 9/10
[Barrier] Learner 9 到達/重返, 等待人數: 10/10
[Global EQ] 啟動 Leader SAT 尋找反例
[Barrier] Learner 3 到達/重返, 等待人數: 1/10
[Barrier] Learner 9 到達/重返, 等待人數: 2/10
[Barrier] Learner 4 到達/重返, 等待人數: 3/10
[Barrier] Learner 7 到達/重返, 等待人數: 4/10
[Barrier] Learner 8 到達/重返, 等待人數: 5/10
[Barrier] Learner 2 到達/重返, 等待人數: 6/10
[Barrier] Learner 0 到達/重返, 等待人數: 7/10
[Barrier] Learner 1 到達/重返, 等待人數: 8/10
[Barrier] Learner 6 到達/重返, 等待人數: 9/10
[Barrier] Learner 5 到達/重返, 等待人數: 10/10
[Global EQ] 啟動 Leader SAT 尋找反例
[Barrier] Learner 5 到達/重返, 等待人數: 1/10
[Barrier] Learner 3 到達/重返, 等待人數: 2/10
[Barrier] Learner 6 到達/重返, 等待人數: 3/10
[Barrier] Learner 7 到達/重返, 等待人數: 4/10
[Barrier] Learner 8 到達/重返, 等待人數: 5/10
[Barrier] Learner 0 到達/重返, 等待人數: 6/10
[Barrier] Learner 4 到達/重返, 等待人數: 7/10
[Barrier] Learner 9 到達/重返, 等待人數: 8/10
[Barrier] Learner 1 到達/重返, 等待人數: 9/10
[Barrier] Learner 2 到達/重返, 等待人數: 10/10
[Global EQ] 啟動 Leader SAT 尋找反例
[Barrier] Learner 2 到達/重返, 等待人數: 1/10
[Barrier] Learner 5 到達/重返, 等待人數: 2/10
[Barrier] Learner 8 到達/重返, 等待人數: 3/10
[Barrier] Learner 7 到達/重返, 等待人數: 4/10
[Barrier] Learner 3 到達/重返, 等待人數: 5/10
[Barrier] Learner 1 到達/重返, 等待人數: 6/10
[Barrier] Learner 9 到達/重返, 等待人數: 7/10
[Barrier] Learner 4 到達/重返, 等待人數: 8/10
[Barrier] Learner 0 到達/重返, 等待人數: 9/10
[Barrier] Learner 6 到達/重返, 等待人數: 10/10
[Global EQ] 啟動 Leader SAT 尋找反例
[Barrier] Learner 3 到達/重返, 等待人數: 1/10
[Barrier] Learner 6 到達/重返, 等待人數: 2/10
[Barrier] Learner 2 到達/重返, 等待人數: 3/10
[Barrier] Learner 7 到達/重返, 等待人數: 4/10
[Barrier] Learner 1 到達/重返, 等待人數: 5/10
[Barrier] Learner 9 到達/重返, 等待人數: 6/10
[Barrier] Learner 4 到達/重返, 等待人數: 7/10
[Barrier] Learner 5 到達/重返, 等待人數: 8/10
[Barrier] Learner 8 到達/重返, 等待人數: 9/10
[Barrier] Learner 0 到達/重返, 等待人數: 10/10
[Global EQ] 啟動 Leader SAT 尋找反例
[Barrier] Learner 3 到達/重返, 等待人數: 1/10
[Barrier] Learner 0 到達/重返, 等待人數: 2/10
[Barrier] Learner 2 到達/重返, 等待人數: 3/10
[Barrier] Learner 6 到達/重返, 等待人數: 4/10
[Barrier] Learner 4 到達/重返, 等待人數: 5/10
[Barrier] Learner 9 到達/重返, 等待人數: 6/10
[Barrier] Learner 8 到達/重返, 等待人數: 7/10
[Barrier] Learner 7 到達/重返, 等待人數: 8/10
[Barrier] Learner 5 到達/重返, 等待人數: 9/10
[Barrier] Learner 1 到達/重返, 等待人數: 10/10
[Global EQ] 啟動 Leader SAT 尋找反例
[Barrier] Learner 1 到達/重返, 等待人數: 1/10
[Barrier] Learner 9 到達/重返, 等待人數: 2/10
[Barrier] Learner 8 到達/重返, 等待人數: 3/10
[Barrier] Learner 5 到達/重返, 等待人數: 4/10
[Barrier] Learner 2 到達/重返, 等待人數: 5/10
[Barrier] Learner 3 到達/重返, 等待人數: 6/10
[Barrier] Learner 4 到達/重返, 等待人數: 7/10
[Barrier] Learner 6 到達/重返, 等待人數: 8/10
[Barrier] Learner 0 到達/重返, 等待人數: 9/10
[Barrier] Learner 7 到達/重返, 等待人數: 10/10
[Global EQ] 啟動 Leader SAT 尋找反例
[Barrier] Learner 7 到達/重返, 等待人數: 1/10
[Barrier] Learner 9 到達/重返, 等待人數: 2/10
[Barrier] Learner 5 到達/重返, 等待人數: 3/10
[Barrier] Learner 4 到達/重返, 等待人數: 4/10
[Barrier] Learner 0 到達/重返, 等待人數: 5/10
[Barrier] Learner 6 到達/重返, 等待人數: 6/10
[Barrier] Learner 2 到達/重返, 等待人數: 7/10
[Barrier] Learner 1 到達/重返, 等待人數: 8/10
[Barrier] Learner 3 到達/重返, 等待人數: 9/10
[Barrier] Learner 8 到達/重返, 等待人數: 10/10
[Global EQ] 啟動 Leader SAT 尋找反例
[Barrier] Learner 9 到達/重返, 等待人數: 1/10
[Barrier] Learner 8 到達/重返, 等待人數: 2/10
[Barrier] Learner 5 到達/重返, 等待人數: 3/10
[Barrier] Learner 0 到達/重返, 等待人數: 4/10
[Barrier] Learner 3 到達/重返, 等待人數: 5/10
[Barrier] Learner 6 到達/重返, 等待人數: 6/10
[Barrier] Learner 2 到達/重返, 等待人數: 7/10
[Table] MQ/CE SAT 填 hash=0x5480d6ee6156e88
[Table] MQ/CE SAT 填 hash=0xeffe1f459ec6231c
[Table] MQ/CE SAT 填 hash=0x1a91fb982d64b9f4
[Table] MQ/CE SAT 填 hash=0x6d61a3cb166b339c
[Table] MQ/CE SAT 填 hash=0x5817b5a1cf1be830
[Barrier] Learner 7 到達/重返, 等待人數: 8/10
[Table] MQ/CE SAT 填 hash=0x97f5801da509ca74
[Table] MQ/CE SAT 填 hash=0x82ab91f45dba7f08
[Barrier] Learner 1 到達/重返, 等待人數: 9/10
[Table] MQ/CE SAT 填 hash=0xa536f2acd10c5faa
[Barrier] Learner 4 到達/重返, 等待人數: 10/10
[Global EQ] 啟動 Leader SAT 尋找反例
[Barrier] Learner 4 到達/重返, 等待人數: 1/10
[Barrier] Learner 6 到達/重返, 等待人數: 2/10
[Barrier] Learner 0 到達/重返, 等待人數: 3/10
[Barrier] Learner 2 到達/重返, 等待人數: 4/10
[Barrier] Learner 7 到達/重返, 等待人數: 5/10
[Barrier] Learner 1 到達/重返, 等待人數: 6/10
[Barrier] Learner 5 到達/重返, 等待人數: 7/10
[Barrier] Learner 9 到達/重返, 等待人數: 8/10
[Table] MQ/CE SAT 填 hash=0xe7ecf2bc9a854305
[Table] MQ/CE SAT 填 hash=0x4e9ec6c6458f9c7e
[Barrier] Learner 3 到達/重返, 等待人數: 9/10
[Barrier] Learner 8 到達/重返, 等待人數: 10/10
[Global EQ] 啟動 Leader SAT 尋找反例
[Barrier] Learner 8 到達/重返, 等待人數: 1/10
[Barrier] Learner 9 到達/重返, 等待人數: 2/10
[Barrier] Learner 3 到達/重返, 等待人數: 3/10
[Barrier] Learner 4 到達/重返, 等待人數: 4/10
[Barrier] Learner 7 到達/重返, 等待人數: 5/10
[Barrier] Learner 1 到達/重返, 等待人數: 6/10
[Barrier] Learner 0 到達/重返, 等待人數: 7/10
[Barrier] Learner 5 到達/重返, 等待人數: 8/10
[Barrier] Learner 6 到達/重返, 等待人數: 9/10
[Table] MQ/CE SAT 填 hash=0x7aa3165a426dc8d2
[Barrier] Learner 2 到達/重返, 等待人數: 10/10
[Global EQ] 啟動 Leader SAT 尋找反例
[Barrier] Learner 2 到達/重返, 等待人數: 1/10
[Barrier] Learner 4 到達/重返, 等待人數: 2/10
[Barrier] Learner 5 到達/重返, 等待人數: 3/10
[Barrier] Learner 6 到達/重返, 等待人數: 4/10
[Barrier] Learner 1 到達/重返, 等待人數: 5/10
[Barrier] Learner 3 到達/重返, 等待人數: 6/10
[Barrier] Learner 7 到達/重返, 等待人數: 7/10
[Barrier] Learner 9 到達/重返, 等待人數: 8/10
[Barrier] Learner 8 到達/重返, 等待人數: 9/10
[Barrier] Learner 0 到達/重返, 等待人數: 10/10
[Global EQ] 啟動 Leader SAT 尋找反例
[Barrier] Learner 0 到達/重返, 等待人數: 1/10
[Barrier] Learner 3 到達/重返, 等待人數: 2/10
[Barrier] Learner 1 到達/重返, 等待人數: 3/10
[Barrier] Learner 4 到達/重返, 等待人數: 4/10
[Barrier] Learner 7 到達/重返, 等待人數: 5/10
[Barrier] Learner 9 到達/重返, 等待人數: 6/10
[Barrier] Learner 5 到達/重返, 等待人數: 7/10
[Barrier] Learner 2 到達/重返, 等待人數: 8/10
[Barrier] Learner 6 到達/重返, 等待人數: 9/10
[Barrier] Learner 8 到達/重返, 等待人數: 10/10
[Global EQ] 啟動 Leader SAT 尋找反例
[Barrier] Learner 1 到達/重返, 等待人數: 1/10
[Barrier] Learner 5 到達/重返, 等待人數: 2/10
[Barrier] Learner 2 到達/重返, 等待人數: 3/10
[Barrier] Learner 4 到達/重返, 等待人數: 4/10
[Barrier] Learner 3 到達/重返, 等待人數: 5/10
[Barrier] Learner 9 到達/重返, 等待人數: 6/10
[Barrier] Learner 0 到達/重返, 等待人數: 7/10
[Barrier] Learner 7 到達/重返, 等待人數: 8/10
[Barrier] Learner 6 到達/重返, 等待人數: 9/10
[Barrier] Learner 8 到達/重返, 等待人數: 10/10
[Global EQ] 啟動 Leader SAT 尋找反例
[Barrier] Learner 8 到達/重返, 等待人數: 1/10
[Barrier] Learner 1 到達/重返, 等待人數: 2/10
[Barrier] Learner 5 到達/重返, 等待人數: 3/10
[Barrier] Learner 0 到達/重返, 等待人數: 4/10
[Barrier] Learner 4 到達/重返, 等待人數: 5/10
[Barrier] Learner 6 到達/重返, 等待人數: 6/10
[Barrier] Learner 2 到達/重返, 等待人數: 7/10
[Barrier] Learner 7 到達/重返, 等待人數: 8/10
[Barrier] Learner 9 到達/重返, 等待人數: 9/10
[Table] MQ/CE SAT 填 hash=0xc3f9cfb1a1e7f6c8
[Barrier] Learner 3 到達/重返, 等待人數: 10/10
[Global EQ] 啟動 Leader SAT 尋找反例
[Barrier] Learner 3 到達/重返, 等待人數: 1/10
[Barrier] Learner 4 到達/重返, 等待人數: 2/10
[Barrier] Learner 9 到達/重返, 等待人數: 3/10
[Barrier] Learner 0 到達/重返, 等待人數: 4/10
[Barrier] Learner 6 到達/重返, 等待人數: 5/10
[Barrier] Learner 8 到達/重返, 等待人數: 6/10
[Barrier] Learner 1 到達/重返, 等待人數: 7/10
[Barrier] Learner 7 到達/重返, 等待人數: 8/10
[Barrier] Learner 2 到達/重返, 等待人數: 9/10
[Barrier] Learner 5 到達/重返, 等待人數: 10/10
[Global EQ] 啟動 Leader SAT 尋找反例
[Barrier] Learner 5 到達/重返, 等待人數: 1/10
[Barrier] Learner 3 到達/重返, 等待人數: 2/10
[Barrier] Learner 6 到達/重返, 等待人數: 3/10
[Barrier] Learner 8 到達/重返, 等待人數: 4/10
[Barrier] Learner 1 到達/重返, 等待人數: 5/10
[Barrier] Learner 9 到達/重返, 等待人數: 6/10
[Barrier] Learner 4 到達/重返, 等待人數: 7/10
[Barrier] Learner 7 到達/重返, 等待人數: 8/10
[Barrier] Learner 2 到達/重返, 等待人數: 9/10
[Barrier] Learner 0 到達/重返, 等待人數: 10/10
[Global EQ] 啟動 Leader SAT 尋找反例
[Barrier] Learner 0 到達/重返, 等待人數: 1/10
[Barrier] Learner 7 到達/重返, 等待人數: 2/10
[Barrier] Learner 8 到達/重返, 等待人數: 3/10
[Barrier] Learner 4 到達/重返, 等待人數: 4/10
[Barrier] Learner 1 到達/重返, 等待人數: 5/10
[Barrier] Learner 9 到達/重返, 等待人數: 6/10
[Barrier] Learner 5 到達/重返, 等待人數: 7/10
[Barrier] Learner 6 到達/重返, 等待人數: 8/10
[Barrier] Learner 3 到達/重返, 等待人數: 9/10
[Barrier] Learner 2 到達/重返, 等待人數: 10/10
[Global EQ] 啟動 Leader SAT 尋找反例
[Barrier] Learner 8 到達/重返, 等待人數: 1/10
[Barrier] Learner 1 到達/重返, 等待人數: 2/10
[Barrier] Learner 3 到達/重返, 等待人數: 3/10
[Barrier] Learner 9 到達/重返, 等待人數: 4/10
[Barrier] Learner 6 到達/重返, 等待人數: 5/10
[Barrier] Learner 7 到達/重返, 等待人數: 6/10
[Barrier] Learner 0 到達/重返, 等待人數: 7/10
[Barrier] Learner 4 到達/重返, 等待人數: 8/10
[Barrier] Learner 5 到達/重返, 等待人數: 9/10
[Table] MQ/CE SAT 填 hash=0x8fed048389bd143e
[Barrier] Learner 2 到達/重返, 等待人數: 10/10
[Global EQ] 啟動 Leader SAT 尋找反例
[Barrier] Learner 2 到達/重返, 等待人數: 1/10
[Barrier] Learner 9 到達/重返, 等待人數: 2/10
[Barrier] Learner 3 到達/重返, 等待人數: 3/10
[Barrier] Learner 5 到達/重返, 等待人數: 4/10
[Barrier] Learner 4 到達/重返, 等待人數: 5/10
[Barrier] Learner 6 到達/重返, 等待人數: 6/10
[Barrier] Learner 0 到達/重返, 等待人數: 7/10
[Barrier] Learner 7 到達/重返, 等待人數: 8/10
[Barrier] Learner 8 到達/重返, 等待人數: 9/10
[Barrier] Learner 1 到達/重返, 等待人數: 10/10
[Global EQ] 啟動 Leader SAT 尋找反例
[Barrier] Learner 2 到達/重返, 等待人數: 1/10
[Barrier] Learner 5 到達/重返, 等待人數: 2/10
[Barrier] Learner 1 到達/重返, 等待人數: 3/10
[Barrier] Learner 3 到達/重返, 等待人數: 4/10
[Barrier] Learner 0 到達/重返, 等待人數: 5/10
[Barrier] Learner 4 到達/重返, 等待人數: 6/10
[Barrier] Learner 7 到達/重返, 等待人數: 7/10
[Barrier] Learner 9 到達/重返, 等待人數: 8/10
[Barrier] Learner 6 到達/重返, 等待人數: 9/10
[Barrier] Learner 8 到達/重返, 等待人數: 10/10
[Global EQ] 啟動 Leader SAT 尋找反例
[Barrier] Learner 8 到達/重返, 等待人數: 1/10
[Barrier] Learner 6 到達/重返, 等待人數: 2/10
[Barrier] Learner 3 到達/重返, 等待人數: 3/10
[Barrier] Learner 1 到達/重返, 等待人數: 4/10
[Barrier] Learner 4 到達/重返, 等待人數: 5/10
[Barrier] Learner 5 到達/重返, 等待人數: 6/10
[Barrier] Learner 9 到達/重返, 等待人數: 7/10
[Barrier] Learner 0 到達/重返, 等待人數: 8/10
[Barrier] Learner 7 到達/重返, 等待人數: 9/10
[Barrier] Learner 2 到達/重返, 等待人數: 10/10
[Global EQ] 啟動 Leader SAT 尋找反例
[Barrier] Learner 2 到達/重返, 等待人數: 1/10
[Barrier] Learner 4 到達/重返, 等待人數: 2/10
[Barrier] Learner 1 到達/重返, 等待人數: 3/10
[Barrier] Learner 0 到達/重返, 等待人數: 4/10
[Barrier] Learner 5 到達/重返, 等待人數: 5/10
[Barrier] Learner 6 到達/重返, 等待人數: 6/10
[Barrier] Learner 9 到達/重返, 等待人數: 7/10
[Barrier] Learner 3 到達/重返, 等待人數: 8/10
[Barrier] Learner 8 到達/重返, 等待人數: 9/10
[Barrier] Learner 7 到達/重返, 等待人數: 10/10
[Global EQ] 啟動 Leader SAT 尋找反例
[Barrier] Learner 0 到達/重返, 等待人數: 1/10
[Barrier] Learner 3 到達/重返, 等待人數: 2/10
[Barrier] Learner 9 到達/重返, 等待人數: 3/10
[Barrier] Learner 2 到達/重返, 等待人數: 4/10
[Barrier] Learner 6 到達/重返, 等待人數: 5/10
[Barrier] Learner 7 到達/重返, 等待人數: 6/10
[Barrier] Learner 5 到達/重返, 等待人數: 7/10
[Barrier] Learner 4 到達/重返, 等待人數: 8/10
[Barrier] Learner 8 到達/重返, 等待人數: 9/10
[Barrier] Learner 1 到達/重返, 等待人數: 10/10
[Global EQ] 啟動 Leader SAT 尋找反例
[Barrier] Learner 1 到達/重返, 等待人數: 1/10
[Barrier] Learner 9 到達/重返, 等待人數: 2/10
[Barrier] Learner 3 到達/重返, 等待人數: 3/10
[Barrier] Learner 2 到達/重返, 等待人數: 4/10
[Barrier] Learner 4 到達/重返, 等待人數: 5/10
[Barrier] Learner 0 到達/重返, 等待人數: 6/10
[Barrier] Learner 5 到達/重返, 等待人數: 7/10
[Barrier] Learner 7 到達/重返, 等待人數: 8/10
[Barrier] Learner 8 到達/重返, 等待人數: 9/10
[Barrier] Learner 6 到達/重返, 等待人數: 10/10
[Global EQ] 啟動 Leader SAT 尋找反例
[Barrier] Learner 6 到達/重返, 等待人數: 1/10
[Barrier] Learner 7 到達/重返, 等待人數: 2/10
[Barrier] Learner 4 到達/重返, 等待人數: 3/10
[Barrier] Learner 0 到達/重返, 等待人數: 4/10
[Barrier] Learner 8 到達/重返, 等待人數: 5/10
[Barrier] Learner 3 到達/重返, 等待人數: 6/10
[Barrier] Learner 9 到達/重返, 等待人數: 7/10
[Barrier] Learner 2 到達/重返, 等待人數: 8/10
[Barrier] Learner 5 到達/重返, 等待人數: 9/10
[Barrier] Learner 1 到達/重返, 等待人數: 10/10
[Global EQ] 啟動 Leader SAT 尋找反例
[Barrier] Learner 1 到達/重返, 等待人數: 1/10
[Barrier] Learner 2 到達/重返, 等待人數: 2/10
[Barrier] Learner 3 到達/重返, 等待人數: 3/10
[Barrier] Learner 4 到達/重返, 等待人數: 4/10
[Barrier] Learner 8 到達/重返, 等待人數: 5/10
[Barrier] Learner 9 到達/重返, 等待人數: 6/10
[Barrier] Learner 7 到達/重返, 等待人數: 7/10
[Barrier] Learner 0 到達/重返, 等待人數: 8/10
[Barrier] Learner 6 到達/重返, 等待人數: 9/10
[Barrier] Learner 5 到達/重返, 等待人數: 10/10
[Global EQ] 啟動 Leader SAT 尋找反例
[Barrier] Learner 1 到達/重返, 等待人數: 1/10
[Barrier] Learner 7 到達/重返, 等待人數: 2/10
[Barrier] Learner 2 到達/重返, 等待人數: 3/10
[Barrier] Learner 0 到達/重返, 等待人數: 4/10
[Barrier] Learner 5 到達/重返, 等待人數: 5/10
[Barrier] Learner 3 到達/重返, 等待人數: 6/10
[Barrier] Learner 8 到達/重返, 等待人數: 7/10
[Barrier] Learner 4 到達/重返, 等待人數: 8/10
[Barrier] Learner 9 到達/重返, 等待人數: 9/10
[Barrier] Learner 6 到達/重返, 等待人數: 10/10
[Global EQ] 啟動 Leader SAT 尋找反例
[Barrier] Learner 6 到達/重返, 等待人數: 1/10
[Barrier] Learner 7 到達/重返, 等待人數: 2/10
[Barrier] Learner 3 到達/重返, 等待人數: 3/10
[Barrier] Learner 1 到達/重返, 等待人數: 4/10
[Barrier] Learner 9 到達/重返, 等待人數: 5/10
[Barrier] Learner 0 到達/重返, 等待人數: 6/10
[Barrier] Learner 2 到達/重返, 等待人數: 7/10
[Barrier] Learner 4 到達/重返, 等待人數: 8/10
[Barrier] Learner 8 到達/重返, 等待人數: 9/10
[Barrier] Learner 5 到達/重返, 等待人數: 10/10
[Global EQ] 啟動 Leader SAT 尋找反例
[Barrier] Learner 5 到達/重返, 等待人數: 1/10
[Barrier] Learner 1 到達/重返, 等待人數: 2/10
[Barrier] Learner 3 到達/重返, 等待人數: 3/10
[Barrier] Learner 6 到達/重返, 等待人數: 4/10
[Barrier] Learner 9 到達/重返, 等待人數: 5/10
[Barrier] Learner 0 到達/重返, 等待人數: 6/10
[Barrier] Learner 2 到達/重返, 等待人數: 7/10
[Barrier] Learner 8 到達/重返, 等待人數: 8/10
[Barrier] Learner 7 到達/重返, 等待人數: 9/10
[Barrier] Learner 4 到達/重返, 等待人數: 10/10
[Global EQ] 啟動 Leader SAT 尋找反例
[Barrier] Learner 4 到達/重返, 等待人數: 1/10
[Barrier] Learner 1 到達/重返, 等待人數: 2/10
[Barrier] Learner 8 到達/重返, 等待人數: 3/10
[Barrier] Learner 2 到達/重返, 等待人數: 4/10
[Barrier] Learner 6 到達/重返, 等待人數: 5/10
[Barrier] Learner 9 到達/重返, 等待人數: 6/10
[Barrier] Learner 0 到達/重返, 等待人數: 7/10
[Barrier] Learner 3 到達/重返, 等待人數: 8/10
[Barrier] Learner 5 到達/重返, 等待人數: 9/10
[Barrier] Learner 7 到達/重返, 等待人數: 10/10
[Global EQ] 啟動 Leader SAT 尋找反例
[Barrier] Learner 1 到達/重返, 等待人數: 1/10
[Barrier] Learner 7 到達/重返, 等待人數: 2/10
[Barrier] Learner 4 到達/重返, 等待人數: 3/10
[Barrier] Learner 8 到達/重返, 等待人數: 4/10
[Barrier] Learner 3 到達/重返, 等待人數: 5/10
[Barrier] Learner 5 到達/重返, 等待人數: 6/10
[Barrier] Learner 9 到達/重返, 等待人數: 7/10
[Barrier] Learner 2 到達/重返, 等待人數: 8/10
[Barrier] Learner 6 到達/重返, 等待人數: 9/10
[Barrier] Learner 0 到達/重返, 等待人數: 10/10
[Global EQ] 啟動 Leader SAT 尋找反例
[Barrier] Learner 0 到達/重返, 等待人數: 1/10
[Barrier] Learner 8 到達/重返, 等待人數: 2/10
[Barrier] Learner 2 到達/重返, 等待人數: 3/10
[Barrier] Learner 5 到達/重返, 等待人數: 4/10
[Barrier] Learner 9 到達/重返, 等待人數: 5/10
[Barrier] Learner 6 到達/重返, 等待人數: 6/10
[Barrier] Learner 3 到達/重返, 等待人數: 7/10
[Barrier] Learner 4 到達/重返, 等待人數: 8/10
[Barrier] Learner 1 到達/重返, 等待人數: 9/10
[Barrier] Learner 7 到達/重返, 等待人數: 10/10
[Global EQ] 啟動 Leader SAT 尋找反例
[Barrier] Learner 7 到達/重返, 等待人數: 1/10
[Barrier] Learner 4 到達/重返, 等待人數: 2/10
[Barrier] Learner 6 到達/重返, 等待人數: 3/10
[Barrier] Learner 5 到達/重返, 等待人數: 4/10
[Barrier] Learner 1 到達/重返, 等待人數: 5/10
[Barrier] Learner 2 到達/重返, 等待人數: 6/10
[Barrier] Learner 9 到達/重返, 等待人數: 7/10
[Barrier] Learner 3 到達/重返, 等待人數: 8/10
[Barrier] Learner 0 到達/重返, 等待人數: 9/10
[Barrier] Learner 8 到達/重返, 等待人數: 10/10
[Global EQ] 啟動 Leader SAT 尋找反例
[Barrier] Learner 7 到達/重返, 等待人數: 1/10
[Barrier] Learner 6 到達/重返, 等待人數: 2/10
[Barrier] Learner 8 到達/重返, 等待人數: 3/10
[Barrier] Learner 3 到達/重返, 等待人數: 4/10
[Barrier] Learner 0 到達/重返, 等待人數: 5/10
[Barrier] Learner 2 到達/重返, 等待人數: 6/10
[Barrier] Learner 9 到達/重返, 等待人數: 7/10
[Barrier] Learner 4 到達/重返, 等待人數: 8/10
[Barrier] Learner 1 到達/重返, 等待人數: 9/10
[Barrier] Learner 5 到達/重返, 等待人數: 10/10
[Global EQ] 啟動 Leader SAT 尋找反例
[Barrier] Learner 7 到達/重返, 等待人數: 1/10
[Barrier] Learner 5 到達/重返, 等待人數: 2/10
[Barrier] Learner 3 到達/重返, 等待人數: 3/10
[Barrier] Learner 4 到達/重返, 等待人數: 4/10
[Barrier] Learner 1 到達/重返, 等待人數: 5/10
[Barrier] Learner 9 到達/重返, 等待人數: 6/10
[Barrier] Learner 2 到達/重返, 等待人數: 7/10
[Barrier] Learner 0 到達/重返, 等待人數: 8/10
[Barrier] Learner 8 到達/重返, 等待人數: 9/10
[Barrier] Learner 6 到達/重返, 等待人數: 10/10
[Global EQ] 啟動 Leader SAT 尋找反例
[Barrier] Learner 6 到達/重返, 等待人數: 1/10
[Barrier] Learner 4 到達/重返, 等待人數: 2/10
[Barrier] Learner 0 到達/重返, 等待人數: 3/10
[Barrier] Learner 3 到達/重返, 等待人數: 4/10
[Barrier] Learner 1 到達/重返, 等待人數: 5/10
[Barrier] Learner 8 到達/重返, 等待人數: 6/10
[Barrier] Learner 9 到達/重返, 等待人數: 7/10
[Barrier] Learner 5 到達/重返, 等待人數: 8/10
[Barrier] Learner 7 到達/重返, 等待人數: 9/10
[Barrier] Learner 2 到達/重返, 等待人數: 10/10
[Global EQ] 啟動 Leader SAT 尋找反例
[Barrier] Learner 2 到達/重返, 等待人數: 1/10
[Barrier] Learner 3 到達/重返, 等待人數: 2/10
[Barrier] Learner 4 到達/重返, 等待人數: 3/10
[Barrier] Learner 1 到達/重返, 等待人數: 4/10
[Barrier] Learner 5 到達/重返, 等待人數: 5/10
[Barrier] Learner 6 到達/重返, 等待人數: 6/10
[Barrier] Learner 7 到達/重返, 等待人數: 7/10
[Barrier] Learner 0 到達/重返, 等待人數: 8/10
[Barrier] Learner 9 到達/重返, 等待人數: 9/10
[Barrier] Learner 8 到達/重返, 等待人數: 10/10
[Global EQ] 啟動 Leader SAT 尋找反例
[Barrier] Learner 8 到達/重返, 等待人數: 1/10
[Barrier] Learner 9 到達/重返, 等待人數: 2/10
[Barrier] Learner 1 到達/重返, 等待人數: 3/10
[Barrier] Learner 0 到達/重返, 等待人數: 4/10
[Barrier] Learner 6 到達/重返, 等待人數: 5/10
[Barrier] Learner 3 到達/重返, 等待人數: 6/10
[Barrier] Learner 2 到達/重返, 等待人數: 7/10
[Barrier] Learner 7 到達/重返, 等待人數: 8/10
[Barrier] Learner 4 到達/重返, 等待人數: 9/10
[Barrier] Learner 5 到達/重返, 等待人數: 10/10
[Global EQ] 啟動 Leader SAT 尋找反例
[Barrier] Learner 5 到達/重返, 等待人數: 1/10
[Barrier] Learner 1 到達/重返, 等待人數: 2/10
[Barrier] Learner 2 到達/重返, 等待人數: 3/10
[Barrier] Learner 6 到達/重返, 等待人數: 4/10
[Barrier] Learner 9 到達/重返, 等待人數: 5/10
[Barrier] Learner 0 到達/重返, 等待人數: 6/10
[Barrier] Learner 7 到達/重返, 等待人數: 7/10
[Barrier] Learner 3 到達/重返, 等待人數: 8/10
[Barrier] Learner 4 到達/重返, 等待人數: 9/10
[Barrier] Learner 8 到達/重返, 等待人數: 10/10
[Global EQ] 啟動 Leader SAT 尋找反例
[Barrier] Learner 8 到達/重返, 等待人數: 1/10
[Barrier] Learner 2 到達/重返, 等待人數: 2/10
[Barrier] Learner 1 到達/重返, 等待人數: 3/10
[Barrier] Learner 7 到達/重返, 等待人數: 4/10
[Barrier] Learner 5 到達/重返, 等待人數: 5/10
[Barrier] Learner 9 到達/重返, 等待人數: 6/10
[Barrier] Learner 3 到達/重返, 等待人數: 7/10
[Barrier] Learner 6 到達/重返, 等待人數: 8/10
[Barrier] Learner 4 到達/重返, 等待人數: 9/10
[Barrier] Learner 0 到達/重返, 等待人數: 10/10
[Global EQ] 啟動 Leader SAT 尋找反例
[Barrier] Learner 0 到達/重返, 等待人數: 1/10
[Barrier] Learner 2 到達/重返, 等待人數: 2/10
[Barrier] Learner 9 到達/重返, 等待人數: 3/10
[Barrier] Learner 5 到達/重返, 等待人數: 4/10
[Barrier] Learner 3 到達/重返, 等待人數: 5/10
[Barrier] Learner 1 到達/重返, 等待人數: 6/10
[Barrier] Learner 8 到達/重返, 等待人數: 7/10
[Barrier] Learner 7 到達/重返, 等待人數: 8/10
[Barrier] Learner 4 到達/重返, 等待人數: 9/10
[Barrier] Learner 6 到達/重返, 等待人數: 10/10
[Global EQ] 啟動 Leader SAT 尋找反例
[Barrier] Learner 6 到達/重返, 等待人數: 1/10
[Barrier] Learner 9 到達/重返, 等待人數: 2/10
[Barrier] Learner 4 到達/重返, 等待人數: 3/10
[Barrier] Learner 0 到達/重返, 等待人數: 4/10
[Barrier] Learner 5 到達/重返, 等待人數: 5/10
[Barrier] Learner 3 到達/重返, 等待人數: 6/10
[Barrier] Learner 1 到達/重返, 等待人數: 7/10
[Barrier] Learner 2 到達/重返, 等待人數: 8/10
[Barrier] Learner 7 到達/重返, 等待人數: 9/10
[Barrier] Learner 8 到達/重返, 等待人數: 10/10
[Global EQ] 啟動 Leader SAT 尋找反例
[Barrier] Learner 2 到達/重返, 等待人數: 1/10
[Barrier] Learner 4 到達/重返, 等待人數: 2/10
[Barrier] Learner 6 到達/重返, 等待人數: 3/10
[Barrier] Learner 3 到達/重返, 等待人數: 4/10
[Barrier] Learner 7 到達/重返, 等待人數: 5/10
[Barrier] Learner 0 到達/重返, 等待人數: 6/10
[Barrier] Learner 9 到達/重返, 等待人數: 7/10
[Barrier] Learner 5 到達/重返, 等待人數: 8/10
[Barrier] Learner 1 到達/重返, 等待人數: 9/10
[Table] MQ/CE SAT 填 hash=0x3954d89cfe405112
[Barrier] Learner 8 到達/重返, 等待人數: 10/10
[Global EQ] 啟動 Leader SAT 尋找反例
[Barrier] Learner 8 到達/重返, 等待人數: 1/10
[Barrier] Learner 6 到達/重返, 等待人數: 2/10
[Barrier] Learner 5 到達/重返, 等待人數: 3/10
[Barrier] Learner 0 到達/重返, 等待人數: 4/10
[Barrier] Learner 9 到達/重返, 等待人數: 5/10
[Barrier] Learner 1 到達/重返, 等待人數: 6/10
[Barrier] Learner 4 到達/重返, 等待人數: 7/10
[Barrier] Learner 3 到達/重返, 等待人數: 8/10
[Barrier] Learner 2 到達/重返, 等待人數: 9/10
[Barrier] Learner 7 到達/重返, 等待人數: 10/10
[Global EQ] 啟動 Leader SAT 尋找反例
[Barrier] Learner 0 到達/重返, 等待人數: 1/10
[Barrier] Learner 2 到達/重返, 等待人數: 2/10
[Barrier] Learner 7 到達/重返, 等待人數: 3/10
[Barrier] Learner 3 到達/重返, 等待人數: 4/10
[Barrier] Learner 5 到達/重返, 等待人數: 5/10
[Barrier] Learner 1 到達/重返, 等待人數: 6/10
[Barrier] Learner 4 到達/重返, 等待人數: 7/10
[Barrier] Learner 6 到達/重返, 等待人數: 8/10
[Barrier] Learner 9 到達/重返, 等待人數: 9/10
[Barrier] Learner 8 到達/重返, 等待人數: 10/10
[Global EQ] 啟動 Leader SAT 尋找反例
[Barrier] Learner 8 到達/重返, 等待人數: 1/10
[Barrier] Learner 9 到達/重返, 等待人數: 2/10
[Barrier] Learner 4 到達/重返, 等待人數: 3/10
[Barrier] Learner 1 到達/重返, 等待人數: 4/10
[Barrier] Learner 3 到達/重返, 等待人數: 5/10
[Barrier] Learner 5 到達/重返, 等待人數: 6/10
[Barrier] Learner 6 到達/重返, 等待人數: 7/10
[Barrier] Learner 2 到達/重返, 等待人數: 8/10
[Barrier] Learner 7 到達/重返, 等待人數: 9/10
[Barrier] Learner 0 到達/重返, 等待人數: 10/10
[Global EQ] 啟動 Leader SAT 尋找反例
[Barrier] Learner 0 到達/重返, 等待人數: 1/10
[Barrier] Learner 3 到達/重返, 等待人數: 2/10
[Barrier] Learner 6 到達/重返, 等待人數: 3/10
[Barrier] Learner 5 到達/重返, 等待人數: 4/10
[Barrier] Learner 2 到達/重返, 等待人數: 5/10
[Barrier] Learner 1 到達/重返, 等待人數: 6/10
[Barrier] Learner 9 到達/重返, 等待人數: 7/10
[Barrier] Learner 7 到達/重返, 等待人數: 8/10
[Barrier] Learner 4 到達/重返, 等待人數: 9/10
[Barrier] Learner 8 到達/重返, 等待人數: 10/10
[Global EQ] 啟動 Leader SAT 尋找反例
[Barrier] Learner 5 到達/重返, 等待人數: 1/10
[Barrier] Learner 9 到達/重返, 等待人數: 2/10
[Barrier] Learner 3 到達/重返, 等待人數: 3/10
[Barrier] Learner 8 到達/重返, 等待人數: 4/10
[Barrier] Learner 1 到達/重返, 等待人數: 5/10
[Barrier] Learner 6 到達/重返, 等待人數: 6/10
[Barrier] Learner 4 到達/重返, 等待人數: 7/10
[Barrier] Learner 2 到達/重返, 等待人數: 8/10
[Barrier] Learner 7 到達/重返, 等待人數: 9/10
[Barrier] Learner 0 到達/重返, 等待人數: 10/10
[Global EQ] 啟動 Leader SAT 尋找反例
[Barrier] Learner 0 到達/重返, 等待人數: 1/10
[Barrier] Learner 5 到達/重返, 等待人數: 2/10
[Barrier] Learner 2 到達/重返, 等待人數: 3/10
[Barrier] Learner 9 到達/重返, 等待人數: 4/10
[Barrier] Learner 4 到達/重返, 等待人數: 5/10
[Barrier] Learner 1 到達/重返, 等待人數: 6/10
[Barrier] Learner 8 到達/重返, 等待人數: 7/10
[Barrier] Learner 3 到達/重返, 等待人數: 8/10
[Barrier] Learner 6 到達/重返, 等待人數: 9/10
[Barrier] Learner 7 到達/重返, 等待人數: 10/10
[Global EQ] 啟動 Leader SAT 尋找反例
[Barrier] Learner 7 到達/重返, 等待人數: 1/10
[Barrier] Learner 6 到達/重返, 等待人數: 2/10
[Barrier] Learner 3 到達/重返, 等待人數: 3/10
[Barrier] Learner 9 到達/重返, 等待人數: 4/10
[Barrier] Learner 4 到達/重返, 等待人數: 5/10
[Barrier] Learner 0 到達/重返, 等待人數: 6/10
[Barrier] Learner 8 到達/重返, 等待人數: 7/10
[Barrier] Learner 1 到達/重返, 等待人數: 8/10
[Barrier] Learner 2 到達/重返, 等待人數: 9/10
[Barrier] Learner 5 到達/重返, 等待人數: 10/10
[Global EQ] 啟動 Leader SAT 尋找反例
[Barrier] Learner 5 到達/重返, 等待人數: 1/10
[Barrier] Learner 9 到達/重返, 等待人數: 2/10
[Barrier] Learner 3 到達/重返, 等待人數: 3/10
[Barrier] Learner 2 到達/重返, 等待人數: 4/10
[Barrier] Learner 8 到達/重返, 等待人數: 5/10
[Barrier] Learner 1 到達/重返, 等待人數: 6/10
[Barrier] Learner 4 到達/重返, 等待人數: 7/10
[Barrier] Learner 6 到達/重返, 等待人數: 8/10
[Barrier] Learner 7 到達/重返, 等待人數: 9/10
[Barrier] Learner 0 到達/重返, 等待人數: 10/10
[Global EQ] 啟動 Leader SAT 尋找反例
[Barrier] Learner 0 到達/重返, 等待人數: 1/10
[Barrier] Learner 8 到達/重返, 等待人數: 2/10
[Barrier] Learner 9 到達/重返, 等待人數: 3/10
[Barrier] Learner 1 到達/重返, 等待人數: 4/10
[Barrier] Learner 3 到達/重返, 等待人數: 5/10
[Barrier] Learner 6 到達/重返, 等待人數: 6/10
[Barrier] Learner 2 到達/重返, 等待人數: 7/10
[Barrier] Learner 5 到達/重返, 等待人數: 8/10
[Barrier] Learner 7 到達/重返, 等待人數: 9/10
[Barrier] Learner 4 到達/重返, 等待人數: 10/10
[Global EQ] 啟動 Leader SAT 尋找反例
[Barrier] Learner 4 到達/重返, 等待人數: 1/10
[Barrier] Learner 6 到達/重返, 等待人數: 2/10
[Barrier] Learner 5 到達/重返, 等待人數: 3/10
[Barrier] Learner 3 到達/重返, 等待人數: 4/10
[Barrier] Learner 7 到達/重返, 等待人數: 5/10
[Barrier] Learner 2 到達/重返, 等待人數: 6/10
[Barrier] Learner 0 到達/重返, 等待人數: 7/10
[Barrier] Learner 9 到達/重返, 等待人數: 8/10
[Barrier] Learner 8 到達/重返, 等待人數: 9/10
[Barrier] Learner 1 到達/重返, 等待人數: 10/10
[Global EQ] 啟動 Leader SAT 尋找反例
[Barrier] Learner 1 到達/重返, 等待人數: 1/10
[Barrier] Learner 7 到達/重返, 等待人數: 2/10
[Barrier] Learner 8 到達/重返, 等待人數: 3/10
[Barrier] Learner 0 到達/重返, 等待人數: 4/10
[Barrier] Learner 9 到達/重返, 等待人數: 5/10
[Barrier] Learner 2 到達/重返, 等待人數: 6/10
[Barrier] Learner 5 到達/重返, 等待人數: 7/10
[Barrier] Learner 6 到達/重返, 等待人數: 8/10
[Barrier] Learner 3 到達/重返, 等待人數: 9/10
[Barrier] Learner 4 到達/重返, 等待人數: 10/10
[Global EQ] 啟動 Leader SAT 尋找反例
[Barrier] Learner 7 到達/重返, 等待人數: 1/10
[Barrier] Learner 5 到達/重返, 等待人數: 2/10
[Barrier] Learner 0 到達/重返, 等待人數: 3/10
[Barrier] Learner 6 到達/重返, 等待人數: 4/10
[Barrier] Learner 4 到達/重返, 等待人數: 5/10
[Barrier] Learner 3 到達/重返, 等待人數: 6/10
[Barrier] Learner 9 到達/重返, 等待人數: 7/10
[Barrier] Learner 8 到達/重返, 等待人數: 8/10
[Barrier] Learner 2 到達/重返, 等待人數: 9/10
[Barrier] Learner 1 到達/重返, 等待人數: 10/10
[Global EQ] 啟動 Leader SAT 尋找反例
[Barrier] Learner 1 到達/重返, 等待人數: 1/10
[Barrier] Learner 8 到達/重返, 等待人數: 2/10
[Barrier] Learner 2 到達/重返, 等待人數: 3/10
[Barrier] Learner 0 到達/重返, 等待人數: 4/10
[Barrier] Learner 3 到達/重返, 等待人數: 5/10
[Barrier] Learner 4 到達/重返, 等待人數: 6/10
[Barrier] Learner 7 到達/重返, 等待人數: 7/10
[Barrier] Learner 5 到達/重返, 等待人數: 8/10
[Barrier] Learner 6 到達/重返, 等待人數: 9/10
[Barrier] Learner 9 到達/重返, 等待人數: 10/10
[Global EQ] 啟動 Leader SAT 尋找反例
[Barrier] Learner 1 到達/重返, 等待人數: 1/10
[Barrier] Learner 2 到達/重返, 等待人數: 2/10
[Barrier] Learner 4 到達/重返, 等待人數: 3/10
[Barrier] Learner 3 到達/重返, 等待人數: 4/10
[Barrier] Learner 6 到達/重返, 等待人數: 5/10
[Barrier] Learner 7 到達/重返, 等待人數: 6/10
[Barrier] Learner 5 到達/重返, 等待人數: 7/10
[Barrier] Learner 9 到達/重返, 等待人數: 8/10
[Barrier] Learner 8 到達/重返, 等待人數: 9/10
[Barrier] Learner 0 到達/重返, 等待人數: 10/10
[Global EQ] 啟動 Leader SAT 尋找反例
[Global EQ] SAT 證明全部正確 (UNSAT)！
Number of Variables Used : 12
Number of Variables Used : 12
Number of Variables Used : 12
[Learner 0 (dec0_x)] 收斂完成！
Number of Variables Used : 12
[Learner 4 (dec2_x)] 收斂完成！
Number of Variables Used : 12
[Learner 8 (dec4_x)] 收斂完成！
Number of Variables Used : 12
Number of Variables Used : 12
[Learner 6 (dec3_x)] 收斂完成！
Number of Variables Used : 12
[Learner 3 (dec1_z)] 收斂完成！
Number of Variables Used : 12
[Learner 9 (dec4_z)] 收斂完成！
Number of Variables Used : 12
[Learner 2 (dec1_x)] 收斂完成！
[Learner 1 (dec0_z)] 收斂完成！
[Learner 5 (dec2_z)] 收斂完成！
[Learner 7 (dec3_z)] 收斂完成！
[Barrier] Learner 0 到達/重返, 等待人數: 1/10
[Barrier] Learner 6 到達/重返, 等待人數: 2/10
[Barrier] Learner 5 到達/重返, 等待人數: 3/10
[Barrier] Learner 3 到達/重返, 等待人數: 4/10
[Barrier] Learner 7 到達/重返, 等待人數: 5/10
[Barrier] Learner 9 到達/重返, 等待人數: 6/10
[Barrier] Learner 8 到達/重返, 等待人數: 7/10
[Barrier] Learner 2 到達/重返, 等待人數: 8/10
[Barrier] Learner 1 到達/重返, 等待人數: 9/10
[Barrier] Learner 4 到達/重返, 等待人數: 10/10
[Global EQ] 啟動 Leader SAT 尋找反例
[Table] MQ/CE SAT 填 hash=0x37aa7e0f5e82f3f3
[checkpoint] wrote /home/alan23273850/flag-analysis2/[[5,1,3]]_origin/decoder/cms/path_2_hr0_eq1_ok.txt
[Barrier] Learner 4 到達/重返, 等待人數: 1/10
[Barrier] Learner 0 到達/重返, 等待人數: 2/10
[Barrier] Learner 5 到達/重返, 等待人數: 3/10
[Barrier] Learner 1 到達/重返, 等待人數: 4/10
[Barrier] Learner 8 到達/重返, 等待人數: 5/10
[Barrier] Learner 6 到達/重返, 等待人數: 6/10
[Barrier] Learner 7 到達/重返, 等待人數: 7/10
[Barrier] Learner 3 到達/重返, 等待人數: 8/10
[Barrier] Learner 2 到達/重返, 等待人數: 9/10
[Barrier] Learner 9 到達/重返, 等待人數: 10/10
[Global EQ] 啟動 Leader SAT 尋找反例
[Table] MQ/CE SAT 填 hash=0x1da41878526d82ae
[Barrier] Learner 9 到達/重返, 等待人數: 1/10
[Barrier] Learner 8 到達/重返, 等待人數: 2/10
[Barrier] Learner 1 到達/重返, 等待人數: 3/10
[Barrier] Learner 3 到達/重返, 等待人數: 4/10
[Barrier] Learner 6 到達/重返, 等待人數: 5/10
[Barrier] Learner 0 到達/重返, 等待人數: 6/10
[Table] MQ/CE SAT 填 hash=0x92ff2163aec5dcf8
[Table] MQ/CE SAT 填 hash=0x58519cee0099afd3
[Table] MQ/CE SAT 填 hash=0xe2f69402a4415589
[Table] MQ/CE SAT 填 hash=0xd5b52173783ec053
[Table] MQ/CE SAT 填 hash=0x605a18881be66609
[Table] MQ/CE SAT 填 hash=0x17035f30bc6c3813
[Table] MQ/CE SAT 填 hash=0xa1a856456013ddc9
[Table] MQ/CE SAT 填 hash=0xf65c40521a557c33
[Table] MQ/CE SAT 填 hash=0xc24f7524022a99a9
[Table] MQ/CE SAT 填 hash=0x81013766bdfd21e9
[Barrier] Learner 4 到達/重返, 等待人數: 7/10
[Barrier] Learner 7 到達/重返, 等待人數: 8/10
[Barrier] Learner 2 到達/重返, 等待人數: 9/10
[Barrier] Learner 5 到達/重返, 等待人數: 10/10
[Global EQ] 啟動 Leader SAT 尋找反例
[Table] MQ/CE SAT 填 hash=0xb1fbe5b4b11f3bb9
[Barrier] Learner 5 到達/重返, 等待人數: 1/10
[Barrier] Learner 1 到達/重返, 等待人數: 2/10
[Barrier] Learner 3 到達/重返, 等待人數: 3/10
[Barrier] Learner 6 到達/重返, 等待人數: 4/10
[Barrier] Learner 7 到達/重返, 等待人數: 5/10
[Barrier] Learner 8 到達/重返, 等待人數: 6/10
[Barrier] Learner 0 到達/重返, 等待人數: 7/10
[Barrier] Learner 2 到達/重返, 等待人數: 8/10
[Table] MQ/CE SAT 填 hash=0x2756eea00d779603
[Table] MQ/CE SAT 填 hash=0xd2a304935335f799
[Table] MQ/CE SAT 填 hash=0x47fe0d7eaf8e51e3
[Barrier] Learner 4 到達/重返, 等待人數: 9/10
[Barrier] Learner 9 到達/重返, 等待人數: 10/10
[Global EQ] 啟動 Leader SAT 尋找反例
[Table] MQ/CE SAT 填 hash=0x6f45e5a4e7a6585e
[Barrier] Learner 9 到達/重返, 等待人數: 1/10
[Barrier] Learner 2 到達/重返, 等待人數: 2/10
[Barrier] Learner 1 到達/重返, 等待人數: 3/10
[Barrier] Learner 0 到達/重返, 等待人數: 4/10
[Barrier] Learner 8 到達/重返, 等待人數: 5/10
[Barrier] Learner 4 到達/重返, 等待人數: 6/10
[Barrier] Learner 5 到達/重返, 等待人數: 7/10
[Barrier] Learner 3 到達/重返, 等待人數: 8/10
[Barrier] Learner 7 到達/重返, 等待人數: 9/10
[Table] MQ/CE SAT 填 hash=0xe4a0ee9043feb2a8
[Table] MQ/CE SAT 填 hash=0xa9f36a1a95d28583
[Table] MQ/CE SAT 填 hash=0xca9a88f937e94163
[Barrier] Learner 6 到達/重返, 等待人數: 10/10
[Global EQ] 啟動 Leader SAT 尋找反例
[Table] MQ/CE SAT 填 hash=0xab5b2c6d1b1df11e
[Barrier] Learner 9 到達/重返, 等待人數: 1/10
[Barrier] Learner 4 到達/重返, 等待人數: 2/10
[Barrier] Learner 0 到達/重返, 等待人數: 3/10
[Barrier] Learner 5 到達/重返, 等待人數: 4/10
[Barrier] Learner 6 到達/重返, 等待人數: 5/10
[Barrier] Learner 8 到達/重返, 等待人數: 6/10
[Barrier] Learner 7 到達/重返, 等待人數: 7/10
[Barrier] Learner 2 到達/重返, 等待人數: 8/10
[Barrier] Learner 1 到達/重返, 等待人數: 9/10
[Barrier] Learner 3 到達/重返, 等待人數: 10/10
[Global EQ] 啟動 Leader SAT 尋找反例
[Barrier] Learner 3 到達/重返, 等待人數: 1/10
[Barrier] Learner 8 到達/重返, 等待人數: 2/10
[Barrier] Learner 4 到達/重返, 等待人數: 3/10
[Barrier] Learner 7 到達/重返, 等待人數: 4/10
[Barrier] Learner 0 到達/重返, 等待人數: 5/10
[Barrier] Learner 9 到達/重返, 等待人數: 6/10
[Barrier] Learner 5 到達/重返, 等待人數: 7/10
[Barrier] Learner 1 到達/重返, 等待人數: 8/10
[Barrier] Learner 2 到達/重返, 等待人數: 9/10
[Table] MQ/CE SAT 填 hash=0xeca96a2a5f4b68de
[Barrier] Learner 6 到達/重返, 等待人數: 10/10
[Global EQ] 啟動 Leader SAT 尋找反例
[Barrier] Learner 4 到達/重返, 等待人數: 1/10
[Barrier] Learner 3 到達/重返, 等待人數: 2/10
[Barrier] Learner 0 到達/重返, 等待人數: 3/10
[Barrier] Learner 9 到達/重返, 等待人數: 4/10
[Barrier] Learner 8 到達/重返, 等待人數: 5/10
[Barrier] Learner 2 到達/重返, 等待人數: 6/10
[Barrier] Learner 1 到達/重返, 等待人數: 7/10
[Barrier] Learner 6 到達/重返, 等待人數: 8/10
[Barrier] Learner 7 到達/重返, 等待人數: 9/10
[Barrier] Learner 5 到達/重返, 等待人數: 10/10
[Global EQ] 啟動 Leader SAT 尋找反例
[Barrier] Learner 5 到達/重返, 等待人數: 1/10
[Barrier] Learner 8 到達/重返, 等待人數: 2/10
[Barrier] Learner 0 到達/重返, 等待人數: 3/10
[Barrier] Learner 4 到達/重返, 等待人數: 4/10
[Barrier] Learner 7 到達/重返, 等待人數: 5/10
[Barrier] Learner 1 到達/重返, 等待人數: 6/10
[Barrier] Learner 2 到達/重返, 等待人數: 7/10
[Barrier] Learner 6 到達/重返, 等待人數: 8/10
[Barrier] Learner 3 到達/重返, 等待人數: 9/10
[Barrier] Learner 9 到達/重返, 等待人數: 10/10
[Global EQ] 啟動 Leader SAT 尋找反例
[Barrier] Learner 5 到達/重返, 等待人數: 1/10
[Barrier] Learner 9 到達/重返, 等待人數: 2/10
[Barrier] Learner 4 到達/重返, 等待人數: 3/10
[Barrier] Learner 7 到達/重返, 等待人數: 4/10
[Barrier] Learner 2 到達/重返, 等待人數: 5/10
[Barrier] Learner 3 到達/重返, 等待人數: 6/10
[Barrier] Learner 0 到達/重返, 等待人數: 7/10
[Barrier] Learner 1 到達/重返, 等待人數: 8/10
[Barrier] Learner 8 到達/重返, 等待人數: 9/10
[Table] MQ/CE SAT 填 hash=0x3498612f397a2b39
[Barrier] Learner 6 到達/重返, 等待人數: 10/10
[Global EQ] 啟動 Leader SAT 尋找反例
[Table] MQ/CE SAT 填 hash=0x2df7a7e7a378e09e
[Barrier] Learner 6 到達/重返, 等待人數: 1/10
[Barrier] Learner 1 到達/重返, 等待人數: 2/10
[Barrier] Learner 7 到達/重返, 等待人數: 3/10
[Barrier] Learner 9 到達/重返, 等待人數: 4/10
[Barrier] Learner 0 到達/重返, 等待人數: 5/10
[Barrier] Learner 8 到達/重返, 等待人數: 6/10
[Barrier] Learner 2 到達/重返, 等待人數: 7/10
[Barrier] Learner 5 到達/重返, 等待人數: 8/10
[Barrier] Learner 4 到達/重返, 等待人數: 9/10
[Barrier] Learner 3 到達/重返, 等待人數: 10/10
[Global EQ] 啟動 Leader SAT 尋找反例
[Table] MQ/CE SAT 填 hash=0x5ef25635969afa6e
[Barrier] Learner 3 到達/重返, 等待人數: 1/10
[Barrier] Learner 2 到達/重返, 等待人數: 2/10
[Barrier] Learner 1 到達/重返, 等待人數: 3/10
[Barrier] Learner 7 到達/重返, 等待人數: 4/10
[Barrier] Learner 8 到達/重返, 等待人數: 5/10
[Barrier] Learner 5 到達/重返, 等待人數: 6/10
[Barrier] Learner 0 到達/重返, 等待人數: 7/10
[Table] MQ/CE SAT 填 hash=0xd44d5f20f2f354b8
[Table] MQ/CE SAT 填 hash=0x999fdaab44c72793
[Table] MQ/CE SAT 填 hash=0xba46f989e6dde373
[Barrier] Learner 9 到達/重返, 等待人數: 8/10
[Barrier] Learner 6 到達/重返, 等待人數: 9/10
[Barrier] Learner 4 到達/重返, 等待人數: 10/10
[Global EQ] 啟動 Leader SAT 尋找反例
[Table] MQ/CE SAT 填 hash=0xf4f47dff950a1098
[Barrier] Learner 6 到達/重返, 等待人數: 1/10
[Barrier] Learner 7 到達/重返, 等待人數: 2/10
[Barrier] Learner 0 到達/重返, 等待人數: 3/10
[Barrier] Learner 5 到達/重返, 等待人數: 4/10
[Barrier] Learner 4 到達/重返, 等待人數: 5/10
[Barrier] Learner 3 到達/重返, 等待人數: 6/10
[Barrier] Learner 1 到達/重返, 等待人數: 7/10
[Barrier] Learner 2 到達/重返, 等待人數: 8/10
[Barrier] Learner 8 到達/重返, 等待人數: 9/10
[Barrier] Learner 9 到達/重返, 等待人數: 10/10
[Global EQ] 啟動 Leader SAT 尋找反例
[Barrier] Learner 9 到達/重返, 等待人數: 1/10
[Barrier] Learner 1 到達/重返, 等待人數: 2/10
[Barrier] Learner 6 到達/重返, 等待人數: 3/10
[Barrier] Learner 3 到達/重返, 等待人數: 4/10
[Barrier] Learner 2 到達/重返, 等待人數: 5/10
[Barrier] Learner 5 到達/重返, 等待人數: 6/10
[Barrier] Learner 8 到達/重返, 等待人數: 7/10
[Barrier] Learner 7 到達/重返, 等待人數: 8/10
[Barrier] Learner 0 到達/重返, 等待人數: 9/10
[Table] MQ/CE SAT 填 hash=0x5480d6ee6156e88
[Barrier] Learner 4 到達/重返, 等待人數: 10/10
[Global EQ] 啟動 Leader SAT 尋找反例
[Barrier] Learner 6 到達/重返, 等待人數: 1/10
[Barrier] Learner 1 到達/重返, 等待人數: 2/10
[Barrier] Learner 0 到達/重返, 等待人數: 3/10
[Barrier] Learner 2 到達/重返, 等待人數: 4/10
[Barrier] Learner 9 到達/重返, 等待人數: 5/10
[Barrier] Learner 7 到達/重返, 等待人數: 6/10
[Barrier] Learner 5 到達/重返, 等待人數: 7/10
[Barrier] Learner 4 到達/重返, 等待人數: 8/10
[Barrier] Learner 8 到達/重返, 等待人數: 9/10
[Barrier] Learner 3 到達/重返, 等待人數: 10/10
[Global EQ] 啟動 Leader SAT 尋找反例
[Table] MQ/CE SAT 填 hash=0x7f99751438b1b64e
[Barrier] Learner 0 到達/重返, 等待人數: 1/10
[Barrier] Learner 6 到達/重返, 等待人數: 2/10
[Barrier] Learner 9 到達/重返, 等待人數: 3/10
[Barrier] Learner 1 到達/重返, 等待人數: 4/10
[Barrier] Learner 2 到達/重返, 等待人數: 5/10
[Barrier] Learner 4 到達/重返, 等待人數: 6/10
[Table] MQ/CE SAT 填 hash=0x44ebf09e8a858929
[Barrier] Learner 3 到達/重返, 等待人數: 7/10
[Barrier] Learner 7 到達/重返, 等待人數: 8/10
[Barrier] Learner 5 到達/重返, 等待人數: 9/10
[Barrier] Learner 8 到達/重返, 等待人數: 10/10
[Global EQ] 啟動 Leader SAT 尋找反例
[Barrier] Learner 6 到達/重返, 等待人數: 1/10
[Barrier] Learner 9 到達/重返, 等待人數: 2/10
[Barrier] Learner 5 到達/重返, 等待人數: 3/10
[Barrier] Learner 4 到達/重返, 等待人數: 4/10
[Barrier] Learner 2 到達/重返, 等待人數: 5/10
[Barrier] Learner 7 到達/重返, 等待人數: 6/10
[Barrier] Learner 1 到達/重返, 等待人數: 7/10
[Barrier] Learner 0 到達/重返, 等待人數: 8/10
[Barrier] Learner 3 到達/重返, 等待人數: 9/10
[Barrier] Learner 8 到達/重返, 等待人數: 10/10
[Global EQ] 啟動 Leader SAT 尋找反例
[Barrier] Learner 6 到達/重返, 等待人數: 1/10
[Barrier] Learner 1 到達/重返, 等待人數: 2/10
[Barrier] Learner 2 到達/重返, 等待人數: 3/10
[Barrier] Learner 7 到達/重返, 等待人數: 4/10
[Barrier] Learner 3 到達/重返, 等待人數: 5/10
[Barrier] Learner 0 到達/重返, 等待人數: 6/10
[Table] MQ/CE SAT 填 hash=0xbbaebbdc6c294f0e
[Table] MQ/CE SAT 填 hash=0xe608b0e2c94a1e43
[Barrier] Learner 4 到達/重返, 等待人數: 7/10
[Table] MQ/CE SAT 填 hash=0x39db2e146581169
[Table] MQ/CE SAT 填 hash=0x3e4b3756f4843e8e
[Table] MQ/CE SAT 填 hash=0x4e9ec6c6458f9c7e
[Table] MQ/CE SAT 填 hash=0x8fed048389bd143e
[Barrier] Learner 9 到達/重返, 等待人數: 8/10
[Barrier] Learner 8 到達/重返, 等待人數: 9/10
[Barrier] Learner 5 到達/重返, 等待人數: 10/10
[Global EQ] 啟動 Leader SAT 尋找反例
[Barrier] Learner 5 到達/重返, 等待人數: 1/10
[Barrier] Learner 6 到達/重返, 等待人數: 2/10
[Barrier] Learner 0 到達/重返, 等待人數: 3/10
[Barrier] Learner 2 到達/重返, 等待人數: 4/10
[Barrier] Learner 4 到達/重返, 等待人數: 5/10
[Barrier] Learner 1 到達/重返, 等待人數: 6/10
[Barrier] Learner 7 到達/重返, 等待人數: 7/10
[Barrier] Learner 9 到達/重返, 等待人數: 8/10
[Barrier] Learner 3 到達/重返, 等待人數: 9/10
[Barrier] Learner 8 到達/重返, 等待人數: 10/10
[Global EQ] 啟動 Leader SAT 尋找反例
[Barrier] Learner 8 到達/重返, 等待人數: 1/10
[Barrier] Learner 3 到達/重返, 等待人數: 2/10
[Barrier] Learner 0 到達/重返, 等待人數: 3/10
[Barrier] Learner 2 到達/重返, 等待人數: 4/10
[Barrier] Learner 7 到達/重返, 等待人數: 5/10
[Barrier] Learner 6 到達/重返, 等待人數: 6/10
[Barrier] Learner 5 到達/重返, 等待人數: 7/10
[Barrier] Learner 1 到達/重返, 等待人數: 8/10
[Barrier] Learner 9 到達/重返, 等待人數: 9/10
[Barrier] Learner 4 到達/重返, 等待人數: 10/10
[Global EQ] 啟動 Leader SAT 尋找反例
[Barrier] Learner 4 到達/重返, 等待人數: 1/10
[Barrier] Learner 8 到達/重返, 等待人數: 2/10
[Barrier] Learner 3 到達/重返, 等待人數: 3/10
[Barrier] Learner 7 到達/重返, 等待人數: 4/10
[Barrier] Learner 5 到達/重返, 等待人數: 5/10
[Barrier] Learner 6 到達/重返, 等待人數: 6/10
[Barrier] Learner 2 到達/重返, 等待人數: 7/10
[Barrier] Learner 1 到達/重返, 等待人數: 8/10
[Barrier] Learner 0 到達/重返, 等待人數: 9/10
[Table] MQ/CE SAT 填 hash=0x9b079cfdca12932e
[Barrier] Learner 9 到達/重返, 等待人數: 10/10
[Global EQ] 啟動 Leader SAT 尋找反例
[Barrier] Learner 9 到達/重返, 等待人數: 1/10
[Barrier] Learner 4 到達/重返, 等待人數: 2/10
[Barrier] Learner 0 到達/重返, 等待人數: 3/10
[Barrier] Learner 7 到達/重返, 等待人數: 4/10
[Barrier] Learner 5 到達/重返, 等待人數: 5/10
[Barrier] Learner 8 到達/重返, 等待人數: 6/10
[Barrier] Learner 1 到達/重返, 等待人數: 7/10
[Barrier] Learner 2 到達/重返, 等待人數: 8/10
[Barrier] Learner 3 到達/重返, 等待人數: 9/10
[Barrier] Learner 6 到達/重返, 等待人數: 10/10
[Global EQ] 啟動 Leader SAT 尋找反例
[Barrier] Learner 4 到達/重返, 等待人數: 1/10
[Barrier] Learner 0 到達/重返, 等待人數: 2/10
[Barrier] Learner 6 到達/重返, 等待人數: 3/10
[Barrier] Learner 2 到達/重返, 等待人數: 4/10
[Barrier] Learner 1 到達/重返, 等待人數: 5/10
[Barrier] Learner 5 到達/重返, 等待人數: 6/10
[Barrier] Learner 8 到達/重返, 等待人數: 7/10
[Barrier] Learner 9 到達/重返, 等待人數: 8/10
[Barrier] Learner 7 到達/重返, 等待人數: 9/10
[Barrier] Learner 3 到達/重返, 等待人數: 10/10
[Global EQ] 啟動 Leader SAT 尋找反例
[Barrier] Learner 3 到達/重返, 等待人數: 1/10
[Barrier] Learner 7 到達/重返, 等待人數: 2/10
[Barrier] Learner 2 到達/重返, 等待人數: 3/10
[Barrier] Learner 8 到達/重返, 等待人數: 4/10
[Barrier] Learner 6 到達/重返, 等待人數: 5/10
[Barrier] Learner 9 到達/重返, 等待人數: 6/10
[Barrier] Learner 5 到達/重返, 等待人數: 7/10
[Barrier] Learner 1 到達/重返, 等待人數: 8/10
[Barrier] Learner 4 到達/重返, 等待人數: 9/10
[Barrier] Learner 0 到達/重返, 等待人數: 10/10
[Global EQ] 啟動 Leader SAT 尋找反例
[Barrier] Learner 0 到達/重返, 等待人數: 1/10
[Barrier] Learner 8 到達/重返, 等待人數: 2/10
[Barrier] Learner 4 到達/重返, 等待人數: 3/10
[Barrier] Learner 7 到達/重返, 等待人數: 4/10
[Barrier] Learner 1 到達/重返, 等待人數: 5/10
[Barrier] Learner 2 到達/重返, 等待人數: 6/10
[Barrier] Learner 3 到達/重返, 等待人數: 7/10
[Barrier] Learner 5 到達/重返, 等待人數: 8/10
[Table] MQ/CE SAT 填 hash=0x1062a5e9266aed78
[Table] MQ/CE SAT 填 hash=0xa352b0d2ffd13ae8
[Barrier] Learner 9 到達/重返, 等待人數: 9/10
[Table] MQ/CE SAT 填 hash=0x20b6355877764b68
[Barrier] Learner 6 到達/重返, 等待人數: 10/10
[Global EQ] 啟動 Leader SAT 尋找反例
[Table] MQ/CE SAT 填 hash=0x725802850caf2118
[Barrier] Learner 6 到達/重返, 等待人數: 1/10
[Barrier] Learner 1 到達/重返, 等待人數: 2/10
[Barrier] Learner 2 到達/重返, 等待人數: 3/10
[Barrier] Learner 7 到達/重返, 等待人數: 4/10
[Barrier] Learner 9 到達/重返, 等待人數: 5/10
[Barrier] Learner 3 到達/重返, 等待人數: 6/10
[Barrier] Learner 4 到達/重返, 等待人數: 7/10
[Barrier] Learner 0 到達/重返, 等待人數: 8/10
[Barrier] Learner 8 到達/重返, 等待人數: 9/10
[Table] MQ/CE SAT 填 hash=0x3109c4c7c881a958
[Table] MQ/CE SAT 填 hash=0x51b0e3a66a986538
[Barrier] Learner 5 到達/重返, 等待人數: 10/10
[Global EQ] 啟動 Leader SAT 尋找反例
[Barrier] Learner 5 到達/重返, 等待人數: 1/10
[Barrier] Learner 1 到達/重返, 等待人數: 2/10
[Barrier] Learner 3 到達/重返, 等待人數: 3/10
[Barrier] Learner 4 到達/重返, 等待人數: 4/10
[Barrier] Learner 2 到達/重返, 等待人數: 5/10
[Barrier] Learner 7 到達/重返, 等待人數: 6/10
[Barrier] Learner 9 到達/重返, 等待人數: 7/10
[Barrier] Learner 6 到達/重返, 等待人數: 8/10
[Barrier] Learner 0 到達/重返, 等待人數: 9/10
[Barrier] Learner 8 到達/重返, 等待人數: 10/10
[Global EQ] 啟動 Leader SAT 尋找反例
[Barrier] Learner 8 到達/重返, 等待人數: 1/10
[Barrier] Learner 6 到達/重返, 等待人數: 2/10
[Barrier] Learner 0 到達/重返, 等待人數: 3/10
[Barrier] Learner 1 到達/重返, 等待人數: 4/10
[Barrier] Learner 5 到達/重返, 等待人數: 5/10
[Barrier] Learner 3 到達/重返, 等待人數: 6/10
[Barrier] Learner 4 到達/重返, 等待人數: 7/10
[Barrier] Learner 2 到達/重返, 等待人數: 8/10
[Barrier] Learner 9 到達/重返, 等待人數: 9/10
[Table] MQ/CE SAT 填 hash=0x78f8bbcca2b06bb3
[Barrier] Learner 7 到達/重返, 等待人數: 10/10
[Global EQ] 啟動 Leader SAT 尋找反例
[Barrier] Learner 7 到達/重返, 等待人數: 1/10
[Barrier] Learner 5 到達/重返, 等待人數: 2/10
[Barrier] Learner 2 到達/重返, 等待人數: 3/10
[Barrier] Learner 0 到達/重返, 等待人數: 4/10
[Barrier] Learner 3 到達/重返, 等待人數: 5/10
[Barrier] Learner 4 到達/重返, 等待人數: 6/10
[Barrier] Learner 9 到達/重返, 等待人數: 7/10
[Barrier] Learner 6 到達/重返, 等待人數: 8/10
[Barrier] Learner 8 到達/重返, 等待人數: 9/10
[Barrier] Learner 1 到達/重返, 等待人數: 10/10
[Global EQ] 啟動 Leader SAT 尋找反例
[Barrier] Learner 1 到達/重返, 等待人數: 1/10
[Barrier] Learner 7 到達/重返, 等待人數: 2/10
[Barrier] Learner 2 到達/重返, 等待人數: 3/10
[Barrier] Learner 3 到達/重返, 等待人數: 4/10
[Barrier] Learner 4 到達/重返, 等待人數: 5/10
[Barrier] Learner 8 到達/重返, 等待人數: 6/10
[Barrier] Learner 6 到達/重返, 等待人數: 7/10
[Barrier] Learner 5 到達/重返, 等待人數: 8/10
[Barrier] Learner 9 到達/重返, 等待人數: 9/10
[Barrier] Learner 0 到達/重返, 等待人數: 10/10
[Global EQ] 啟動 Leader SAT 尋找反例
[Barrier] Learner 1 到達/重返, 等待人數: 1/10
[Barrier] Learner 2 到達/重返, 等待人數: 2/10
[Barrier] Learner 7 到達/重返, 等待人數: 3/10
[Barrier] Learner 5 到達/重返, 等待人數: 4/10
[Barrier] Learner 3 到達/重返, 等待人數: 5/10
[Barrier] Learner 4 到達/重返, 等待人數: 6/10
[Barrier] Learner 8 到達/重返, 等待人數: 7/10
[Table] MQ/CE SAT 填 hash=0xcc024b4bbd34acfe
[Table] MQ/CE SAT 填 hash=0xb3a6404250dc98d8
[Barrier] Learner 0 到達/重返, 等待人數: 8/10
[Barrier] Learner 9 到達/重返, 等待人數: 9/10
[Barrier] Learner 6 到達/重返, 等待人數: 10/10
[Global EQ] 啟動 Leader SAT 尋找反例
[Barrier] Learner 6 到達/重返, 等待人數: 1/10
[Barrier] Learner 8 到達/重返, 等待人數: 2/10
[Barrier] Learner 1 到達/重返, 等待人數: 3/10
[Barrier] Learner 5 到達/重返, 等待人數: 4/10
[Barrier] Learner 9 到達/重返, 等待人數: 5/10
[Barrier] Learner 3 到達/重返, 等待人數: 6/10
[Barrier] Learner 4 到達/重返, 等待人數: 7/10
[Barrier] Learner 2 到達/重返, 等待人數: 8/10
[Barrier] Learner 7 到達/重返, 等待人數: 9/10
[Barrier] Learner 0 到達/重返, 等待人數: 10/10
[Global EQ] 啟動 Leader SAT 尋找反例
[Barrier] Learner 0 到達/重返, 等待人數: 1/10
[Barrier] Learner 4 到達/重返, 等待人數: 2/10
[Barrier] Learner 2 到達/重返, 等待人數: 3/10
[Barrier] Learner 7 到達/重返, 等待人數: 4/10
[Barrier] Learner 8 到達/重返, 等待人數: 5/10
[Barrier] Learner 5 到達/重返, 等待人數: 6/10
[Barrier] Learner 1 到達/重返, 等待人數: 7/10
[Barrier] Learner 9 到達/重返, 等待人數: 8/10
[Barrier] Learner 3 到達/重返, 等待人數: 9/10
[Barrier] Learner 6 到達/重返, 等待人數: 10/10
[Global EQ] 啟動 Leader SAT 尋找反例
[Barrier] Learner 6 到達/重返, 等待人數: 1/10
[Barrier] Learner 8 到達/重返, 等待人數: 2/10
[Barrier] Learner 1 到達/重返, 等待人數: 3/10
[Barrier] Learner 9 到達/重返, 等待人數: 4/10
[Barrier] Learner 7 到達/重返, 等待人數: 5/10
[Barrier] Learner 3 到達/重返, 等待人數: 6/10
[Barrier] Learner 4 到達/重返, 等待人數: 7/10
[Barrier] Learner 0 到達/重返, 等待人數: 8/10
[Barrier] Learner 2 到達/重返, 等待人數: 9/10
[Barrier] Learner 5 到達/重返, 等待人數: 10/10
[Global EQ] 啟動 Leader SAT 尋找反例
[Table] MQ/CE SAT 填 hash=0x68a52c5d51a50dc3
[Barrier] Learner 5 到達/重返, 等待人數: 1/10
[Barrier] Learner 3 到達/重返, 等待人數: 2/10
[Barrier] Learner 9 到達/重返, 等待人數: 3/10
[Barrier] Learner 6 到達/重返, 等待人數: 4/10
[Barrier] Learner 1 到達/重返, 等待人數: 5/10
[Barrier] Learner 7 到達/重返, 等待人數: 6/10
[Barrier] Learner 8 到達/重返, 等待人數: 7/10
[Barrier] Learner 2 到達/重返, 等待人數: 8/10
[Barrier] Learner 0 到達/重返, 等待人數: 9/10
[Table] MQ/CE SAT 填 hash=0x894c4b3bf3bbc9a3
[Barrier] Learner 4 到達/重返, 等待人數: 10/10
[Global EQ] 啟動 Leader SAT 尋找反例
[Barrier] Learner 6 到達/重返, 等待人數: 1/10
[Barrier] Learner 4 到達/重返, 等待人數: 2/10
[Barrier] Learner 3 到達/重返, 等待人數: 3/10
[Barrier] Learner 1 到達/重返, 等待人數: 4/10
[Barrier] Learner 9 到達/重返, 等待人數: 5/10
[Barrier] Learner 0 到達/重返, 等待人數: 6/10
[Barrier] Learner 7 到達/重返, 等待人數: 7/10
[Barrier] Learner 2 到達/重返, 等待人數: 8/10
[Barrier] Learner 5 到達/重返, 等待人數: 9/10
[Barrier] Learner 8 到達/重返, 等待人數: 10/10
[Global EQ] 啟動 Leader SAT 尋找反例
[Barrier] Learner 8 到達/重返, 等待人數: 1/10
[Barrier] Learner 5 到達/重返, 等待人數: 2/10
[Barrier] Learner 4 到達/重返, 等待人數: 3/10
[Barrier] Learner 3 到達/重返, 等待人數: 4/10
[Barrier] Learner 2 到達/重返, 等待人數: 5/10
[Barrier] Learner 6 到達/重返, 等待人數: 6/10
[Barrier] Learner 7 到達/重返, 等待人數: 7/10
[Barrier] Learner 1 到達/重返, 等待人數: 8/10
[Barrier] Learner 9 到達/重返, 等待人數: 9/10
[Barrier] Learner 0 到達/重返, 等待人數: 10/10
[Global EQ] 啟動 Leader SAT 尋找反例
[Table] MQ/CE SAT 填 hash=0xfcfcf999b056c6ce
[Barrier] Learner 4 到達/重返, 等待人數: 1/10
[Barrier] Learner 0 到達/重返, 等待人數: 2/10
[Barrier] Learner 7 到達/重返, 等待人數: 3/10
[Barrier] Learner 9 到達/重返, 等待人數: 4/10
[Barrier] Learner 8 到達/重返, 等待人數: 5/10
[Barrier] Learner 1 到達/重返, 等待人數: 6/10
[Barrier] Learner 6 到達/重返, 等待人數: 7/10
[Barrier] Learner 2 到達/重返, 等待人數: 8/10
[Barrier] Learner 3 到達/重返, 等待人數: 9/10
[Barrier] Learner 5 到達/重返, 等待人數: 10/10
[Global EQ] 啟動 Leader SAT 尋找反例
[Barrier] Learner 7 到達/重返, 等待人數: 1/10
[Barrier] Learner 0 到達/重返, 等待人數: 2/10
[Barrier] Learner 5 到達/重返, 等待人數: 3/10
[Barrier] Learner 1 到達/重返, 等待人數: 4/10
[Barrier] Learner 2 到達/重返, 等待人數: 5/10
[Barrier] Learner 8 到達/重返, 等待人數: 6/10
[Barrier] Learner 9 到達/重返, 等待人數: 7/10
[Barrier] Learner 6 到達/重返, 等待人數: 8/10
[Barrier] Learner 4 到達/重返, 等待人數: 9/10
[Barrier] Learner 3 到達/重返, 等待人數: 10/10
[Global EQ] 啟動 Leader SAT 尋找反例
[Barrier] Learner 3 到達/重返, 等待人數: 1/10
[Barrier] Learner 8 到達/重返, 等待人數: 2/10
[Barrier] Learner 1 到達/重返, 等待人數: 3/10
[Barrier] Learner 0 到達/重返, 等待人數: 4/10
[Barrier] Learner 9 到達/重返, 等待人數: 5/10
[Barrier] Learner 7 到達/重返, 等待人數: 6/10
[Barrier] Learner 2 到達/重返, 等待人數: 7/10
[Barrier] Learner 4 到達/重返, 等待人數: 8/10
[Barrier] Learner 6 到達/重返, 等待人數: 9/10
[Barrier] Learner 5 到達/重返, 等待人數: 10/10
[Global EQ] 啟動 Leader SAT 尋找反例
[Barrier] Learner 5 到達/重返, 等待人數: 1/10
[Barrier] Learner 2 到達/重返, 等待人數: 2/10
[Barrier] Learner 3 到達/重返, 等待人數: 3/10
[Barrier] Learner 8 到達/重返, 等待人數: 4/10
[Barrier] Learner 7 到達/重返, 等待人數: 5/10
[Barrier] Learner 4 到達/重返, 等待人數: 6/10
[Barrier] Learner 6 到達/重返, 等待人數: 7/10
[Barrier] Learner 0 到達/重返, 等待人數: 8/10
[Barrier] Learner 1 到達/重返, 等待人數: 9/10
[Barrier] Learner 9 到達/重返, 等待人數: 10/10
[Global EQ] 啟動 Leader SAT 尋找反例
[Barrier] Learner 9 到達/重返, 等待人數: 1/10
[Barrier] Learner 5 到達/重返, 等待人數: 2/10
[Barrier] Learner 2 到達/重返, 等待人數: 3/10
[Barrier] Learner 7 到達/重返, 等待人數: 4/10
[Barrier] Learner 6 到達/重返, 等待人數: 5/10
[Barrier] Learner 3 到達/重返, 等待人數: 6/10
[Barrier] Learner 0 到達/重返, 等待人數: 7/10
[Barrier] Learner 8 到達/重返, 等待人數: 8/10
[Barrier] Learner 1 到達/重返, 等待人數: 9/10
[Barrier] Learner 4 到達/重返, 等待人數: 10/10
[Global EQ] 啟動 Leader SAT 尋找反例
[Barrier] Learner 2 到達/重返, 等待人數: 1/10
[Barrier] Learner 8 到達/重返, 等待人數: 2/10
[Barrier] Learner 1 到達/重返, 等待人數: 3/10
[Barrier] Learner 4 到達/重返, 等待人數: 4/10
[Barrier] Learner 7 到達/重返, 等待人數: 5/10
[Barrier] Learner 9 到達/重返, 等待人數: 6/10
[Barrier] Learner 6 到達/重返, 等待人數: 7/10
[Barrier] Learner 0 到達/重返, 等待人數: 8/10
[Barrier] Learner 3 到達/重返, 等待人數: 9/10
[Barrier] Learner 5 到達/重返, 等待人數: 10/10
[Global EQ] 啟動 Leader SAT 尋找反例
[Barrier] Learner 1 到達/重返, 等待人數: 1/10
[Barrier] Learner 9 到達/重返, 等待人數: 2/10
[Barrier] Learner 4 到達/重返, 等待人數: 3/10
[Barrier] Learner 2 到達/重返, 等待人數: 4/10
[Barrier] Learner 7 到達/重返, 等待人數: 5/10
[Barrier] Learner 3 到達/重返, 等待人數: 6/10
[Barrier] Learner 6 到達/重返, 等待人數: 7/10
[Barrier] Learner 8 到達/重返, 等待人數: 8/10
[Barrier] Learner 0 到達/重返, 等待人數: 9/10
[Barrier] Learner 5 到達/重返, 等待人數: 10/10
[Global EQ] 啟動 Leader SAT 尋找反例
[Barrier] Learner 2 到達/重返, 等待人數: 1/10
[Barrier] Learner 1 到達/重返, 等待人數: 2/10
[Barrier] Learner 5 到達/重返, 等待人數: 3/10
[Barrier] Learner 0 到達/重返, 等待人數: 4/10
[Barrier] Learner 4 到達/重返, 等待人數: 5/10
[Barrier] Learner 9 到達/重返, 等待人數: 6/10
[Barrier] Learner 8 到達/重返, 等待人數: 7/10
[Barrier] Learner 7 到達/重返, 等待人數: 8/10
[Barrier] Learner 3 到達/重返, 等待人數: 9/10
[Barrier] Learner 6 到達/重返, 等待人數: 10/10
[Global EQ] 啟動 Leader SAT 尋找反例
[Barrier] Learner 6 到達/重返, 等待人數: 1/10
[Barrier] Learner 8 到達/重返, 等待人數: 2/10
[Barrier] Learner 2 到達/重返, 等待人數: 3/10
[Barrier] Learner 4 到達/重返, 等待人數: 4/10
[Barrier] Learner 9 到達/重返, 等待人數: 5/10
[Barrier] Learner 3 到達/重返, 等待人數: 6/10
[Barrier] Learner 7 到達/重返, 等待人數: 7/10
[Barrier] Learner 0 到達/重返, 等待人數: 8/10
[Barrier] Learner 1 到達/重返, 等待人數: 9/10
[Barrier] Learner 5 到達/重返, 等待人數: 10/10
[Global EQ] 啟動 Leader SAT 尋找反例
[Barrier] Learner 5 到達/重返, 等待人數: 1/10
[Barrier] Learner 4 到達/重返, 等待人數: 2/10
[Barrier] Learner 6 到達/重返, 等待人數: 3/10
[Barrier] Learner 7 到達/重返, 等待人數: 4/10
[Barrier] Learner 0 到達/重返, 等待人數: 5/10
[Barrier] Learner 8 到達/重返, 等待人數: 6/10
[Barrier] Learner 1 到達/重返, 等待人數: 7/10
[Barrier] Learner 9 到達/重返, 等待人數: 8/10
[Barrier] Learner 2 到達/重返, 等待人數: 9/10
[Barrier] Learner 3 到達/重返, 等待人數: 10/10
[Global EQ] 啟動 Leader SAT 尋找反例
[Barrier] Learner 4 到達/重返, 等待人數: 1/10
[Barrier] Learner 2 到達/重返, 等待人數: 2/10
[Barrier] Learner 0 到達/重返, 等待人數: 3/10
[Barrier] Learner 6 到達/重返, 等待人數: 4/10
[Barrier] Learner 8 到達/重返, 等待人數: 5/10
[Barrier] Learner 1 到達/重返, 等待人數: 6/10
[Barrier] Learner 9 到達/重返, 等待人數: 7/10
[Barrier] Learner 7 到達/重返, 等待人數: 8/10
[Barrier] Learner 3 到達/重返, 等待人數: 9/10
[Barrier] Learner 5 到達/重返, 等待人數: 10/10
[Global EQ] 啟動 Leader SAT 尋找反例
[Barrier] Learner 5 到達/重返, 等待人數: 1/10
[Barrier] Learner 4 到達/重返, 等待人數: 2/10
[Barrier] Learner 2 到達/重返, 等待人數: 3/10
[Barrier] Learner 8 到達/重返, 等待人數: 4/10
[Barrier] Learner 6 到達/重返, 等待人數: 5/10
[Barrier] Learner 1 到達/重返, 等待人數: 6/10
[Barrier] Learner 3 到達/重返, 等待人數: 7/10
[Barrier] Learner 0 到達/重返, 等待人數: 8/10
[Barrier] Learner 7 到達/重返, 等待人數: 9/10
[Barrier] Learner 9 到達/重返, 等待人數: 10/10
[Global EQ] 啟動 Leader SAT 尋找反例
[Barrier] Learner 9 到達/重返, 等待人數: 1/10
[Barrier] Learner 5 到達/重返, 等待人數: 2/10
[Barrier] Learner 4 到達/重返, 等待人數: 3/10
[Barrier] Learner 3 到達/重返, 等待人數: 4/10
[Barrier] Learner 2 到達/重返, 等待人數: 5/10
[Barrier] Learner 1 到達/重返, 等待人數: 6/10
[Barrier] Learner 8 到達/重返, 等待人數: 7/10
[Barrier] Learner 7 到達/重返, 等待人數: 8/10
[Barrier] Learner 6 到達/重返, 等待人數: 9/10
[Barrier] Learner 0 到達/重返, 等待人數: 10/10
[Global EQ] 啟動 Leader SAT 尋找反例
[Barrier] Learner 0 到達/重返, 等待人數: 1/10
[Barrier] Learner 5 到達/重返, 等待人數: 2/10
[Barrier] Learner 6 到達/重返, 等待人數: 3/10
[Barrier] Learner 8 到達/重返, 等待人數: 4/10
[Barrier] Learner 2 到達/重返, 等待人數: 5/10
[Barrier] Learner 4 到達/重返, 等待人數: 6/10
[Barrier] Learner 3 到達/重返, 等待人數: 7/10
[Barrier] Learner 7 到達/重返, 等待人數: 8/10
[Barrier] Learner 1 到達/重返, 等待人數: 9/10
[Barrier] Learner 9 到達/重返, 等待人數: 10/10
[Global EQ] 啟動 Leader SAT 尋找反例
[Barrier] Learner 9 到達/重返, 等待人數: 1/10
[Barrier] Learner 0 到達/重返, 等待人數: 2/10
[Barrier] Learner 2 到達/重返, 等待人數: 3/10
[Barrier] Learner 5 到達/重返, 等待人數: 4/10
[Barrier] Learner 7 到達/重返, 等待人數: 5/10
[Barrier] Learner 1 到達/重返, 等待人數: 6/10
[Barrier] Learner 3 到達/重返, 等待人數: 7/10
[Barrier] Learner 8 到達/重返, 等待人數: 8/10
[Barrier] Learner 6 到達/重返, 等待人數: 9/10
[Table] MQ/CE SAT 填 hash=0xf34a2371f54cb379
[Barrier] Learner 4 到達/重返, 等待人數: 10/10
[Global EQ] 啟動 Leader SAT 尋找反例
[Barrier] Learner 0 到達/重返, 等待人數: 1/10
[Barrier] Learner 1 到達/重返, 等待人數: 2/10
[Barrier] Learner 3 到達/重返, 等待人數: 3/10
[Barrier] Learner 9 到達/重返, 等待人數: 4/10
[Barrier] Learner 7 到達/重返, 等待人數: 5/10
[Barrier] Learner 8 到達/重返, 等待人數: 6/10
[Barrier] Learner 6 到達/重返, 等待人數: 7/10
[Barrier] Learner 4 到達/重返, 等待人數: 8/10
[Barrier] Learner 2 到達/重返, 等待人數: 9/10
[Barrier] Learner 5 到達/重返, 等待人數: 10/10
[Global EQ] 啟動 Leader SAT 尋找反例
[Barrier] Learner 5 到達/重返, 等待人數: 1/10
[Barrier] Learner 7 到達/重返, 等待人數: 2/10
[Barrier] Learner 1 到達/重返, 等待人數: 3/10
[Barrier] Learner 6 到達/重返, 等待人數: 4/10
[Barrier] Learner 0 到達/重返, 等待人數: 5/10
[Barrier] Learner 8 到達/重返, 等待人數: 6/10
[Barrier] Learner 2 到達/重返, 等待人數: 7/10
[Barrier] Learner 4 到達/重返, 等待人數: 8/10
[Barrier] Learner 3 到達/重返, 等待人數: 9/10
[Barrier] Learner 9 到達/重返, 等待人數: 10/10
[Global EQ] 啟動 Leader SAT 尋找反例
[Barrier] Learner 0 到達/重返, 等待人數: 1/10
[Barrier] Learner 8 到達/重返, 等待人數: 2/10
[Barrier] Learner 5 到達/重返, 等待人數: 3/10
[Barrier] Learner 4 到達/重返, 等待人數: 4/10
[Barrier] Learner 7 到達/重返, 等待人數: 5/10
[Barrier] Learner 2 到達/重返, 等待人數: 6/10
[Barrier] Learner 1 到達/重返, 等待人數: 7/10
[Barrier] Learner 6 到達/重返, 等待人數: 8/10
[Barrier] Learner 3 到達/重返, 等待人數: 9/10
[Table] MQ/CE SAT 填 hash=0x70ada7f76cf1c3f9
[Barrier] Learner 9 到達/重返, 等待人數: 10/10
[Global EQ] 啟動 Leader SAT 尋找反例
[Barrier] Learner 4 到達/重返, 等待人數: 1/10
[Barrier] Learner 6 到達/重返, 等待人數: 2/10
[Barrier] Learner 0 到達/重返, 等待人數: 3/10
[Barrier] Learner 3 到達/重返, 等待人數: 4/10
[Barrier] Learner 7 到達/重返, 等待人數: 5/10
[Barrier] Learner 5 到達/重返, 等待人數: 6/10
[Barrier] Learner 1 到達/重返, 等待人數: 7/10
[Barrier] Learner 8 到達/重返, 等待人數: 8/10
[Barrier] Learner 9 到達/重返, 等待人數: 9/10
[Barrier] Learner 2 到達/重返, 等待人數: 10/10
[Global EQ] 啟動 Leader SAT 尋找反例
[Barrier] Learner 0 到達/重返, 等待人數: 1/10
[Barrier] Learner 2 到達/重返, 等待人數: 2/10
[Barrier] Learner 6 到達/重返, 等待人數: 3/10
[Barrier] Learner 3 到達/重返, 等待人數: 4/10
[Barrier] Learner 7 到達/重返, 等待人數: 5/10
[Barrier] Learner 8 到達/重返, 等待人數: 6/10
[Barrier] Learner 5 到達/重返, 等待人數: 7/10
[Barrier] Learner 1 到達/重返, 等待人數: 8/10
[Barrier] Learner 4 到達/重返, 等待人數: 9/10
[Barrier] Learner 9 到達/重返, 等待人數: 10/10
[Global EQ] 啟動 Leader SAT 尋找反例
[Barrier] Learner 9 到達/重返, 等待人數: 1/10
[Barrier] Learner 2 到達/重返, 等待人數: 2/10
[Barrier] Learner 0 到達/重返, 等待人數: 3/10
[Barrier] Learner 3 到達/重返, 等待人數: 4/10
[Barrier] Learner 4 到達/重返, 等待人數: 5/10
[Barrier] Learner 7 到達/重返, 等待人數: 6/10
[Barrier] Learner 5 到達/重返, 等待人數: 7/10
[Barrier] Learner 8 到達/重返, 等待人數: 8/10
[Barrier] Learner 6 到達/重返, 等待人數: 9/10
[Table] MQ/CE SAT 填 hash=0x6afcfc16b60da23
[Barrier] Learner 1 到達/重返, 等待人數: 10/10
[Global EQ] 啟動 Leader SAT 尋找反例
[Barrier] Learner 1 到達/重返, 等待人數: 1/10
[Barrier] Learner 7 到達/重返, 等待人數: 2/10
[Barrier] Learner 2 到達/重返, 等待人數: 3/10
[Barrier] Learner 9 到達/重返, 等待人數: 4/10
[Barrier] Learner 4 到達/重返, 等待人數: 5/10
[Barrier] Learner 3 到達/重返, 等待人數: 6/10
[Barrier] Learner 6 到達/重返, 等待人數: 7/10
[Barrier] Learner 5 到達/重返, 等待人數: 8/10
[Barrier] Learner 0 到達/重返, 等待人數: 9/10
[Barrier] Learner 8 到達/重返, 等待人數: 10/10
[Global EQ] 啟動 Leader SAT 尋找反例
[Barrier] Learner 8 到達/重返, 等待人數: 1/10
[Barrier] Learner 5 到達/重返, 等待人數: 2/10
[Barrier] Learner 4 到達/重返, 等待人數: 3/10
[Barrier] Learner 9 到達/重返, 等待人數: 4/10
[Barrier] Learner 1 到達/重返, 等待人數: 5/10
[Barrier] Learner 7 到達/重返, 等待人數: 6/10
[Barrier] Learner 3 到達/重返, 等待人數: 7/10
[Barrier] Learner 6 到達/重返, 等待人數: 8/10
[Barrier] Learner 0 到達/重返, 等待人數: 9/10
[Barrier] Learner 2 到達/重返, 等待人數: 10/10
[Global EQ] 啟動 Leader SAT 尋找反例
[Barrier] Learner 2 到達/重返, 等待人數: 1/10
[Barrier] Learner 1 到達/重返, 等待人數: 2/10
[Barrier] Learner 4 到達/重返, 等待人數: 3/10
[Barrier] Learner 7 到達/重返, 等待人數: 4/10
[Barrier] Learner 6 到達/重返, 等待人數: 5/10
[Barrier] Learner 0 到達/重返, 等待人數: 6/10
[Barrier] Learner 9 到達/重返, 等待人數: 7/10
[Barrier] Learner 5 到達/重返, 等待人數: 8/10
[Barrier] Learner 3 到達/重返, 等待人數: 9/10
[Barrier] Learner 8 到達/重返, 等待人數: 10/10
[Global EQ] 啟動 Leader SAT 尋找反例
[Barrier] Learner 8 到達/重返, 等待人數: 1/10
[Barrier] Learner 6 到達/重返, 等待人數: 2/10
[Barrier] Learner 3 到達/重返, 等待人數: 3/10
[Barrier] Learner 9 到達/重返, 等待人數: 4/10
[Barrier] Learner 5 到達/重返, 等待人數: 5/10
[Barrier] Learner 1 到達/重返, 等待人數: 6/10
[Barrier] Learner 7 到達/重返, 等待人數: 7/10
[Barrier] Learner 0 到達/重返, 等待人數: 8/10
[Barrier] Learner 4 到達/重返, 等待人數: 9/10
[Barrier] Learner 2 到達/重返, 等待人數: 10/10
[Global EQ] 啟動 Leader SAT 尋找反例
[Barrier] Learner 2 到達/重返, 等待人數: 1/10
[Barrier] Learner 7 到達/重返, 等待人數: 2/10
[Barrier] Learner 3 到達/重返, 等待人數: 3/10
[Barrier] Learner 8 到達/重返, 等待人數: 4/10
[Barrier] Learner 4 到達/重返, 等待人數: 5/10
[Barrier] Learner 9 到達/重返, 等待人數: 6/10
[Barrier] Learner 6 到達/重返, 等待人數: 7/10
[Barrier] Learner 5 到達/重返, 等待人數: 8/10
[Barrier] Learner 1 到達/重返, 等待人數: 9/10
[Barrier] Learner 0 到達/重返, 等待人數: 10/10
[Global EQ] 啟動 Leader SAT 尋找反例
[Barrier] Learner 7 到達/重返, 等待人數: 1/10
[Barrier] Learner 0 到達/重返, 等待人數: 2/10
[Barrier] Learner 6 到達/重返, 等待人數: 3/10
[Barrier] Learner 8 到達/重返, 等待人數: 4/10
[Barrier] Learner 2 到達/重返, 等待人數: 5/10
[Barrier] Learner 5 到達/重返, 等待人數: 6/10
[Barrier] Learner 4 到達/重返, 等待人數: 7/10
[Barrier] Learner 9 到達/重返, 等待人數: 8/10
[Barrier] Learner 3 到達/重返, 等待人數: 9/10
[Barrier] Learner 1 到達/重返, 等待人數: 10/10
[Global EQ] 啟動 Leader SAT 尋找反例
[Barrier] Learner 0 到達/重返, 等待人數: 1/10
[Barrier] Learner 1 到達/重返, 等待人數: 2/10
[Barrier] Learner 3 到達/重返, 等待人數: 3/10
[Barrier] Learner 2 到達/重返, 等待人數: 4/10
[Barrier] Learner 9 到達/重返, 等待人數: 5/10
[Barrier] Learner 4 到達/重返, 等待人數: 6/10
[Barrier] Learner 5 到達/重返, 等待人數: 7/10
[Barrier] Learner 6 到達/重返, 等待人數: 8/10
[Barrier] Learner 8 到達/重返, 等待人數: 9/10
[Barrier] Learner 7 到達/重返, 等待人數: 10/10
[Global EQ] 啟動 Leader SAT 尋找反例
[Barrier] Learner 7 到達/重返, 等待人數: 1/10
[Barrier] Learner 9 到達/重返, 等待人數: 2/10
[Barrier] Learner 4 到達/重返, 等待人數: 3/10
[Barrier] Learner 6 到達/重返, 等待人數: 4/10
[Barrier] Learner 0 到達/重返, 等待人數: 5/10
[Barrier] Learner 2 到達/重返, 等待人數: 6/10
[Barrier] Learner 1 到達/重返, 等待人數: 7/10
[Barrier] Learner 3 到達/重返, 等待人數: 8/10
[Barrier] Learner 5 到達/重返, 等待人數: 9/10
[Barrier] Learner 8 到達/重返, 等待人數: 10/10
[Global EQ] 啟動 Leader SAT 尋找反例
[Barrier] Learner 8 到達/重返, 等待人數: 1/10
[Barrier] Learner 5 到達/重返, 等待人數: 2/10
[Barrier] Learner 1 到達/重返, 等待人數: 3/10
[Barrier] Learner 0 到達/重返, 等待人數: 4/10
[Barrier] Learner 2 到達/重返, 等待人數: 5/10
[Barrier] Learner 9 到達/重返, 等待人數: 6/10
[Barrier] Learner 3 到達/重返, 等待人數: 7/10
[Barrier] Learner 6 到達/重返, 等待人數: 8/10
[Barrier] Learner 4 到達/重返, 等待人數: 9/10
[Table] MQ/CE SAT 填 hash=0xdc55dabb0e400aee
[Barrier] Learner 7 到達/重返, 等待人數: 10/10
[Global EQ] 啟動 Leader SAT 尋找反例
[Barrier] Learner 7 到達/重返, 等待人數: 1/10
[Barrier] Learner 4 到達/重返, 等待人數: 2/10
[Barrier] Learner 1 到達/重返, 等待人數: 3/10
[Barrier] Learner 0 到達/重返, 等待人數: 4/10
[Barrier] Learner 5 到達/重返, 等待人數: 5/10
[Barrier] Learner 2 到達/重返, 等待人數: 6/10
[Barrier] Learner 9 到達/重返, 等待人數: 7/10
[Barrier] Learner 6 到達/重返, 等待人數: 8/10
[Barrier] Learner 8 到達/重返, 等待人數: 9/10
[Barrier] Learner 3 到達/重返, 等待人數: 10/10
[Global EQ] 啟動 Leader SAT 尋找反例
[Barrier] Learner 3 到達/重返, 等待人數: 1/10
[Barrier] Learner 8 到達/重返, 等待人數: 2/10
[Barrier] Learner 7 到達/重返, 等待人數: 3/10
[Barrier] Learner 0 到達/重返, 等待人數: 4/10
[Barrier] Learner 9 到達/重返, 等待人數: 5/10
[Barrier] Learner 4 到達/重返, 等待人數: 6/10
[Barrier] Learner 5 到達/重返, 等待人數: 7/10
[Barrier] Learner 1 到達/重返, 等待人數: 8/10
[Barrier] Learner 2 到達/重返, 等待人數: 9/10
[Barrier] Learner 6 到達/重返, 等待人數: 10/10
[Global EQ] 啟動 Leader SAT 尋找反例
[Barrier] Learner 6 到達/重返, 等待人數: 1/10
[Barrier] Learner 3 到達/重返, 等待人數: 2/10
[Barrier] Learner 1 到達/重返, 等待人數: 3/10
[Barrier] Learner 9 到達/重返, 等待人數: 4/10
[Barrier] Learner 2 到達/重返, 等待人數: 5/10
[Barrier] Learner 0 到達/重返, 等待人數: 6/10
[Barrier] Learner 5 到達/重返, 等待人數: 7/10
[Barrier] Learner 7 到達/重返, 等待人數: 8/10
[Barrier] Learner 4 到達/重返, 等待人數: 9/10
[Barrier] Learner 8 到達/重返, 等待人數: 10/10
[Global EQ] 啟動 Leader SAT 尋找反例
[Barrier] Learner 8 到達/重返, 等待人數: 1/10
[Barrier] Learner 4 到達/重返, 等待人數: 2/10
[Barrier] Learner 3 到達/重返, 等待人數: 3/10
[Barrier] Learner 0 到達/重返, 等待人數: 4/10
[Barrier] Learner 6 到達/重返, 等待人數: 5/10
[Barrier] Learner 2 到達/重返, 等待人數: 6/10
[Barrier] Learner 1 到達/重返, 等待人數: 7/10
[Barrier] Learner 5 到達/重返, 等待人數: 8/10
[Barrier] Learner 7 到達/重返, 等待人數: 9/10
[Barrier] Learner 9 到達/重返, 等待人數: 10/10
[Global EQ] 啟動 Leader SAT 尋找反例
[Global EQ] SAT 證明全部正確 (UNSAT)！
Number of Variables Used : 10
Number of Variables Used : 10
Number of Variables Used : 10
[Learner 9 (dec4_z)] 收斂完成！
Number of Variables Used : 10
[Learner 0 (dec0_x)] 收斂完成！
Number of Variables Used : 10
[Learner 3 (dec1_z)] 收斂完成！
Number of Variables Used : 10
Number of Variables Used : 10
[Learner 4 (dec2_x)] 收斂完成！
Number of Variables Used : 10
[Learner 1 (dec0_z)] 收斂完成！
Number of Variables Used : 10
Number of Variables Used : 10
[Learner 7 (dec3_z)] 收斂完成！
[Learner 8 (dec4_x)] 收斂完成！
[Learner 2 (dec1_x)] 收斂完成！
[Learner 6 (dec3_x)] 收斂完成！
[Learner 5 (dec2_z)] 收斂完成！
[Barrier] Learner 0 到達/重返, 等待人數: 1/10
[Barrier] Learner 9 到達/重返, 等待人數: 2/10
[Barrier] Learner 3 到達/重返, 等待人數: 3/10
[Barrier] Learner 7 到達/重返, 等待人數: 4/10
[Barrier] Learner 6 到達/重返, 等待人數: 5/10
[Barrier] Learner 8 到達/重返, 等待人數: 6/10
[Barrier] Learner 1 到達/重返, 等待人數: 7/10
[Barrier] Learner 2 到達/重返, 等待人數: 8/10
[Barrier] Learner 4 到達/重返, 等待人數: 9/10
[Barrier] Learner 5 到達/重返, 等待人數: 10/10
[Global EQ] 啟動 Leader SAT 尋找反例
[Table] MQ/CE SAT 填 hash=0xc3e929a2db4b7a67
[checkpoint] wrote /home/alan23273850/flag-analysis2/[[5,1,3]]_origin/decoder/cms/path_3_hr0_eq1_ok.txt
[Barrier] Learner 5 到達/重返, 等待人數: 1/10
[Barrier] Learner 7 到達/重返, 等待人數: 2/10
[Barrier] Learner 4 到達/重返, 等待人數: 3/10
[Barrier] Learner 8 到達/重返, 等待人數: 4/10
[Barrier] Learner 9 到達/重返, 等待人數: 5/10
[Barrier] Learner 2 到達/重返, 等待人數: 6/10
[Barrier] Learner 1 到達/重返, 等待人數: 7/10
[Barrier] Learner 0 到達/重返, 等待人數: 8/10
[Barrier] Learner 3 到達/重返, 等待人數: 9/10
[Barrier] Learner 6 到達/重返, 等待人數: 10/10
[Global EQ] 啟動 Leader SAT 尋找反例
[Table] MQ/CE SAT 填 hash=0xd43cb9122c56d857
[Barrier] Learner 1 到達/重返, 等待人數: 1/10
[Barrier] Learner 3 到達/重返, 等待人數: 2/10
[Table] MQ/CE SAT 填 hash=0x51a03d97a3fbe8d7
[Table] MQ/CE SAT 填 hash=0x158af6cf70845017
[Table] MQ/CE SAT 填 hash=0x92ee7b54e8296097
[Table] MQ/CE SAT 填 hash=0xf4e3d7f0ce6d9437
[Table] MQ/CE SAT 填 hash=0xb3959a338a401c77
[Table] MQ/CE SAT 填 hash=0x363215ae129b0bf7
[Table] MQ/CE SAT 填 hash=0x72475c764612a4b7
[Table] MQ/CE SAT 填 hash=0x25de863ec18fae07
[Table] MQ/CE SAT 填 hash=0xa3420ac43934be87
[Barrier] Learner 2 到達/重返, 等待人數: 3/10
[Table] MQ/CE SAT 填 hash=0x829aebe5971e02a7
[Barrier] Learner 4 到達/重返, 等待人數: 4/10
[Barrier] Learner 5 到達/重返, 等待人數: 5/10
[Barrier] Learner 7 到達/重返, 等待人數: 6/10
[Barrier] Learner 9 到達/重返, 等待人數: 7/10
[Barrier] Learner 0 到達/重返, 等待人數: 8/10
[Barrier] Learner 6 到達/重返, 等待人數: 9/10
[Barrier] Learner 8 到達/重返, 等待人數: 10/10
[Global EQ] 啟動 Leader SAT 尋找反例
[Table] MQ/CE SAT 填 hash=0x6a1d94be9d8cf5bf
[Barrier] Learner 8 到達/重返, 等待人數: 1/10
[Barrier] Learner 7 到達/重返, 等待人數: 2/10
[Barrier] Learner 1 到達/重返, 等待人數: 3/10
[Barrier] Learner 9 到達/重返, 等待人數: 4/10
[Barrier] Learner 0 到達/重返, 等待人數: 5/10
[Barrier] Learner 6 到達/重返, 等待人數: 6/10
[Barrier] Learner 5 到達/重返, 等待人數: 7/10
[Barrier] Learner 3 到達/重返, 等待人數: 8/10
[Barrier] Learner 2 到達/重返, 等待人數: 9/10
[Barrier] Learner 4 到達/重返, 等待人數: 10/10
[Global EQ] 啟動 Leader SAT 尋找反例
[Table] MQ/CE SAT 填 hash=0x812283844b361aab
[Barrier] Learner 7 到達/重返, 等待人數: 1/10
[Barrier] Learner 5 到達/重返, 等待人數: 2/10
[Barrier] Learner 2 到達/重返, 等待人數: 3/10
[Barrier] Learner 4 到達/重返, 等待人數: 4/10
[Barrier] Learner 6 到達/重返, 等待人數: 5/10
[Barrier] Learner 0 到達/重返, 等待人數: 6/10
[Barrier] Learner 1 到達/重返, 等待人數: 7/10
[Barrier] Learner 9 到達/重返, 等待人數: 8/10
[Barrier] Learner 3 到達/重返, 等待人數: 9/10
[Table] MQ/CE SAT 填 hash=0xfe860809c2db2b2b
[Table] MQ/CE SAT 填 hash=0x3fd445c70708a2eb
[Table] MQ/CE SAT 填 hash=0x6afcfc16b60da23
[Table] MQ/CE SAT 填 hash=0x47fe0d7eaf8e51e3
[Barrier] Learner 8 到達/重返, 等待人數: 10/10
[Global EQ] 啟動 Leader SAT 尋找反例
[Barrier] Learner 1 到達/重返, 等待人數: 1/10
[Barrier] Learner 3 到達/重返, 等待人數: 2/10
[Barrier] Learner 8 到達/重返, 等待人數: 3/10
[Barrier] Learner 9 到達/重返, 等待人數: 4/10
[Barrier] Learner 2 到達/重返, 等待人數: 5/10
[Barrier] Learner 0 到達/重返, 等待人數: 6/10
[Barrier] Learner 7 到達/重返, 等待人數: 7/10
[Barrier] Learner 6 到達/重返, 等待人數: 8/10
[Barrier] Learner 4 到達/重返, 等待人數: 9/10
[Barrier] Learner 5 到達/重返, 等待人數: 10/10
[Global EQ] 啟動 Leader SAT 尋找反例
[Table] MQ/CE SAT 填 hash=0xfd0d9fa876f3432f
[Barrier] Learner 5 到達/重返, 等待人數: 1/10
[Barrier] Learner 4 到達/重返, 等待人數: 2/10
[Barrier] Learner 7 到達/重返, 等待人數: 3/10
[Barrier] Learner 1 到達/重返, 等待人數: 4/10
[Barrier] Learner 6 到達/重返, 等待人數: 5/10
[Barrier] Learner 3 到達/重返, 等待人數: 6/10
[Barrier] Learner 2 到達/重返, 等待人數: 7/10
[Barrier] Learner 0 到達/重返, 等待人數: 8/10
[Barrier] Learner 9 到達/重返, 等待人數: 9/10
[Table] MQ/CE SAT 填 hash=0x7a71242dee9853af
[Table] MQ/CE SAT 填 hash=0xbbbf61eb32c5cb6f
[Table] MQ/CE SAT 填 hash=0x59ca054f4c8197cf
[Table] MQ/CE SAT 填 hash=0x497675dffb7639df
[Barrier] Learner 8 到達/重返, 等待人數: 10/10
[Global EQ] 啟動 Leader SAT 尋找反例
[Barrier] Learner 8 到達/重返, 等待人數: 1/10
[Barrier] Learner 1 到達/重返, 等待人數: 2/10
[Barrier] Learner 3 到達/重返, 等待人數: 3/10
[Barrier] Learner 0 到達/重返, 等待人數: 4/10
[Barrier] Learner 9 到達/重返, 等待人數: 5/10
[Barrier] Learner 2 到達/重返, 等待人數: 6/10
[Barrier] Learner 5 到達/重返, 等待人數: 7/10
[Barrier] Learner 4 到達/重返, 等待人數: 8/10
[Barrier] Learner 6 到達/重返, 等待人數: 9/10
[Barrier] Learner 7 到達/重返, 等待人數: 10/10
[Global EQ] 啟動 Leader SAT 尋找反例
[Barrier] Learner 3 到達/重返, 等待人數: 1/10
[Barrier] Learner 4 到達/重返, 等待人數: 2/10
[Barrier] Learner 7 到達/重返, 等待人數: 3/10
[Barrier] Learner 8 到達/重返, 等待人數: 4/10
[Barrier] Learner 9 到達/重返, 等待人數: 5/10
[Barrier] Learner 1 到達/重返, 等待人數: 6/10
[Barrier] Learner 6 到達/重返, 等待人數: 7/10
[Barrier] Learner 5 到達/重返, 等待人數: 8/10
[Barrier] Learner 2 到達/重返, 等待人數: 9/10
[Barrier] Learner 0 到達/重返, 等待人數: 10/10
[Global EQ] 啟動 Leader SAT 尋找反例
[Barrier] Learner 0 到達/重返, 等待人數: 1/10
[Barrier] Learner 7 到達/重返, 等待人數: 2/10
[Barrier] Learner 1 到達/重返, 等待人數: 3/10
[Barrier] Learner 4 到達/重返, 等待人數: 4/10
[Barrier] Learner 5 到達/重返, 等待人數: 5/10
[Barrier] Learner 6 到達/重返, 等待人數: 6/10
[Barrier] Learner 8 到達/重返, 等待人數: 7/10
[Barrier] Learner 3 到達/重返, 等待人數: 8/10
[Barrier] Learner 9 到達/重返, 等待人數: 9/10
[Barrier] Learner 2 到達/重返, 等待人數: 10/10
[Global EQ] 啟動 Leader SAT 尋找反例
[Barrier] Learner 2 到達/重返, 等待人數: 1/10
[Barrier] Learner 9 到達/重返, 等待人數: 2/10
[Barrier] Learner 3 到達/重返, 等待人數: 3/10
[Barrier] Learner 5 到達/重返, 等待人數: 4/10
[Barrier] Learner 6 到達/重返, 等待人數: 5/10
[Barrier] Learner 7 到達/重返, 等待人數: 6/10
[Barrier] Learner 8 到達/重返, 等待人數: 7/10
[Barrier] Learner 0 到達/重返, 等待人數: 8/10
[Barrier] Learner 4 到達/重返, 等待人數: 9/10
[Barrier] Learner 1 到達/重返, 等待人數: 10/10
[Global EQ] 啟動 Leader SAT 尋找反例
[Table] MQ/CE SAT 填 hash=0xa1c9a262ed4cd68b
[Barrier] Learner 1 到達/重返, 等待人數: 1/10
[Barrier] Learner 5 到達/重返, 等待人數: 2/10
[Barrier] Learner 0 到達/重返, 等待人數: 3/10
[Barrier] Learner 4 到達/重返, 等待人數: 4/10
[Barrier] Learner 7 到達/重返, 等待人數: 5/10
[Barrier] Learner 9 到達/重返, 等待人數: 6/10
[Barrier] Learner 2 到達/重返, 等待人數: 7/10
[Barrier] Learner 3 到達/重返, 等待人數: 8/10
[Table] MQ/CE SAT 填 hash=0x1f2d26e864f1e70b
[Barrier] Learner 8 到達/重返, 等待人數: 9/10
[Table] MQ/CE SAT 填 hash=0xc270c1418f63926b
[Table] MQ/CE SAT 填 hash=0xca9a88f937e94163
[Table] MQ/CE SAT 填 hash=0x607b64a5a91f5ecb
[Table] MQ/CE SAT 填 hash=0xdddee92b20c46f4b
[Table] MQ/CE SAT 填 hash=0x5027d536581400db
[Table] MQ/CE SAT 填 hash=0xcd8b59bbcfb9115b
[Table] MQ/CE SAT 填 hash=0xee32789a71cfcd3b
[Barrier] Learner 6 到達/重返, 等待人數: 10/10
[Global EQ] 啟動 Leader SAT 尋找反例
[Table] MQ/CE SAT 填 hash=0xed9977913e6891b
[Barrier] Learner 6 到達/重返, 等待人數: 1/10
[Barrier] Learner 1 到達/重返, 等待人數: 2/10
[Barrier] Learner 8 到達/重返, 等待人數: 3/10
[Barrier] Learner 0 到達/重返, 等待人數: 4/10
[Barrier] Learner 5 到達/重返, 等待人數: 5/10
[Barrier] Learner 2 到達/重返, 等待人數: 6/10
[Barrier] Learner 4 到達/重返, 等待人數: 7/10
[Barrier] Learner 3 到達/重返, 等待人數: 8/10
[Barrier] Learner 9 到達/重返, 等待人數: 9/10
[Table] MQ/CE SAT 填 hash=0x2f80b657b5fd44fb
[Table] MQ/CE SAT 填 hash=0x37aa7e0f5e82f3f3
[Barrier] Learner 7 到達/重返, 等待人數: 10/10
[Global EQ] 啟動 Leader SAT 尋找反例
[Barrier] Learner 0 到達/重返, 等待人數: 1/10
[Barrier] Learner 6 到達/重返, 等待人數: 2/10
[Barrier] Learner 1 到達/重返, 等待人數: 3/10
[Barrier] Learner 8 到達/重返, 等待人數: 4/10
[Barrier] Learner 5 到達/重返, 等待人數: 5/10
[Barrier] Learner 4 到達/重返, 等待人數: 6/10
[Barrier] Learner 9 到達/重返, 等待人數: 7/10
[Barrier] Learner 3 到達/重返, 等待人數: 8/10
[Barrier] Learner 7 到達/重返, 等待人數: 9/10
[Barrier] Learner 2 到達/重返, 等待人數: 10/10
[Global EQ] 啟動 Leader SAT 尋找反例
[Barrier] Learner 2 到達/重返, 等待人數: 1/10
[Barrier] Learner 4 到達/重返, 等待人數: 2/10
[Barrier] Learner 6 到達/重返, 等待人數: 3/10
[Barrier] Learner 3 到達/重返, 等待人數: 4/10
[Barrier] Learner 8 到達/重返, 等待人數: 5/10
[Barrier] Learner 5 到達/重返, 等待人數: 6/10
[Barrier] Learner 1 到達/重返, 等待人數: 7/10
[Barrier] Learner 0 到達/重返, 等待人數: 8/10
[Barrier] Learner 7 到達/重返, 等待人數: 9/10
[Barrier] Learner 9 到達/重返, 等待人數: 10/10
[Global EQ] 啟動 Leader SAT 尋找反例
[Table] MQ/CE SAT 填 hash=0x1db4be871909ff0f
[Barrier] Learner 9 到達/重返, 等待人數: 1/10
[Barrier] Learner 7 到達/重返, 等待人數: 2/10
[Barrier] Learner 3 到達/重返, 等待人數: 3/10
[Barrier] Learner 1 到達/重返, 等待人數: 4/10
[Barrier] Learner 4 到達/重返, 等待人數: 5/10
[Barrier] Learner 5 到達/重返, 等待人數: 6/10
[Barrier] Learner 0 到達/重返, 等待人數: 7/10
[Barrier] Learner 2 到達/重返, 等待人數: 8/10
[Table] MQ/CE SAT 填 hash=0x9b18430c90af0f8f
[Barrier] Learner 8 到達/重返, 等待人數: 9/10
[Table] MQ/CE SAT 填 hash=0x3e5bdd65bb20baef
[Table] MQ/CE SAT 填 hash=0x4685a51d63a669e7
[Barrier] Learner 6 到達/重返, 等待人數: 10/10
[Global EQ] 啟動 Leader SAT 尋找反例
[Table] MQ/CE SAT 填 hash=0x8ac4b39d3fa3b19f
[Barrier] Learner 1 到達/重返, 等待人數: 1/10
[Barrier] Learner 9 到達/重返, 等待人數: 2/10
[Barrier] Learner 0 到達/重返, 等待人數: 3/10
[Barrier] Learner 8 到達/重返, 等待人數: 4/10
[Barrier] Learner 4 到達/重返, 等待人數: 5/10
[Barrier] Learner 3 到達/重返, 等待人數: 6/10
[Barrier] Learner 5 到達/重返, 等待人數: 7/10
[Barrier] Learner 2 到達/重返, 等待人數: 8/10
[Table] MQ/CE SAT 填 hash=0xab6bd27be1ba6d7f
[Barrier] Learner 6 到達/重返, 等待人數: 9/10
[Barrier] Learner 7 到達/重返, 等待人數: 10/10
[Global EQ] 啟動 Leader SAT 尋找反例
[Barrier] Learner 7 到達/重返, 等待人數: 1/10
[Barrier] Learner 1 到達/重返, 等待人數: 2/10
[Barrier] Learner 4 到達/重返, 等待人數: 3/10
[Barrier] Learner 9 到達/重返, 等待人數: 4/10
[Barrier] Learner 3 到達/重返, 等待人數: 5/10
[Barrier] Learner 0 到達/重返, 等待人數: 6/10
[Barrier] Learner 8 到達/重返, 等待人數: 7/10
[Barrier] Learner 2 到達/重返, 等待人數: 8/10
[Barrier] Learner 6 到達/重返, 等待人數: 9/10
[Barrier] Learner 5 到達/重返, 等待人數: 10/10
[Global EQ] 啟動 Leader SAT 尋找反例
[Barrier] Learner 7 到達/重返, 等待人數: 1/10
[Barrier] Learner 8 到達/重返, 等待人數: 2/10
[Barrier] Learner 1 到達/重返, 等待人數: 3/10
[Barrier] Learner 2 到達/重返, 等待人數: 4/10
[Barrier] Learner 3 到達/重返, 等待人數: 5/10
[Barrier] Learner 4 到達/重返, 等待人數: 6/10
[Barrier] Learner 9 到達/重返, 等待人數: 7/10
[Barrier] Learner 5 到達/重返, 等待人數: 8/10
[Barrier] Learner 6 到達/重返, 等待人數: 9/10
[Barrier] Learner 0 到達/重返, 等待人數: 10/10
[Global EQ] 啟動 Leader SAT 尋找反例
[Barrier] Learner 0 到達/重返, 等待人數: 1/10
[Barrier] Learner 6 到達/重返, 等待人數: 2/10
[Barrier] Learner 1 到達/重返, 等待人數: 3/10
[Barrier] Learner 8 到達/重返, 等待人數: 4/10
[Barrier] Learner 3 到達/重返, 等待人數: 5/10
[Barrier] Learner 9 到達/重返, 等待人數: 6/10
[Barrier] Learner 2 到達/重返, 等待人數: 7/10
[Barrier] Learner 7 到達/重返, 等待人數: 8/10
[Barrier] Learner 4 到達/重返, 等待人數: 9/10
[Barrier] Learner 5 到達/重返, 等待人數: 10/10
[Global EQ] 啟動 Leader SAT 尋找反例
[Barrier] Learner 5 到達/重返, 等待人數: 1/10
[Barrier] Learner 8 到達/重返, 等待人數: 2/10
[Barrier] Learner 9 到達/重返, 等待人數: 3/10
[Barrier] Learner 4 到達/重返, 等待人數: 4/10
[Barrier] Learner 0 到達/重返, 等待人數: 5/10
[Barrier] Learner 1 到達/重返, 等待人數: 6/10
[Barrier] Learner 3 到達/重返, 等待人數: 7/10
[Barrier] Learner 6 到達/重返, 等待人數: 8/10
[Barrier] Learner 7 到達/重返, 等待人數: 9/10
[Barrier] Learner 2 到達/重返, 等待人數: 10/10
[Global EQ] 啟動 Leader SAT 尋找反例
[Barrier] Learner 2 到達/重返, 等待人數: 1/10
[Barrier] Learner 3 到達/重返, 等待人數: 2/10
[Barrier] Learner 9 到達/重返, 等待人數: 3/10
[Barrier] Learner 8 到達/重返, 等待人數: 4/10
[Barrier] Learner 0 到達/重返, 等待人數: 5/10
[Barrier] Learner 1 到達/重返, 等待人數: 6/10
[Barrier] Learner 7 到達/重返, 等待人數: 7/10
[Barrier] Learner 4 到達/重返, 等待人數: 8/10
[Barrier] Learner 5 到達/重返, 等待人數: 9/10
[Table] MQ/CE SAT 填 hash=0xdc6680c9d4dc874f
[Barrier] Learner 6 到達/重返, 等待人數: 10/10
[Global EQ] 啟動 Leader SAT 尋找反例
[Barrier] Learner 6 到達/重返, 等待人數: 1/10
[Barrier] Learner 5 到達/重返, 等待人數: 2/10
[Barrier] Learner 1 到達/重返, 等待人數: 3/10
[Barrier] Learner 8 到達/重返, 等待人數: 4/10
[Barrier] Learner 0 到達/重返, 等待人數: 5/10
[Barrier] Learner 9 到達/重返, 等待人數: 6/10
[Barrier] Learner 3 到達/重返, 等待人數: 7/10
[Barrier] Learner 2 到達/重返, 等待人數: 8/10
[Barrier] Learner 7 到達/重返, 等待人數: 9/10
[Barrier] Learner 4 到達/重返, 等待人數: 10/10
[Global EQ] 啟動 Leader SAT 尋找反例
[Barrier] Learner 4 到達/重返, 等待人數: 1/10
[Barrier] Learner 8 到達/重返, 等待人數: 2/10
[Barrier] Learner 1 到達/重返, 等待人數: 3/10
[Barrier] Learner 9 到達/重返, 等待人數: 4/10
[Barrier] Learner 6 到達/重返, 等待人數: 5/10
[Barrier] Learner 5 到達/重返, 等待人數: 6/10
[Barrier] Learner 0 到達/重返, 等待人數: 7/10
[Barrier] Learner 3 到達/重返, 等待人數: 8/10
[Barrier] Learner 2 到達/重返, 等待人數: 9/10
[Table] MQ/CE SAT 填 hash=0xecba103925e7e53f
[Table] MQ/CE SAT 填 hash=0x2e084df66a155cff
[Table] MQ/CE SAT 填 hash=0xd612f17c7fea11f
[Table] MQ/CE SAT 填 hash=0x917612f39c41789b
[Barrier] Learner 7 到達/重返, 等待人數: 10/10
[Global EQ] 啟動 Leader SAT 尋找反例
[Barrier] Learner 7 到達/重返, 等待人數: 1/10
[Barrier] Learner 1 到達/重返, 等待人數: 2/10
[Barrier] Learner 8 到達/重返, 等待人數: 3/10
[Barrier] Learner 4 到達/重返, 等待人數: 4/10
[Barrier] Learner 2 到達/重返, 等待人數: 5/10
[Barrier] Learner 5 到達/重返, 等待人數: 6/10
[Barrier] Learner 0 到達/重返, 等待人數: 7/10
[Barrier] Learner 9 到達/重返, 等待人數: 8/10
[Barrier] Learner 3 到達/重返, 等待人數: 9/10
[Barrier] Learner 6 到達/重返, 等待人數: 10/10
[Global EQ] 啟動 Leader SAT 尋找反例
[Barrier] Learner 6 到達/重返, 等待人數: 1/10
[Barrier] Learner 1 到達/重返, 等待人數: 2/10
[Barrier] Learner 2 到達/重返, 等待人數: 3/10
[Barrier] Learner 4 到達/重返, 等待人數: 4/10
[Barrier] Learner 5 到達/重返, 等待人數: 5/10
[Barrier] Learner 9 到達/重返, 等待人數: 6/10
[Barrier] Learner 7 到達/重返, 等待人數: 7/10
[Barrier] Learner 3 到達/重返, 等待人數: 8/10
[Barrier] Learner 0 到達/重返, 等待人數: 9/10
[Barrier] Learner 8 到達/重返, 等待人數: 10/10
[Global EQ] 啟動 Leader SAT 尋找反例
[Barrier] Learner 8 到達/重返, 等待人數: 1/10
[Barrier] Learner 3 到達/重返, 等待人數: 2/10
[Barrier] Learner 6 到達/重返, 等待人數: 3/10
[Barrier] Learner 9 到達/重返, 等待人數: 4/10
[Barrier] Learner 1 到達/重返, 等待人數: 5/10
[Barrier] Learner 7 到達/重返, 等待人數: 6/10
[Barrier] Learner 5 到達/重返, 等待人數: 7/10
[Barrier] Learner 4 到達/重返, 等待人數: 8/10
[Barrier] Learner 2 到達/重返, 等待人數: 9/10
[Barrier] Learner 0 到達/重返, 等待人數: 10/10
[Global EQ] 啟動 Leader SAT 尋找反例
[Barrier] Learner 0 到達/重返, 等待人數: 1/10
[Barrier] Learner 8 到達/重返, 等待人數: 2/10
[Barrier] Learner 1 到達/重返, 等待人數: 3/10
[Barrier] Learner 2 到達/重返, 等待人數: 4/10
[Barrier] Learner 3 到達/重返, 等待人數: 5/10
[Barrier] Learner 9 到達/重返, 等待人數: 6/10
[Barrier] Learner 6 到達/重返, 等待人數: 7/10
[Barrier] Learner 7 到達/重返, 等待人數: 8/10
[Barrier] Learner 4 到達/重返, 等待人數: 9/10
[Table] MQ/CE SAT 填 hash=0x2756eea00d779603
[Barrier] Learner 5 到達/重返, 等待人數: 10/10
[Global EQ] 啟動 Leader SAT 尋找反例
[Barrier] Learner 0 到達/重返, 等待人數: 1/10
[Barrier] Learner 8 到達/重返, 等待人數: 2/10
[Barrier] Learner 5 到達/重返, 等待人數: 3/10
[Barrier] Learner 3 到達/重返, 等待人數: 4/10
[Barrier] Learner 4 到達/重返, 等待人數: 5/10
[Barrier] Learner 9 到達/重返, 等待人數: 6/10
[Barrier] Learner 6 到達/重返, 等待人數: 7/10
[Barrier] Learner 7 到達/重返, 等待人數: 8/10
[Barrier] Learner 2 到達/重返, 等待人數: 9/10
[Barrier] Learner 1 到達/重返, 等待人數: 10/10
[Global EQ] 啟動 Leader SAT 尋找反例
[Barrier] Learner 1 到達/重返, 等待人數: 1/10
[Barrier] Learner 5 到達/重返, 等待人數: 2/10
[Barrier] Learner 3 到達/重返, 等待人數: 3/10
[Barrier] Learner 2 到達/重返, 等待人數: 4/10
[Barrier] Learner 9 到達/重返, 等待人數: 5/10
[Barrier] Learner 7 到達/重返, 等待人數: 6/10
[Barrier] Learner 0 到達/重返, 等待人數: 7/10
[Barrier] Learner 8 到達/重返, 等待人數: 8/10
[Barrier] Learner 6 到達/重返, 等待人數: 9/10
[Barrier] Learner 4 到達/重返, 等待人數: 10/10
[Global EQ] 啟動 Leader SAT 尋找反例
[Barrier] Learner 4 到達/重返, 等待人數: 1/10
[Barrier] Learner 8 到達/重返, 等待人數: 2/10
[Barrier] Learner 9 到達/重返, 等待人數: 3/10
[Barrier] Learner 7 到達/重返, 等待人數: 4/10
[Barrier] Learner 3 到達/重返, 等待人數: 5/10
[Barrier] Learner 1 到達/重返, 等待人數: 6/10
[Barrier] Learner 0 到達/重返, 等待人數: 7/10
[Barrier] Learner 6 到達/重返, 等待人數: 8/10
[Barrier] Learner 5 到達/重返, 等待人數: 9/10
[Barrier] Learner 2 到達/重返, 等待人數: 10/10
[Global EQ] 啟動 Leader SAT 尋找反例
[Barrier] Learner 2 到達/重返, 等待人數: 1/10
[Barrier] Learner 7 到達/重返, 等待人數: 2/10
[Barrier] Learner 0 到達/重返, 等待人數: 3/10
[Barrier] Learner 9 到達/重返, 等待人數: 4/10
[Barrier] Learner 3 到達/重返, 等待人數: 5/10
[Barrier] Learner 1 到達/重返, 等待人數: 6/10
[Barrier] Learner 8 到達/重返, 等待人數: 7/10
[Barrier] Learner 6 到達/重返, 等待人數: 8/10
[Barrier] Learner 5 到達/重返, 等待人數: 9/10
[Barrier] Learner 4 到達/重返, 等待人數: 10/10
[Global EQ] 啟動 Leader SAT 尋找反例
[Barrier] Learner 4 到達/重返, 等待人數: 1/10
[Barrier] Learner 6 到達/重返, 等待人數: 2/10
[Barrier] Learner 7 到達/重返, 等待人數: 3/10
[Barrier] Learner 9 到達/重返, 等待人數: 4/10
[Barrier] Learner 1 到達/重返, 等待人數: 5/10
[Barrier] Learner 0 到達/重返, 等待人數: 6/10
[Barrier] Learner 3 到達/重返, 等待人數: 7/10
[Barrier] Learner 5 到達/重返, 等待人數: 8/10
[Barrier] Learner 2 到達/重返, 等待人數: 9/10
[Barrier] Learner 8 到達/重返, 等待人數: 10/10
[Global EQ] 啟動 Leader SAT 尋找反例
[Barrier] Learner 8 到達/重返, 等待人數: 1/10
[Barrier] Learner 3 到達/重返, 等待人數: 2/10
[Barrier] Learner 4 到達/重返, 等待人數: 3/10
[Barrier] Learner 6 到達/重返, 等待人數: 4/10
[Barrier] Learner 5 到達/重返, 等待人數: 5/10
[Barrier] Learner 1 到達/重返, 等待人數: 6/10
[Barrier] Learner 0 到達/重返, 等待人數: 7/10
[Barrier] Learner 2 到達/重返, 等待人數: 8/10
[Barrier] Learner 9 到達/重返, 等待人數: 9/10
[Barrier] Learner 7 到達/重返, 等待人數: 10/10
[Global EQ] 啟動 Leader SAT 尋找反例
[Barrier] Learner 4 到達/重返, 等待人數: 1/10
[Barrier] Learner 2 到達/重返, 等待人數: 2/10
[Barrier] Learner 8 到達/重返, 等待人數: 3/10
[Barrier] Learner 5 到達/重返, 等待人數: 4/10
[Barrier] Learner 3 到達/重返, 等待人數: 5/10
[Barrier] Learner 0 到達/重返, 等待人數: 6/10
[Barrier] Learner 9 到達/重返, 等待人數: 7/10
[Barrier] Learner 1 到達/重返, 等待人數: 8/10
[Table] MQ/CE SAT 填 hash=0x61f3cd06f50746c7
[Barrier] Learner 7 到達/重返, 等待人數: 9/10
[Table] MQ/CE SAT 填 hash=0xe608b0e2c94a1e43
[Barrier] Learner 6 到達/重返, 等待人數: 10/10
[Global EQ] 啟動 Leader SAT 尋找反例
[Barrier] Learner 6 到達/重返, 等待人數: 1/10
[Barrier] Learner 7 到達/重返, 等待人數: 2/10
[Barrier] Learner 8 到達/重返, 等待人數: 3/10
[Barrier] Learner 3 到達/重返, 等待人數: 4/10
[Barrier] Learner 0 到達/重返, 等待人數: 5/10
[Barrier] Learner 5 到達/重返, 等待人數: 6/10
[Barrier] Learner 1 到達/重返, 等待人數: 7/10
[Barrier] Learner 9 到達/重返, 等待人數: 8/10
[Barrier] Learner 2 到達/重返, 等待人數: 9/10
[Barrier] Learner 4 到達/重返, 等待人數: 10/10
[Global EQ] 啟動 Leader SAT 尋找反例
[Barrier] Learner 4 到達/重返, 等待人數: 1/10
[Barrier] Learner 1 到達/重返, 等待人數: 2/10
[Barrier] Learner 0 到達/重返, 等待人數: 3/10
[Barrier] Learner 6 到達/重返, 等待人數: 4/10
[Barrier] Learner 8 到達/重返, 等待人數: 5/10
[Barrier] Learner 5 到達/重返, 等待人數: 6/10
[Barrier] Learner 9 到達/重返, 等待人數: 7/10
[Barrier] Learner 2 到達/重返, 等待人數: 8/10
[Barrier] Learner 7 到達/重返, 等待人數: 9/10
[Barrier] Learner 3 到達/重返, 等待人數: 10/10
[Global EQ] 啟動 Leader SAT 尋找反例
[Barrier] Learner 0 到達/重返, 等待人數: 1/10
[Barrier] Learner 6 到達/重返, 等待人數: 2/10
[Barrier] Learner 4 到達/重返, 等待人數: 3/10
[Barrier] Learner 1 到達/重返, 等待人數: 4/10
[Barrier] Learner 9 到達/重返, 等待人數: 5/10
[Barrier] Learner 3 到達/重返, 等待人數: 6/10
[Barrier] Learner 8 到達/重返, 等待人數: 7/10
[Barrier] Learner 7 到達/重返, 等待人數: 8/10
[Barrier] Learner 5 到達/重返, 等待人數: 9/10
[Barrier] Learner 2 到達/重返, 等待人數: 10/10
[Global EQ] 啟動 Leader SAT 尋找反例
[Barrier] Learner 2 到達/重返, 等待人數: 1/10
[Barrier] Learner 0 到達/重返, 等待人數: 2/10
[Barrier] Learner 8 到達/重返, 等待人數: 3/10
[Barrier] Learner 5 到達/重返, 等待人數: 4/10
[Barrier] Learner 4 到達/重返, 等待人數: 5/10
[Barrier] Learner 7 到達/重返, 等待人數: 6/10
[Barrier] Learner 1 到達/重返, 等待人數: 7/10
[Barrier] Learner 9 到達/重返, 等待人數: 8/10
[Barrier] Learner 3 到達/重返, 等待人數: 9/10
[Barrier] Learner 6 到達/重返, 等待人數: 10/10
[Global EQ] 啟動 Leader SAT 尋找反例
[Table] MQ/CE SAT 填 hash=0x53767601f78f227
[Barrier] Learner 9 到達/重返, 等待人數: 1/10
[Barrier] Learner 2 到達/重返, 等待人數: 2/10
[Barrier] Learner 6 到達/重返, 等待人數: 3/10
[Barrier] Learner 3 到達/重返, 等待人數: 4/10
[Barrier] Learner 8 到達/重返, 等待人數: 5/10
[Barrier] Learner 5 到達/重返, 等待人數: 6/10
[Barrier] Learner 1 到達/重返, 等待人數: 7/10
[Barrier] Learner 0 到達/重返, 等待人數: 8/10
[Barrier] Learner 4 到達/重返, 等待人數: 9/10
[Barrier] Learner 7 到達/重返, 等待人數: 10/10
[Global EQ] 啟動 Leader SAT 尋找反例
[Barrier] Learner 9 到達/重返, 等待人數: 1/10
[Barrier] Learner 5 到達/重返, 等待人數: 2/10
[Barrier] Learner 8 到達/重返, 等待人數: 3/10
[Barrier] Learner 0 到達/重返, 等待人數: 4/10
[Barrier] Learner 7 到達/重返, 等待人數: 5/10
[Barrier] Learner 2 到達/重返, 等待人數: 6/10
[Barrier] Learner 3 到達/重返, 等待人數: 7/10
[Barrier] Learner 1 到達/重返, 等待人數: 8/10
[Barrier] Learner 6 到達/重返, 等待人數: 9/10
[Barrier] Learner 4 到達/重返, 等待人數: 10/10
[Global EQ] 啟動 Leader SAT 尋找反例
[Barrier] Learner 4 到達/重返, 等待人數: 1/10
[Barrier] Learner 1 到達/重返, 等待人數: 2/10
[Barrier] Learner 6 到達/重返, 等待人數: 3/10
[Barrier] Learner 5 到達/重返, 等待人數: 4/10
[Barrier] Learner 3 到達/重返, 等待人數: 5/10
[Barrier] Learner 9 到達/重返, 等待人數: 6/10
[Barrier] Learner 2 到達/重返, 等待人數: 7/10
[Barrier] Learner 8 到達/重返, 等待人數: 8/10
[Barrier] Learner 0 到達/重返, 等待人數: 9/10
[Table] MQ/CE SAT 填 hash=0xcc12f15a83d1295f
[Table] MQ/CE SAT 填 hash=0x70cef414fa2abcbb
[Barrier] Learner 7 到達/重返, 等待人數: 10/10
[Global EQ] 啟動 Leader SAT 尋找反例
[Barrier] Learner 2 到達/重返, 等待人數: 1/10
[Barrier] Learner 7 到達/重返, 等待人數: 2/10
[Barrier] Learner 4 到達/重返, 等待人數: 3/10
[Barrier] Learner 8 到達/重返, 等待人數: 4/10
[Barrier] Learner 5 到達/重返, 等待人數: 5/10
[Barrier] Learner 3 到達/重返, 等待人數: 6/10
[Barrier] Learner 6 到達/重返, 等待人數: 7/10
[Barrier] Learner 1 到達/重返, 等待人數: 8/10
[Barrier] Learner 0 到達/重返, 等待人數: 9/10
[Barrier] Learner 9 到達/重返, 等待人數: 10/10
[Global EQ] 啟動 Leader SAT 尋找反例
[Barrier] Learner 9 到達/重返, 等待人數: 1/10
[Barrier] Learner 5 到達/重返, 等待人數: 2/10
[Barrier] Learner 8 到達/重返, 等待人數: 3/10
[Barrier] Learner 6 到達/重返, 等待人數: 4/10
[Barrier] Learner 3 到達/重返, 等待人數: 5/10
[Barrier] Learner 0 到達/重返, 等待人數: 6/10
[Table] MQ/CE SAT 填 hash=0x894c4b3bf3bbc9a3
[Barrier] Learner 1 到達/重返, 等待人數: 7/10
[Barrier] Learner 2 到達/重返, 等待人數: 8/10
[Barrier] Learner 7 到達/重返, 等待人數: 9/10
[Barrier] Learner 4 到達/重返, 等待人數: 10/10
[Global EQ] 啟動 Leader SAT 尋找反例
[Table] MQ/CE SAT 填 hash=0xe49048817d623647
[Barrier] Learner 5 到達/重返, 等待人數: 1/10
[Barrier] Learner 4 到達/重返, 等待人數: 2/10
[Barrier] Learner 2 到達/重返, 等待人數: 3/10
[Barrier] Learner 3 到達/重返, 等待人數: 4/10
[Barrier] Learner 8 到達/重返, 等待人數: 5/10
[Barrier] Learner 0 到達/重返, 等待人數: 6/10
[Barrier] Learner 6 到達/重返, 等待人數: 7/10
[Barrier] Learner 1 到達/重返, 等待人數: 8/10
[Barrier] Learner 9 到達/重返, 等待人數: 9/10
[Barrier] Learner 7 到達/重返, 等待人數: 10/10
[Global EQ] 啟動 Leader SAT 尋找反例
[Barrier] Learner 4 到達/重返, 等待人數: 1/10
[Barrier] Learner 2 到達/重返, 等待人數: 2/10
[Barrier] Learner 5 到達/重返, 等待人數: 3/10
[Barrier] Learner 3 到達/重返, 等待人數: 4/10
[Barrier] Learner 6 到達/重返, 等待人數: 5/10
[Barrier] Learner 0 到達/重返, 等待人數: 6/10
[Barrier] Learner 7 到達/重返, 等待人數: 7/10
[Barrier] Learner 8 到達/重返, 等待人數: 8/10
[Barrier] Learner 1 到達/重返, 等待人數: 9/10
[Barrier] Learner 9 到達/重返, 等待人數: 10/10
[Global EQ] 啟動 Leader SAT 尋找反例
[Barrier] Learner 9 到達/重返, 等待人數: 1/10
[Barrier] Learner 1 到達/重返, 等待人數: 2/10
[Barrier] Learner 7 到達/重返, 等待人數: 3/10
[Barrier] Learner 5 到達/重返, 等待人數: 4/10
[Barrier] Learner 2 到達/重返, 等待人數: 5/10
[Barrier] Learner 0 到達/重返, 等待人數: 6/10
[Barrier] Learner 4 到達/重返, 等待人數: 7/10
[Barrier] Learner 6 到達/重返, 等待人數: 8/10
[Barrier] Learner 8 到達/重返, 等待人數: 9/10
[Barrier] Learner 3 到達/重返, 等待人數: 10/10
[Global EQ] 啟動 Leader SAT 尋找反例
[Barrier] Learner 3 到達/重返, 等待人數: 1/10
[Barrier] Learner 8 到達/重返, 等待人數: 2/10
[Barrier] Learner 1 到達/重返, 等待人數: 3/10
[Barrier] Learner 0 到達/重返, 等待人數: 4/10
[Barrier] Learner 7 到達/重返, 等待人數: 5/10
[Barrier] Learner 5 到達/重返, 等待人數: 6/10
[Barrier] Learner 2 到達/重返, 等待人數: 7/10
[Barrier] Learner 6 到達/重返, 等待人數: 8/10
[Barrier] Learner 9 到達/重返, 等待人數: 9/10
[Barrier] Learner 4 到達/重返, 等待人數: 10/10
[Global EQ] 啟動 Leader SAT 尋找反例
[Barrier] Learner 4 到達/重返, 等待人數: 1/10
[Barrier] Learner 1 到達/重返, 等待人數: 2/10
[Barrier] Learner 8 到達/重返, 等待人數: 3/10
[Barrier] Learner 3 到達/重返, 等待人數: 4/10
[Barrier] Learner 2 到達/重返, 等待人數: 5/10
[Barrier] Learner 7 到達/重返, 等待人數: 6/10
[Barrier] Learner 9 到達/重返, 等待人數: 7/10
[Barrier] Learner 0 到達/重返, 等待人數: 8/10
[Barrier] Learner 5 到達/重返, 等待人數: 9/10
[Barrier] Learner 6 到達/重返, 等待人數: 10/10
[Global EQ] 啟動 Leader SAT 尋找反例
[Barrier] Learner 6 到達/重返, 等待人數: 1/10
[Barrier] Learner 2 到達/重返, 等待人數: 2/10
[Barrier] Learner 7 到達/重返, 等待人數: 3/10
[Barrier] Learner 9 到達/重返, 等待人數: 4/10
[Barrier] Learner 8 到達/重返, 等待人數: 5/10
[Barrier] Learner 0 到達/重返, 等待人數: 6/10
[Barrier] Learner 5 到達/重返, 等待人數: 7/10
[Barrier] Learner 4 到達/重返, 等待人數: 8/10
[Barrier] Learner 3 到達/重返, 等待人數: 9/10
[Barrier] Learner 1 到達/重返, 等待人數: 10/10
[Global EQ] 啟動 Leader SAT 尋找反例
[Barrier] Learner 1 到達/重返, 等待人數: 1/10
[Barrier] Learner 7 到達/重返, 等待人數: 2/10
[Barrier] Learner 3 到達/重返, 等待人數: 3/10
[Barrier] Learner 8 到達/重返, 等待人數: 4/10
[Barrier] Learner 5 到達/重返, 等待人數: 5/10
[Barrier] Learner 0 到達/重返, 等待人數: 6/10
[Barrier] Learner 4 到達/重返, 等待人數: 7/10
[Barrier] Learner 2 到達/重返, 等待人數: 8/10
[Barrier] Learner 6 到達/重返, 等待人數: 9/10
[Barrier] Learner 9 到達/重返, 等待人數: 10/10
[Global EQ] 啟動 Leader SAT 尋找反例
[Barrier] Learner 9 到達/重返, 等待人數: 1/10
[Barrier] Learner 5 到達/重返, 等待人數: 2/10
[Barrier] Learner 3 到達/重返, 等待人數: 3/10
[Barrier] Learner 1 到達/重返, 等待人數: 4/10
[Barrier] Learner 4 到達/重返, 等待人數: 5/10
[Barrier] Learner 6 到達/重返, 等待人數: 6/10
[Barrier] Learner 8 到達/重返, 等待人數: 7/10
[Barrier] Learner 7 到達/重返, 等待人數: 8/10
[Barrier] Learner 0 到達/重返, 等待人數: 9/10
[Barrier] Learner 2 到達/重返, 等待人數: 10/10
[Global EQ] 啟動 Leader SAT 尋找反例
[Barrier] Learner 9 到達/重返, 等待人數: 1/10
[Barrier] Learner 3 到達/重返, 等待人數: 2/10
[Barrier] Learner 7 到達/重返, 等待人數: 3/10
[Barrier] Learner 1 到達/重返, 等待人數: 4/10
[Barrier] Learner 8 到達/重返, 等待人數: 5/10
[Barrier] Learner 4 到達/重返, 等待人數: 6/10
[Barrier] Learner 2 到達/重返, 等待人數: 7/10
[Barrier] Learner 6 到達/重返, 等待人數: 8/10
[Barrier] Learner 5 到達/重返, 等待人數: 9/10
[Barrier] Learner 0 到達/重返, 等待人數: 10/10
[Global EQ] 啟動 Leader SAT 尋找反例
[Barrier] Learner 0 到達/重返, 等待人數: 1/10
[Barrier] Learner 7 到達/重返, 等待人數: 2/10
[Barrier] Learner 3 到達/重返, 等待人數: 3/10
[Barrier] Learner 8 到達/重返, 等待人數: 4/10
[Barrier] Learner 5 到達/重返, 等待人數: 5/10
[Barrier] Learner 2 到達/重返, 等待人數: 6/10
[Barrier] Learner 4 到達/重返, 等待人數: 7/10
[Barrier] Learner 9 到達/重返, 等待人數: 8/10
[Barrier] Learner 6 到達/重返, 等待人數: 9/10
[Barrier] Learner 1 到達/重返, 等待人數: 10/10
[Global EQ] 啟動 Leader SAT 尋找反例
[Barrier] Learner 2 到達/重返, 等待人數: 1/10
[Barrier] Learner 1 到達/重返, 等待人數: 2/10
[Barrier] Learner 3 到達/重返, 等待人數: 3/10
[Barrier] Learner 7 到達/重返, 等待人數: 4/10
[Barrier] Learner 9 到達/重返, 等待人數: 5/10
[Barrier] Learner 4 到達/重返, 等待人數: 6/10
[Barrier] Learner 0 到達/重返, 等待人數: 7/10
[Barrier] Learner 5 到達/重返, 等待人數: 8/10
[Barrier] Learner 8 到達/重返, 等待人數: 9/10
[Barrier] Learner 6 到達/重返, 等待人數: 10/10
[Global EQ] 啟動 Leader SAT 尋找反例
[Barrier] Learner 6 到達/重返, 等待人數: 1/10
[Barrier] Learner 7 到達/重返, 等待人數: 2/10
[Barrier] Learner 2 到達/重返, 等待人數: 3/10
[Barrier] Learner 5 到達/重返, 等待人數: 4/10
[Barrier] Learner 9 到達/重返, 等待人數: 5/10
[Barrier] Learner 3 到達/重返, 等待人數: 6/10
[Barrier] Learner 4 到達/重返, 等待人數: 7/10
[Barrier] Learner 1 到達/重返, 等待人數: 8/10
[Barrier] Learner 0 到達/重返, 等待人數: 9/10
[Barrier] Learner 8 到達/重返, 等待人數: 10/10
[Global EQ] 啟動 Leader SAT 尋找反例
[Barrier] Learner 5 到達/重返, 等待人數: 1/10
[Barrier] Learner 8 到達/重返, 等待人數: 2/10
[Barrier] Learner 9 到達/重返, 等待人數: 3/10
[Barrier] Learner 4 到達/重返, 等待人數: 4/10
[Barrier] Learner 7 到達/重返, 等待人數: 5/10
[Barrier] Learner 6 到達/重返, 等待人數: 6/10
[Barrier] Learner 3 到達/重返, 等待人數: 7/10
[Barrier] Learner 1 到達/重返, 等待人數: 8/10
[Barrier] Learner 0 到達/重返, 等待人數: 9/10
[Barrier] Learner 2 到達/重返, 等待人數: 10/10
[Global EQ] 啟動 Leader SAT 尋找反例
[Barrier] Learner 7 到達/重返, 等待人數: 1/10
[Barrier] Learner 3 到達/重返, 等待人數: 2/10
[Barrier] Learner 2 到達/重返, 等待人數: 3/10
[Barrier] Learner 4 到達/重返, 等待人數: 4/10
[Barrier] Learner 5 到達/重返, 等待人數: 5/10
[Barrier] Learner 1 到達/重返, 等待人數: 6/10
[Barrier] Learner 8 到達/重返, 等待人數: 7/10
[Barrier] Learner 9 到達/重返, 等待人數: 8/10
[Barrier] Learner 0 到達/重返, 等待人數: 9/10
[Barrier] Learner 6 到達/重返, 等待人數: 10/10
[Global EQ] 啟動 Leader SAT 尋找反例
[Barrier] Learner 6 到達/重返, 等待人數: 1/10
[Barrier] Learner 0 到達/重返, 等待人數: 2/10
[Barrier] Learner 1 到達/重返, 等待人數: 3/10
[Barrier] Learner 8 到達/重返, 等待人數: 4/10
[Barrier] Learner 9 到達/重返, 等待人數: 5/10
[Barrier] Learner 5 到達/重返, 等待人數: 6/10
[Barrier] Learner 7 到達/重返, 等待人數: 7/10
[Barrier] Learner 3 到達/重返, 等待人數: 8/10
[Barrier] Learner 2 到達/重返, 等待人數: 9/10
[Barrier] Learner 4 到達/重返, 等待人數: 10/10
[Global EQ] 啟動 Leader SAT 尋找反例
[Barrier] Learner 4 到達/重返, 等待人數: 1/10
[Barrier] Learner 6 到達/重返, 等待人數: 2/10
[Barrier] Learner 1 到達/重返, 等待人數: 3/10
[Barrier] Learner 0 到達/重返, 等待人數: 4/10
[Barrier] Learner 9 到達/重返, 等待人數: 5/10
[Barrier] Learner 2 到達/重返, 等待人數: 6/10
[Barrier] Learner 3 到達/重返, 等待人數: 7/10
[Barrier] Learner 5 到達/重返, 等待人數: 8/10
[Barrier] Learner 8 到達/重返, 等待人數: 9/10
[Barrier] Learner 7 到達/重返, 等待人數: 10/10
[Global EQ] 啟動 Leader SAT 尋找反例
[Barrier] Learner 6 到達/重返, 等待人數: 1/10
[Barrier] Learner 4 到達/重返, 等待人數: 2/10
[Barrier] Learner 3 到達/重返, 等待人數: 3/10
[Barrier] Learner 1 到達/重返, 等待人數: 4/10
[Barrier] Learner 9 到達/重返, 等待人數: 5/10
[Barrier] Learner 8 到達/重返, 等待人數: 6/10
[Barrier] Learner 5 到達/重返, 等待人數: 7/10
[Barrier] Learner 7 到達/重返, 等待人數: 8/10
[Barrier] Learner 0 到達/重返, 等待人數: 9/10
[Barrier] Learner 2 到達/重返, 等待人數: 10/10
[Global EQ] 啟動 Leader SAT 尋找反例
[Barrier] Learner 2 到達/重返, 等待人數: 1/10
[Barrier] Learner 9 到達/重返, 等待人數: 2/10
[Barrier] Learner 5 到達/重返, 等待人數: 3/10
[Barrier] Learner 0 到達/重返, 等待人數: 4/10
[Barrier] Learner 6 到達/重返, 等待人數: 5/10
[Barrier] Learner 3 到達/重返, 等待人數: 6/10
[Barrier] Learner 8 到達/重返, 等待人數: 7/10
[Barrier] Learner 4 到達/重返, 等待人數: 8/10
[Barrier] Learner 1 到達/重返, 等待人數: 9/10
[Barrier] Learner 7 到達/重返, 等待人數: 10/10
[Global EQ] 啟動 Leader SAT 尋找反例
[Barrier] Learner 2 到達/重返, 等待人數: 1/10
[Barrier] Learner 0 到達/重返, 等待人數: 2/10
[Barrier] Learner 9 到達/重返, 等待人數: 3/10
[Barrier] Learner 1 到達/重返, 等待人數: 4/10
[Barrier] Learner 5 到達/重返, 等待人數: 5/10
[Barrier] Learner 3 到達/重返, 等待人數: 6/10
[Barrier] Learner 4 到達/重返, 等待人數: 7/10
[Barrier] Learner 7 到達/重返, 等待人數: 8/10
[Barrier] Learner 6 到達/重返, 等待人數: 9/10
[Barrier] Learner 8 到達/重返, 等待人數: 10/10
[Global EQ] 啟動 Leader SAT 尋找反例
[Barrier] Learner 8 到達/重返, 等待人數: 1/10
[Barrier] Learner 0 到達/重返, 等待人數: 2/10
[Barrier] Learner 4 到達/重返, 等待人數: 3/10
[Barrier] Learner 2 到達/重返, 等待人數: 4/10
[Barrier] Learner 9 到達/重返, 等待人數: 5/10
[Barrier] Learner 5 到達/重返, 等待人數: 6/10
[Barrier] Learner 6 到達/重返, 等待人數: 7/10
[Barrier] Learner 1 到達/重返, 等待人數: 8/10
[Barrier] Learner 3 到達/重返, 等待人數: 9/10
[Barrier] Learner 7 到達/重返, 等待人數: 10/10
[Global EQ] 啟動 Leader SAT 尋找反例
[Barrier] Learner 7 到達/重返, 等待人數: 1/10
[Barrier] Learner 3 到達/重返, 等待人數: 2/10
[Barrier] Learner 9 到達/重返, 等待人數: 3/10
[Barrier] Learner 2 到達/重返, 等待人數: 4/10
[Barrier] Learner 0 到達/重返, 等待人數: 5/10
[Barrier] Learner 6 到達/重返, 等待人數: 6/10
[Barrier] Learner 4 到達/重返, 等待人數: 7/10
[Barrier] Learner 1 到達/重返, 等待人數: 8/10
[Barrier] Learner 8 到達/重返, 等待人數: 9/10
[Barrier] Learner 5 到達/重返, 等待人數: 10/10
[Global EQ] 啟動 Leader SAT 尋找反例
[Barrier] Learner 5 到達/重返, 等待人數: 1/10
[Barrier] Learner 7 到達/重返, 等待人數: 2/10
[Barrier] Learner 6 到達/重返, 等待人數: 3/10
[Barrier] Learner 9 到達/重返, 等待人數: 4/10
[Barrier] Learner 3 到達/重返, 等待人數: 5/10
[Barrier] Learner 2 到達/重返, 等待人數: 6/10
[Barrier] Learner 8 到達/重返, 等待人數: 7/10
[Barrier] Learner 4 到達/重返, 等待人數: 8/10
[Barrier] Learner 0 到達/重返, 等待人數: 9/10
[Barrier] Learner 1 到達/重返, 等待人數: 10/10
[Global EQ] 啟動 Leader SAT 尋找反例
[Barrier] Learner 1 到達/重返, 等待人數: 1/10
[Barrier] Learner 2 到達/重返, 等待人數: 2/10
[Barrier] Learner 4 到達/重返, 等待人數: 3/10
[Barrier] Learner 8 到達/重返, 等待人數: 4/10
[Barrier] Learner 0 到達/重返, 等待人數: 5/10
[Barrier] Learner 7 到達/重返, 等待人數: 6/10
[Barrier] Learner 9 到達/重返, 等待人數: 7/10
[Barrier] Learner 5 到達/重返, 等待人數: 8/10
[Barrier] Learner 6 到達/重返, 等待人數: 9/10
[Table] MQ/CE SAT 填 hash=0xa9f36a1a95d28583
[Barrier] Learner 3 到達/重返, 等待人數: 10/10
[Global EQ] 啟動 Leader SAT 尋找反例
[Barrier] Learner 3 到達/重返, 等待人數: 1/10
[Barrier] Learner 1 到達/重返, 等待人數: 2/10
[Barrier] Learner 7 到達/重返, 等待人數: 3/10
[Barrier] Learner 0 到達/重返, 等待人數: 4/10
[Barrier] Learner 8 到達/重返, 等待人數: 5/10
[Barrier] Learner 4 到達/重返, 等待人數: 6/10
[Barrier] Learner 9 到達/重返, 等待人數: 7/10
[Barrier] Learner 5 到達/重返, 等待人數: 8/10
[Barrier] Learner 2 到達/重返, 等待人數: 9/10
[Table] MQ/CE SAT 填 hash=0xd5b52173783ec053
[Barrier] Learner 6 到達/重返, 等待人數: 10/10
[Global EQ] 啟動 Leader SAT 尋找反例
[Barrier] Learner 6 到達/重返, 等待人數: 1/10
[Barrier] Learner 2 到達/重返, 等待人數: 2/10
[Barrier] Learner 0 到達/重返, 等待人數: 3/10
[Barrier] Learner 3 到達/重返, 等待人數: 4/10
[Barrier] Learner 7 到達/重返, 等待人數: 5/10
[Barrier] Learner 1 到達/重返, 等待人數: 6/10
[Barrier] Learner 8 到達/重返, 等待人數: 7/10
[Barrier] Learner 9 到達/重返, 等待人數: 8/10
[Barrier] Learner 5 到達/重返, 等待人數: 9/10
[Barrier] Learner 4 到達/重返, 等待人數: 10/10
[Global EQ] 啟動 Leader SAT 尋找反例
[Barrier] Learner 4 到達/重返, 等待人數: 1/10
[Barrier] Learner 5 到達/重返, 等待人數: 2/10
[Barrier] Learner 9 到達/重返, 等待人數: 3/10
[Barrier] Learner 6 到達/重返, 等待人數: 4/10
[Barrier] Learner 2 到達/重返, 等待人數: 5/10
[Barrier] Learner 3 到達/重返, 等待人數: 6/10
[Barrier] Learner 0 到達/重返, 等待人數: 7/10
[Barrier] Learner 7 到達/重返, 等待人數: 8/10
[Barrier] Learner 8 到達/重返, 等待人數: 9/10
[Barrier] Learner 1 到達/重返, 等待人數: 10/10
[Global EQ] 啟動 Leader SAT 尋找反例
[Barrier] Learner 1 到達/重返, 等待人數: 1/10
[Barrier] Learner 9 到達/重返, 等待人數: 2/10
[Barrier] Learner 6 到達/重返, 等待人數: 3/10
[Barrier] Learner 4 到達/重返, 等待人數: 4/10
[Barrier] Learner 0 到達/重返, 等待人數: 5/10
[Barrier] Learner 7 到達/重返, 等待人數: 6/10
[Barrier] Learner 3 到達/重返, 等待人數: 7/10
[Barrier] Learner 5 到達/重返, 等待人數: 8/10
[Barrier] Learner 2 到達/重返, 等待人數: 9/10
[Barrier] Learner 8 到達/重返, 等待人數: 10/10
[Global EQ] 啟動 Leader SAT 尋找反例
[Barrier] Learner 8 到達/重返, 等待人數: 1/10
[Barrier] Learner 1 到達/重返, 等待人數: 2/10
[Barrier] Learner 6 到達/重返, 等待人數: 3/10
[Barrier] Learner 7 到達/重返, 等待人數: 4/10
[Barrier] Learner 5 到達/重返, 等待人數: 5/10
[Barrier] Learner 9 到達/重返, 等待人數: 6/10
[Barrier] Learner 3 到達/重返, 等待人數: 7/10
[Barrier] Learner 4 到達/重返, 等待人數: 8/10
[Barrier] Learner 0 到達/重返, 等待人數: 9/10
[Barrier] Learner 2 到達/重返, 等待人數: 10/10
[Global EQ] 啟動 Leader SAT 尋找反例
[Barrier] Learner 2 到達/重返, 等待人數: 1/10
[Barrier] Learner 9 到達/重返, 等待人數: 2/10
[Barrier] Learner 4 到達/重返, 等待人數: 3/10
[Barrier] Learner 3 到達/重返, 等待人數: 4/10
[Barrier] Learner 5 到達/重返, 等待人數: 5/10
[Barrier] Learner 0 到達/重返, 等待人數: 6/10
[Barrier] Learner 8 到達/重返, 等待人數: 7/10
[Barrier] Learner 7 到達/重返, 等待人數: 8/10
[Barrier] Learner 6 到達/重返, 等待人數: 9/10
[Barrier] Learner 1 到達/重返, 等待人數: 10/10
[Global EQ] 啟動 Leader SAT 尋找反例
[Barrier] Learner 2 到達/重返, 等待人數: 1/10
[Barrier] Learner 9 到達/重返, 等待人數: 2/10
[Barrier] Learner 4 到達/重返, 等待人數: 3/10
[Barrier] Learner 5 到達/重返, 等待人數: 4/10
[Barrier] Learner 8 到達/重返, 等待人數: 5/10
[Barrier] Learner 6 到達/重返, 等待人數: 6/10
[Barrier] Learner 3 到達/重返, 等待人數: 7/10
[Barrier] Learner 0 到達/重返, 等待人數: 8/10
[Barrier] Learner 7 到達/重返, 等待人數: 9/10
[Barrier] Learner 1 到達/重返, 等待人數: 10/10
[Global EQ] 啟動 Leader SAT 尋找反例
[Barrier] Learner 8 到達/重返, 等待人數: 1/10
[Barrier] Learner 6 到達/重返, 等待人數: 2/10
[Barrier] Learner 9 到達/重返, 等待人數: 3/10
[Barrier] Learner 3 到達/重返, 等待人數: 4/10
[Barrier] Learner 7 到達/重返, 等待人數: 5/10
[Barrier] Learner 2 到達/重返, 等待人數: 6/10
[Barrier] Learner 4 到達/重返, 等待人數: 7/10
[Barrier] Learner 1 到達/重返, 等待人數: 8/10
[Barrier] Learner 0 到達/重返, 等待人數: 9/10
[Barrier] Learner 5 到達/重返, 等待人數: 10/10
[Global EQ] 啟動 Leader SAT 尋找反例
[Barrier] Learner 5 到達/重返, 等待人數: 1/10
[Barrier] Learner 8 到達/重返, 等待人數: 2/10
[Barrier] Learner 3 到達/重返, 等待人數: 3/10
[Barrier] Learner 2 到達/重返, 等待人數: 4/10
[Barrier] Learner 9 到達/重返, 等待人數: 5/10
[Barrier] Learner 7 到達/重返, 等待人數: 6/10
[Barrier] Learner 4 到達/重返, 等待人數: 7/10
[Barrier] Learner 0 到達/重返, 等待人數: 8/10
[Barrier] Learner 6 到達/重返, 等待人數: 9/10
[Barrier] Learner 1 到達/重返, 等待人數: 10/10
[Global EQ] 啟動 Leader SAT 尋找反例
[Barrier] Learner 1 到達/重返, 等待人數: 1/10
[Barrier] Learner 3 到達/重返, 等待人數: 2/10
[Barrier] Learner 9 到達/重返, 等待人數: 3/10
[Barrier] Learner 4 到達/重返, 等待人數: 4/10
[Barrier] Learner 0 到達/重返, 等待人數: 5/10
[Barrier] Learner 8 到達/重返, 等待人數: 6/10
[Barrier] Learner 5 到達/重返, 等待人數: 7/10
[Barrier] Learner 2 到達/重返, 等待人數: 8/10
[Barrier] Learner 7 到達/重返, 等待人數: 9/10
[Barrier] Learner 6 到達/重返, 等待人數: 10/10
[Global EQ] 啟動 Leader SAT 尋找反例
[Barrier] Learner 6 到達/重返, 等待人數: 1/10
[Barrier] Learner 2 到達/重返, 等待人數: 2/10
[Barrier] Learner 3 到達/重返, 等待人數: 3/10
[Barrier] Learner 9 到達/重返, 等待人數: 4/10
[Barrier] Learner 0 到達/重返, 等待人數: 5/10
[Barrier] Learner 1 到達/重返, 等待人數: 6/10
[Barrier] Learner 8 到達/重返, 等待人數: 7/10
[Barrier] Learner 5 到達/重返, 等待人數: 8/10
[Barrier] Learner 4 到達/重返, 等待人數: 9/10
[Barrier] Learner 7 到達/重返, 等待人數: 10/10
[Global EQ] 啟動 Leader SAT 尋找反例
[Global EQ] SAT 證明全部正確 (UNSAT)！
Number of Variables Used : 8
Number of Variables Used : 8
Number of Variables Used : 8
Number of Variables Used : 8
Number of Variables Used : 8
[Learner 3 (dec1_z)] 收斂完成！
Number of Variables Used : 8
[Learner 1 (dec0_z)] 收斂完成！
[Learner 9 (dec4_z)] 收斂完成！
Number of Variables Used : 8
Number of Variables Used : 8
Number of Variables Used : 8
[Learner 8 (dec4_x)] 收斂完成！
[Learner 7 (dec3_z)] 收斂完成！
[Learner 2 (dec1_x)] 收斂完成！
[Learner 0 (dec0_x)] 收斂完成！
[Learner 6 (dec3_x)] 收斂完成！
[Learner 4 (dec2_x)] 收斂完成！
Number of Variables Used : 8
[Learner 5 (dec2_z)] 收斂完成！
[Barrier] Learner 0 到達/重返, 等待人數: 1/10
[Barrier] Learner 6 到達/重返, 等待人數: 2/10
[Barrier] Learner 8 到達/重返, 等待人數: 3/10
[Barrier] Learner 7 到達/重返, 等待人數: 4/10
[Barrier] Learner 9 到達/重返, 等待人數: 5/10
[Barrier] Learner 5 到達/重返, 等待人數: 6/10
[Barrier] Learner 4 到達/重返, 等待人數: 7/10
[Barrier] Learner 1 到達/重返, 等待人數: 8/10
[Barrier] Learner 3 到達/重返, 等待人數: 9/10
[Barrier] Learner 2 到達/重返, 等待人數: 10/10
[Global EQ] 啟動 Leader SAT 尋找反例
[Table] MQ/CE SAT 填 hash=0x29034675a49f07c2
[checkpoint] wrote /home/alan23273850/flag-analysis2/[[5,1,3]]_origin/decoder/cms/path_4_hr0_eq1_ok.txt
[Barrier] Learner 2 到達/重返, 等待人數: 1/10
[Barrier] Learner 5 到達/重返, 等待人數: 2/10
[Barrier] Learner 3 到達/重返, 等待人數: 3/10
[Barrier] Learner 0 到達/重返, 等待人數: 4/10
[Barrier] Learner 9 到達/重返, 等待人數: 5/10
[Barrier] Learner 1 到達/重返, 等待人數: 6/10
[Barrier] Learner 4 到達/重返, 等待人數: 7/10
[Barrier] Learner 8 到達/重返, 等待人數: 8/10
[Barrier] Learner 7 到達/重返, 等待人數: 9/10
[Barrier] Learner 6 到達/重返, 等待人數: 10/10
[Global EQ] 啟動 Leader SAT 尋找反例
[Table] MQ/CE SAT 填 hash=0xe961608df79901c1
[Barrier] Learner 6 到達/重返, 等待人數: 1/10
[Barrier] Learner 9 到達/重返, 等待人數: 2/10
[Barrier] Learner 7 到達/重返, 等待人數: 3/10
[Barrier] Learner 2 到達/重返, 等待人數: 4/10
[Barrier] Learner 4 到達/重返, 等待人數: 5/10
[Barrier] Learner 1 到達/重返, 等待人數: 6/10
[Barrier] Learner 8 到達/重返, 等待人數: 7/10
[Barrier] Learner 3 到達/重返, 等待人數: 8/10
[Barrier] Learner 5 到達/重返, 等待人數: 9/10
[Table] MQ/CE SAT 填 hash=0xa087f6c99afbda1
[Table] MQ/CE SAT 填 hash=0x2756eea00d779603
[Table] MQ/CE SAT 填 hash=0x47fe0d7eaf8e51e3
[Barrier] Learner 0 到達/重返, 等待人數: 10/10
[Global EQ] 啟動 Leader SAT 尋找反例
[Table] MQ/CE SAT 填 hash=0xe2e3f0abe63ac488
[Barrier] Learner 0 到達/重返, 等待人數: 1/10
[Barrier] Learner 2 到達/重返, 等待人數: 2/10
[Barrier] Learner 7 到達/重返, 等待人數: 3/10
[Barrier] Learner 8 到達/重返, 等待人數: 4/10
[Barrier] Learner 9 到達/重返, 等待人數: 5/10
[Barrier] Learner 4 到達/重返, 等待人數: 6/10
[Barrier] Learner 1 到達/重返, 等待人數: 7/10
[Barrier] Learner 3 到達/重返, 等待人數: 8/10
[Table] MQ/CE SAT 填 hash=0xeb0db8638ec07380
[Table] MQ/CE SAT 填 hash=0x20d97ebdfc1958ca
[Barrier] Learner 5 到達/重返, 等待人數: 9/10
[Barrier] Learner 6 到達/重返, 等待人數: 10/10
[Global EQ] 啟動 Leader SAT 尋找反例
[Table] MQ/CE SAT 填 hash=0xa4ee6299d05c3046
[Barrier] Learner 6 到達/重返, 等待人數: 1/10
[Barrier] Learner 1 到達/重返, 等待人數: 2/10
[Barrier] Learner 0 到達/重返, 等待人數: 3/10
[Barrier] Learner 3 到達/重返, 等待人數: 4/10
[Barrier] Learner 8 到達/重返, 等待人數: 5/10
[Barrier] Learner 7 到達/重返, 等待人數: 6/10
[Barrier] Learner 5 到達/重返, 等待人數: 7/10
[Barrier] Learner 4 到達/重返, 等待人數: 8/10
[Barrier] Learner 9 到達/重返, 等待人數: 9/10
[Barrier] Learner 2 到達/重返, 等待人數: 10/10
[Global EQ] 啟動 Leader SAT 尋找反例
[Table] MQ/CE SAT 填 hash=0xca669984eca9b7a0
[Barrier] Learner 2 到達/重返, 等待人數: 1/10
[Barrier] Learner 9 到達/重返, 等待人數: 2/10
[Barrier] Learner 7 到達/重返, 等待人數: 3/10
[Barrier] Learner 1 到達/重返, 等待人數: 4/10
[Barrier] Learner 5 到達/重返, 等待人數: 5/10
[Barrier] Learner 8 到達/重返, 等待人數: 6/10
[Barrier] Learner 4 到達/重返, 等待人數: 7/10
[Barrier] Learner 6 到達/重返, 等待人數: 8/10
[Barrier] Learner 3 到達/重返, 等待人數: 9/10
[Table] MQ/CE SAT 填 hash=0x85c279702884be2
[Barrier] Learner 0 到達/重返, 等待人數: 10/10
[Global EQ] 啟動 Leader SAT 尋找反例
[Table] MQ/CE SAT 填 hash=0x18afb7065393a9d2
[Barrier] Learner 2 到達/重返, 等待人數: 1/10
[Barrier] Learner 0 到達/重返, 等待人數: 2/10
[Barrier] Learner 9 到達/重返, 等待人數: 3/10
[Barrier] Learner 5 到達/重返, 等待人數: 4/10
[Barrier] Learner 7 到達/重返, 等待人數: 5/10
[Barrier] Learner 4 到達/重返, 等待人數: 6/10
[Barrier] Learner 8 到達/重返, 等待人數: 7/10
[Barrier] Learner 6 到達/重返, 等待人數: 8/10
[Barrier] Learner 1 到達/重返, 等待人數: 9/10
[Barrier] Learner 3 到達/重返, 等待人數: 10/10
[Global EQ] 啟動 Leader SAT 尋找反例
[Barrier] Learner 3 到達/重返, 等待人數: 1/10
[Barrier] Learner 1 到達/重返, 等待人數: 2/10
[Barrier] Learner 9 到達/重返, 等待人數: 3/10
[Barrier] Learner 0 到達/重返, 等待人數: 4/10
[Barrier] Learner 8 到達/重返, 等待人數: 5/10
[Barrier] Learner 2 到達/重返, 等待人數: 6/10
[Barrier] Learner 5 到達/重返, 等待人數: 7/10
[Barrier] Learner 7 到達/重返, 等待人數: 8/10
[Barrier] Learner 4 到達/重返, 等待人數: 9/10
[Barrier] Learner 6 到達/重返, 等待人數: 10/10
[Global EQ] 啟動 Leader SAT 尋找反例
[Barrier] Learner 6 到達/重返, 等待人數: 1/10
[Barrier] Learner 4 到達/重返, 等待人數: 2/10
[Barrier] Learner 9 到達/重返, 等待人數: 3/10
[Barrier] Learner 1 到達/重返, 等待人數: 4/10
[Barrier] Learner 3 到達/重返, 等待人數: 5/10
[Barrier] Learner 5 到達/重返, 等待人數: 6/10
[Barrier] Learner 7 到達/重返, 等待人數: 7/10
[Barrier] Learner 0 到達/重返, 等待人數: 8/10
[Barrier] Learner 8 到達/重返, 等待人數: 9/10
[Barrier] Learner 2 到達/重返, 等待人數: 10/10
[Global EQ] 啟動 Leader SAT 尋找反例
[Table] MQ/CE SAT 填 hash=0x8c710b72d6cb235e
[Barrier] Learner 2 到達/重返, 等待人數: 1/10
[Barrier] Learner 6 到達/重返, 等待人數: 2/10
[Barrier] Learner 3 到達/重返, 等待人數: 3/10
[Barrier] Learner 8 到達/重返, 等待人數: 4/10
[Barrier] Learner 0 到達/重返, 等待人數: 5/10
[Barrier] Learner 7 到達/重返, 等待人數: 6/10
[Barrier] Learner 9 到達/重返, 等待人數: 7/10
[Barrier] Learner 1 到達/重返, 等待人數: 8/10
[Barrier] Learner 5 到達/重返, 等待人數: 9/10
[Table] MQ/CE SAT 填 hash=0x9cc49ae227d6814e
[Barrier] Learner 4 到達/重返, 等待人數: 10/10
[Global EQ] 啟動 Leader SAT 尋找反例
[Table] MQ/CE SAT 填 hash=0x6bc9ec9434b4677e
[Barrier] Learner 4 到達/重返, 等待人數: 1/10
[Barrier] Learner 6 到達/重返, 等待人數: 2/10
[Barrier] Learner 2 到達/重返, 等待人數: 3/10
[Barrier] Learner 9 到達/重返, 等待人數: 4/10
[Barrier] Learner 3 到達/重返, 等待人數: 5/10
[Barrier] Learner 1 到達/重返, 等待人數: 6/10
[Barrier] Learner 0 到達/重返, 等待人數: 7/10
[Barrier] Learner 8 到達/重返, 等待人數: 8/10
[Barrier] Learner 5 到達/重返, 等待人數: 9/10
[Table] MQ/CE SAT 填 hash=0x7c1d7c0385bfc56e
[Table] MQ/CE SAT 填 hash=0x73f3b44bdd3a1676
[Table] MQ/CE SAT 填 hash=0xefded07008f73efa
[Table] MQ/CE SAT 填 hash=0x1085ef4eab0dfada
[Table] MQ/CE SAT 填 hash=0x325fdf5a029cea
[Table] MQ/CE SAT 填 hash=0xf8089827b17cedf2
[Barrier] Learner 7 到達/重返, 等待人數: 10/10
[Global EQ] 啟動 Leader SAT 尋找反例
[Barrier] Learner 7 到達/重返, 等待人數: 1/10
[Barrier] Learner 1 到達/重返, 等待人數: 2/10
[Barrier] Learner 4 到達/重返, 等待人數: 3/10
[Barrier] Learner 6 到達/重返, 等待人數: 4/10
[Barrier] Learner 3 到達/重返, 等待人數: 5/10
[Barrier] Learner 0 到達/重返, 等待人數: 6/10
[Barrier] Learner 5 到達/重返, 等待人數: 7/10
[Barrier] Learner 9 到達/重返, 等待人數: 8/10
[Barrier] Learner 8 到達/重返, 等待人數: 9/10
[Table] MQ/CE SAT 填 hash=0x949ad32a7f50d256
[Barrier] Learner 2 到達/重返, 等待人數: 10/10
[Global EQ] 啟動 Leader SAT 尋找反例
[Barrier] Learner 2 到達/重返, 等待人數: 1/10
[Barrier] Learner 7 到達/重返, 等待人數: 2/10
[Barrier] Learner 8 到達/重返, 等待人數: 3/10
[Barrier] Learner 4 到達/重返, 等待人數: 4/10
[Barrier] Learner 5 到達/重返, 等待人數: 5/10
[Barrier] Learner 3 到達/重返, 等待人數: 6/10
[Barrier] Learner 6 到達/重返, 等待人數: 7/10
[Barrier] Learner 1 到達/重返, 等待人數: 8/10
[Barrier] Learner 9 到達/重返, 等待人數: 9/10
[Barrier] Learner 0 到達/重返, 等待人數: 10/10
[Global EQ] 啟動 Leader SAT 尋找反例
[Table] MQ/CE SAT 填 hash=0x1deb7b4f12a0ea9
[Barrier] Learner 0 到達/重返, 等待人數: 1/10
[Barrier] Learner 1 到達/重返, 等待人數: 2/10
[Barrier] Learner 3 到達/重返, 等待人數: 3/10
[Barrier] Learner 9 到達/重返, 等待人數: 4/10
[Barrier] Learner 4 到達/重返, 等待人數: 5/10
[Barrier] Learner 2 到達/重返, 等待人數: 6/10
[Barrier] Learner 7 到達/重返, 等待人數: 7/10
[Barrier] Learner 8 到達/重返, 等待人數: 8/10
[Table] MQ/CE SAT 填 hash=0xf18b2845a01eb0b9
[Table] MQ/CE SAT 填 hash=0xe13798d64f1352c9
[Table] MQ/CE SAT 填 hash=0x7dc9d3d91ce7372d
[Table] MQ/CE SAT 填 hash=0xd0e40966fe07f4d9
[Table] MQ/CE SAT 填 hash=0x3fd445c70708a2eb
[Table] MQ/CE SAT 填 hash=0x2f80b657b5fd44fb
[Table] MQ/CE SAT 填 hash=0x4ccf258b29c51d5d
[Table] MQ/CE SAT 填 hash=0xab6bd27be1ba6d7f
[Table] MQ/CE SAT 填 hash=0x8ac4b39d3fa3b19f
[Table] MQ/CE SAT 填 hash=0xd90dd11ea68da3d1
[Barrier] Learner 5 到達/重返, 等待人數: 9/10
[Table] MQ/CE SAT 填 hash=0x54f8ed42d24acc55
[Table] MQ/CE SAT 填 hash=0x92ee7b54e8296097
[Barrier] Learner 6 到達/重返, 等待人數: 10/10
[Global EQ] 啟動 Leader SAT 尋找反例
[Barrier] Learner 6 到達/重返, 等待人數: 1/10
[Barrier] Learner 5 到達/重返, 等待人數: 2/10
[Barrier] Learner 8 到達/重返, 等待人數: 3/10
[Barrier] Learner 2 到達/重返, 等待人數: 4/10
[Barrier] Learner 9 到達/重返, 等待人數: 5/10
[Barrier] Learner 3 到達/重返, 等待人數: 6/10
[Barrier] Learner 0 到達/重返, 等待人數: 7/10
[Barrier] Learner 7 到達/重返, 等待人數: 8/10
[Barrier] Learner 1 到達/重返, 等待人數: 9/10
[Barrier] Learner 4 到達/重返, 等待人數: 10/10
[Global EQ] 啟動 Leader SAT 尋找反例
[Table] MQ/CE SAT 填 hash=0x5ecf0cd011f7ed0c
[Barrier] Learner 6 到達/重返, 等待人數: 1/10
[Barrier] Learner 8 到達/重返, 等待人數: 2/10
[Barrier] Learner 9 到達/重返, 等待人數: 3/10
[Barrier] Learner 3 到達/重返, 等待人數: 4/10
[Barrier] Learner 2 到達/重返, 等待人數: 5/10
[Table] MQ/CE SAT 填 hash=0x66f8d487ba7d9c04
[Table] MQ/CE SAT 填 hash=0x3e27edf16fe1312c
[Barrier] Learner 1 到達/重返, 等待人數: 6/10
[Table] MQ/CE SAT 填 hash=0x2dd45e821ed5d33c
[Table] MQ/CE SAT 填 hash=0x85f39b90c56ce625
[Barrier] Learner 4 到達/重返, 等待人數: 7/10
[Barrier] Learner 0 到達/重返, 等待人數: 8/10
[Barrier] Learner 5 到達/重返, 等待人數: 9/10
[Table] MQ/CE SAT 填 hash=0x35fe2639c75b8234
[Barrier] Learner 7 到達/重返, 等待人數: 10/10
[Global EQ] 啟動 Leader SAT 尋找反例
[Table] MQ/CE SAT 填 hash=0x844743bb2e457466
[Barrier] Learner 8 到達/重返, 等待人數: 1/10
[Barrier] Learner 5 到達/重返, 等待人數: 2/10
[Barrier] Learner 1 到達/重返, 等待人數: 3/10
[Barrier] Learner 7 到達/重返, 等待人數: 4/10
[Barrier] Learner 4 到達/重返, 等待人數: 5/10
[Barrier] Learner 6 到達/重返, 等待人數: 6/10
[Barrier] Learner 9 到達/重返, 等待人數: 7/10
[Barrier] Learner 2 到達/重返, 等待人數: 8/10
[Barrier] Learner 0 到達/重返, 等待人數: 9/10
[Barrier] Learner 3 到達/重返, 等待人數: 10/10
[Global EQ] 啟動 Leader SAT 尋找反例
[Barrier] Learner 3 到達/重返, 等待人數: 1/10
[Barrier] Learner 5 到達/重返, 等待人數: 2/10
[Barrier] Learner 8 到達/重返, 等待人數: 3/10
[Barrier] Learner 7 到達/重返, 等待人數: 4/10
[Barrier] Learner 2 到達/重返, 等待人數: 5/10
[Barrier] Learner 0 到達/重返, 等待人數: 6/10
[Barrier] Learner 4 到達/重返, 等待人數: 7/10
[Barrier] Learner 6 到達/重返, 等待人數: 8/10
[Barrier] Learner 9 到達/重返, 等待人數: 9/10
[Barrier] Learner 1 到達/重返, 等待人數: 10/10
[Global EQ] 啟動 Leader SAT 尋找反例
[Barrier] Learner 8 到達/重返, 等待人數: 1/10
[Barrier] Learner 1 到達/重返, 等待人數: 2/10
[Barrier] Learner 5 到達/重返, 等待人數: 3/10
[Barrier] Learner 7 到達/重返, 等待人數: 4/10
[Barrier] Learner 4 到達/重返, 等待人數: 5/10
[Barrier] Learner 2 到達/重返, 等待人數: 6/10
[Barrier] Learner 9 到達/重返, 等待人數: 7/10
[Barrier] Learner 0 到達/重返, 等待人數: 8/10
[Barrier] Learner 3 到達/重返, 等待人數: 9/10
[Barrier] Learner 6 到達/重返, 等待人數: 10/10
[Global EQ] 啟動 Leader SAT 尋找反例
[Barrier] Learner 6 到達/重返, 等待人數: 1/10
[Barrier] Learner 2 到達/重返, 等待人數: 2/10
[Barrier] Learner 7 到達/重返, 等待人數: 3/10
[Barrier] Learner 8 到達/重返, 等待人數: 4/10
[Barrier] Learner 9 到達/重返, 等待人數: 5/10
[Barrier] Learner 3 到達/重返, 等待人數: 6/10
[Barrier] Learner 4 到達/重返, 等待人數: 7/10
[Barrier] Learner 0 到達/重返, 等待人數: 8/10
[Barrier] Learner 5 到達/重返, 等待人數: 9/10
[Barrier] Learner 1 到達/重返, 等待人數: 10/10
[Global EQ] 啟動 Leader SAT 尋找反例
[Barrier] Learner 1 到達/重返, 等待人數: 1/10
[Barrier] Learner 4 到達/重返, 等待人數: 2/10
[Barrier] Learner 6 到達/重返, 等待人數: 3/10
[Barrier] Learner 3 到達/重返, 等待人數: 4/10
[Barrier] Learner 8 到達/重返, 等待人數: 5/10
[Barrier] Learner 5 到達/重返, 等待人數: 6/10
[Barrier] Learner 2 到達/重返, 等待人數: 7/10
[Barrier] Learner 7 到達/重返, 等待人數: 8/10
[Barrier] Learner 9 到達/重返, 等待人數: 9/10
[Table] MQ/CE SAT 填 hash=0xdaba28f43db51590
[Table] MQ/CE SAT 填 hash=0xf9b4effd48a45fb1
[Barrier] Learner 0 到達/重返, 等待人數: 10/10
[Global EQ] 啟動 Leader SAT 尋找反例
[Barrier] Learner 6 到達/重返, 等待人數: 1/10
[Barrier] Learner 9 到達/重返, 等待人數: 2/10
[Barrier] Learner 8 到達/重返, 等待人數: 3/10
[Barrier] Learner 7 到達/重返, 等待人數: 4/10
[Barrier] Learner 3 到達/重返, 等待人數: 5/10
[Barrier] Learner 5 到達/重返, 等待人數: 6/10
[Barrier] Learner 0 到達/重返, 等待人數: 7/10
[Barrier] Learner 1 到達/重返, 等待人數: 8/10
[Barrier] Learner 2 到達/重返, 等待人數: 9/10
[Barrier] Learner 4 到達/重返, 等待人數: 10/10
[Global EQ] 啟動 Leader SAT 尋找反例
[Barrier] Learner 4 到達/重返, 等待人數: 1/10
[Barrier] Learner 1 到達/重返, 等待人數: 2/10
[Barrier] Learner 8 到達/重返, 等待人數: 3/10
[Barrier] Learner 3 到達/重返, 等待人數: 4/10
[Barrier] Learner 5 到達/重返, 等待人數: 5/10
[Barrier] Learner 9 到達/重返, 等待人數: 6/10
[Barrier] Learner 7 到達/重返, 等待人數: 7/10
[Barrier] Learner 2 到達/重返, 等待人數: 8/10
[Barrier] Learner 0 到達/重返, 等待人數: 9/10
[Barrier] Learner 6 到達/重返, 等待人數: 10/10
[Global EQ] 啟動 Leader SAT 尋找反例
[Barrier] Learner 6 到達/重返, 等待人數: 1/10
[Barrier] Learner 2 到達/重返, 等待人數: 2/10
[Barrier] Learner 7 到達/重返, 等待人數: 3/10
[Barrier] Learner 3 到達/重返, 等待人數: 4/10
[Barrier] Learner 4 到達/重返, 等待人數: 5/10
[Barrier] Learner 9 到達/重返, 等待人數: 6/10
[Barrier] Learner 0 到達/重返, 等待人數: 7/10
[Barrier] Learner 1 到達/重返, 等待人數: 8/10
[Barrier] Learner 8 到達/重返, 等待人數: 9/10
[Barrier] Learner 5 到達/重返, 等待人數: 10/10
[Global EQ] 啟動 Leader SAT 尋找反例
[Table] MQ/CE SAT 填 hash=0x56a5451869723e14
[Barrier] Learner 5 到達/重返, 等待人數: 1/10
[Barrier] Learner 8 到達/重返, 等待人數: 2/10
[Barrier] Learner 7 到達/重返, 等待人數: 3/10
[Barrier] Learner 1 到達/重返, 等待人數: 4/10
[Barrier] Learner 9 到達/重返, 等待人數: 5/10
[Barrier] Learner 3 到達/重返, 等待人數: 6/10
[Barrier] Learner 4 到達/重返, 等待人數: 7/10
[Barrier] Learner 2 到達/重返, 等待人數: 8/10
[Barrier] Learner 0 到達/重返, 等待人數: 9/10
[Table] MQ/CE SAT 填 hash=0x4e7b7d60c0ec8f1c
[Barrier] Learner 6 到達/重返, 等待人數: 10/10
[Global EQ] 啟動 Leader SAT 尋找反例
[Barrier] Learner 6 到達/重返, 等待人數: 1/10
[Barrier] Learner 0 到達/重返, 等待人數: 2/10
[Barrier] Learner 7 到達/重返, 等待人數: 3/10
[Barrier] Learner 2 到達/重返, 等待人數: 4/10
[Barrier] Learner 8 到達/重返, 等待人數: 5/10
[Barrier] Learner 5 到達/重返, 等待人數: 6/10
[Barrier] Learner 9 到達/重返, 等待人數: 7/10
[Barrier] Learner 4 到達/重返, 等待人數: 8/10
[Barrier] Learner 1 到達/重返, 等待人數: 9/10
[Barrier] Learner 3 到達/重返, 等待人數: 10/10
[Global EQ] 啟動 Leader SAT 尋找反例
[Barrier] Learner 3 到達/重返, 等待人數: 1/10
[Barrier] Learner 6 到達/重返, 等待人數: 2/10
[Barrier] Learner 9 到達/重返, 等待人數: 3/10
[Barrier] Learner 0 到達/重返, 等待人數: 4/10
[Barrier] Learner 4 到達/重返, 等待人數: 5/10
[Barrier] Learner 7 到達/重返, 等待人數: 6/10
[Barrier] Learner 5 到達/重返, 等待人數: 7/10
[Barrier] Learner 2 到達/重返, 等待人數: 8/10
[Barrier] Learner 8 到達/重返, 等待人數: 9/10
[Barrier] Learner 1 到達/重返, 等待人數: 10/10
[Global EQ] 啟動 Leader SAT 尋找反例
[Barrier] Learner 1 到達/重返, 等待人數: 1/10
[Barrier] Learner 8 到達/重返, 等待人數: 2/10
[Barrier] Learner 7 到達/重返, 等待人數: 3/10
[Barrier] Learner 5 到達/重返, 等待人數: 4/10
[Barrier] Learner 3 到達/重返, 等待人數: 5/10
[Barrier] Learner 0 到達/重返, 等待人數: 6/10
[Barrier] Learner 2 到達/重返, 等待人數: 7/10
[Barrier] Learner 4 到達/重返, 等待人數: 8/10
[Barrier] Learner 9 到達/重返, 等待人數: 9/10
[Barrier] Learner 6 到達/重返, 等待人數: 10/10
[Global EQ] 啟動 Leader SAT 尋找反例
[Barrier] Learner 7 到達/重返, 等待人數: 1/10
[Barrier] Learner 9 到達/重返, 等待人數: 2/10
[Barrier] Learner 1 到達/重返, 等待人數: 3/10
[Barrier] Learner 0 到達/重返, 等待人數: 4/10
[Barrier] Learner 8 到達/重返, 等待人數: 5/10
[Barrier] Learner 3 到達/重返, 等待人數: 6/10
[Barrier] Learner 5 到達/重返, 等待人數: 7/10
[Barrier] Learner 4 到達/重返, 等待人數: 8/10
[Barrier] Learner 6 到達/重返, 等待人數: 9/10
[Barrier] Learner 2 到達/重返, 等待人數: 10/10
[Global EQ] 啟動 Leader SAT 尋找反例
[Barrier] Learner 2 到達/重返, 等待人數: 1/10
[Barrier] Learner 6 到達/重返, 等待人數: 2/10
[Barrier] Learner 8 到達/重返, 等待人數: 3/10
[Barrier] Learner 4 到達/重返, 等待人數: 4/10
[Barrier] Learner 0 到達/重返, 等待人數: 5/10
[Barrier] Learner 1 到達/重返, 等待人數: 6/10
[Barrier] Learner 7 到達/重返, 等待人數: 7/10
[Barrier] Learner 9 到達/重返, 等待人數: 8/10
[Barrier] Learner 3 到達/重返, 等待人數: 9/10
[Barrier] Learner 5 到達/重返, 等待人數: 10/10
[Global EQ] 啟動 Leader SAT 尋找反例
[Barrier] Learner 5 到達/重返, 等待人數: 1/10
[Barrier] Learner 9 到達/重返, 等待人數: 2/10
[Barrier] Learner 6 到達/重返, 等待人數: 3/10
[Barrier] Learner 2 到達/重返, 等待人數: 4/10
[Barrier] Learner 4 到達/重返, 等待人數: 5/10
[Barrier] Learner 0 到達/重返, 等待人數: 6/10
[Barrier] Learner 1 到達/重返, 等待人數: 7/10
[Barrier] Learner 8 到達/重返, 等待人數: 8/10
[Barrier] Learner 3 到達/重返, 等待人數: 9/10
[Barrier] Learner 7 到達/重返, 等待人數: 10/10
[Global EQ] 啟動 Leader SAT 尋找反例
[Barrier] Learner 7 到達/重返, 等待人數: 1/10
[Barrier] Learner 4 到達/重返, 等待人數: 2/10
[Barrier] Learner 5 到達/重返, 等待人數: 3/10
[Barrier] Learner 3 到達/重返, 等待人數: 4/10
[Barrier] Learner 6 到達/重返, 等待人數: 5/10
[Barrier] Learner 0 到達/重返, 等待人數: 6/10
[Barrier] Learner 1 到達/重返, 等待人數: 7/10
[Barrier] Learner 9 到達/重返, 等待人數: 8/10
[Barrier] Learner 8 到達/重返, 等待人數: 9/10
[Barrier] Learner 2 到達/重返, 等待人數: 10/10
[Global EQ] 啟動 Leader SAT 尋找反例
[Table] MQ/CE SAT 填 hash=0x4651b5a91866e024
[Barrier] Learner 5 到達/重返, 等待人數: 1/10
[Barrier] Learner 9 到達/重返, 等待人數: 2/10
[Barrier] Learner 7 到達/重返, 等待人數: 3/10
[Barrier] Learner 6 到達/重返, 等待人數: 4/10
[Barrier] Learner 0 到達/重返, 等待人數: 5/10
[Barrier] Learner 3 到達/重返, 等待人數: 6/10
[Barrier] Learner 8 到達/重返, 等待人數: 7/10
[Barrier] Learner 2 到達/重返, 等待人數: 8/10
[Barrier] Learner 4 到達/重返, 等待人數: 9/10
[Barrier] Learner 1 到達/重返, 等待人數: 10/10
[Global EQ] 啟動 Leader SAT 尋找反例
[Table] MQ/CE SAT 填 hash=0x75a00c2174618835
[Barrier] Learner 1 到達/重返, 等待人數: 1/10
[Barrier] Learner 2 到達/重返, 等待人數: 2/10
[Barrier] Learner 9 到達/重返, 等待人數: 3/10
[Barrier] Learner 8 到達/重返, 等待人數: 4/10
[Barrier] Learner 6 到達/重返, 等待人數: 5/10
[Barrier] Learner 0 到達/重返, 等待人數: 6/10
[Barrier] Learner 5 到達/重返, 等待人數: 7/10
[Barrier] Learner 7 到達/重返, 等待人數: 8/10
[Barrier] Learner 3 到達/重返, 等待人數: 9/10
[Table] MQ/CE SAT 填 hash=0x654c7cb223562a45
[Barrier] Learner 4 到達/重返, 等待人數: 10/10
[Global EQ] 啟動 Leader SAT 尋找反例
[Barrier] Learner 4 到達/重返, 等待人數: 1/10
[Barrier] Learner 2 到達/重返, 等待人數: 2/10
[Barrier] Learner 5 到達/重返, 等待人數: 3/10
[Barrier] Learner 9 到達/重返, 等待人數: 4/10
[Barrier] Learner 3 到達/重返, 等待人數: 5/10
[Barrier] Learner 1 到達/重返, 等待人數: 6/10
[Barrier] Learner 8 到達/重返, 等待人數: 7/10
[Barrier] Learner 6 到達/重返, 等待人數: 8/10
[Barrier] Learner 7 到達/重返, 等待人數: 9/10
[Barrier] Learner 0 到達/重返, 等待人數: 10/10
[Global EQ] 啟動 Leader SAT 尋找反例
[Barrier] Learner 0 到達/重返, 等待人數: 1/10
[Barrier] Learner 5 到達/重返, 等待人數: 2/10
[Barrier] Learner 4 到達/重返, 等待人數: 3/10
[Barrier] Learner 2 到達/重返, 等待人數: 4/10
[Barrier] Learner 1 到達/重返, 等待人數: 5/10
[Barrier] Learner 8 到達/重返, 等待人數: 6/10
[Barrier] Learner 3 到達/重返, 等待人數: 7/10
[Barrier] Learner 9 到達/重返, 等待人數: 8/10
[Barrier] Learner 7 到達/重返, 等待人數: 9/10
[Barrier] Learner 6 到達/重返, 等待人數: 10/10
[Global EQ] 啟動 Leader SAT 尋找反例
[Barrier] Learner 5 到達/重返, 等待人數: 1/10
[Barrier] Learner 2 到達/重返, 等待人數: 2/10
[Barrier] Learner 6 到達/重返, 等待人數: 3/10
[Barrier] Learner 8 到達/重返, 等待人數: 4/10
[Barrier] Learner 9 到達/重返, 等待人數: 5/10
[Barrier] Learner 3 到達/重返, 等待人數: 6/10
[Table] MQ/CE SAT 填 hash=0x5d22b4fa7ad07b4d
[Barrier] Learner 7 到達/重返, 等待人數: 7/10
[Barrier] Learner 4 到達/重返, 等待人數: 8/10
[Table] MQ/CE SAT 填 hash=0x9b18430c90af0f8f
[Table] MQ/CE SAT 填 hash=0x6d764469cbdbd93d
[Table] MQ/CE SAT 填 hash=0xa3420ac43934be87
[Barrier] Learner 1 到達/重返, 等待人數: 9/10
[Table] MQ/CE SAT 填 hash=0xb3959a338a401c77
[Barrier] Learner 0 到達/重返, 等待人數: 10/10
[Global EQ] 啟動 Leader SAT 尋找反例
[Barrier] Learner 5 到達/重返, 等待人數: 1/10
[Barrier] Learner 0 到達/重返, 等待人數: 2/10
[Barrier] Learner 1 到達/重返, 等待人數: 3/10
[Barrier] Learner 9 到達/重返, 等待人數: 4/10
[Barrier] Learner 7 到達/重返, 等待人數: 5/10
[Barrier] Learner 4 到達/重返, 等待人數: 6/10
[Barrier] Learner 6 到達/重返, 等待人數: 7/10
[Barrier] Learner 8 到達/重返, 等待人數: 8/10
[Barrier] Learner 3 到達/重返, 等待人數: 9/10
[Barrier] Learner 2 到達/重返, 等待人數: 10/10
[Global EQ] 啟動 Leader SAT 尋找反例
[Barrier] Learner 2 到達/重返, 等待人數: 1/10
[Barrier] Learner 8 到達/重返, 等待人數: 2/10
[Barrier] Learner 9 到達/重返, 等待人數: 3/10
[Barrier] Learner 7 到達/重返, 等待人數: 4/10
[Barrier] Learner 1 到達/重返, 等待人數: 5/10
[Barrier] Learner 6 到達/重返, 等待人數: 6/10
[Barrier] Learner 4 到達/重返, 等待人數: 7/10
[Barrier] Learner 5 到達/重返, 等待人數: 8/10
[Barrier] Learner 0 到達/重返, 等待人數: 9/10
[Barrier] Learner 3 到達/重返, 等待人數: 10/10
[Global EQ] 啟動 Leader SAT 尋找反例
[Barrier] Learner 3 到達/重返, 等待人數: 1/10
[Barrier] Learner 6 到達/重返, 等待人數: 2/10
[Barrier] Learner 9 到達/重返, 等待人數: 3/10
[Barrier] Learner 1 到達/重返, 等待人數: 4/10
[Barrier] Learner 7 到達/重返, 等待人數: 5/10
[Barrier] Learner 0 到達/重返, 等待人數: 6/10
[Barrier] Learner 8 到達/重返, 等待人數: 7/10
[Barrier] Learner 5 到達/重返, 等待人數: 8/10
[Barrier] Learner 2 到達/重返, 等待人數: 9/10
[Barrier] Learner 4 到達/重返, 等待人數: 10/10
[Global EQ] 啟動 Leader SAT 尋找反例
[Barrier] Learner 4 到達/重返, 等待人數: 1/10
[Barrier] Learner 5 到達/重返, 等待人數: 2/10
[Barrier] Learner 8 到達/重返, 等待人數: 3/10
[Barrier] Learner 6 到達/重返, 等待人數: 4/10
[Barrier] Learner 3 到達/重返, 等待人數: 5/10
[Barrier] Learner 9 到達/重返, 等待人數: 6/10
[Barrier] Learner 0 到達/重返, 等待人數: 7/10
[Barrier] Learner 7 到達/重返, 等待人數: 8/10
[Barrier] Learner 2 到達/重返, 等待人數: 9/10
[Barrier] Learner 1 到達/重返, 等待人數: 10/10
[Global EQ] 啟動 Leader SAT 尋找反例
[Barrier] Learner 1 到達/重返, 等待人數: 1/10
[Barrier] Learner 7 到達/重返, 等待人數: 2/10
[Barrier] Learner 4 到達/重返, 等待人數: 3/10
[Barrier] Learner 6 到達/重返, 等待人數: 4/10
[Barrier] Learner 8 到達/重返, 等待人數: 5/10
[Barrier] Learner 5 到達/重返, 等待人數: 6/10
[Barrier] Learner 9 到達/重返, 等待人數: 7/10
[Barrier] Learner 3 到達/重返, 等待人數: 8/10
[Barrier] Learner 2 到達/重返, 等待人數: 9/10
[Barrier] Learner 0 到達/重返, 等待人數: 10/10
[Global EQ] 啟動 Leader SAT 尋找反例
[Barrier] Learner 6 到達/重返, 等待人數: 1/10
[Barrier] Learner 3 到達/重返, 等待人數: 2/10
[Barrier] Learner 0 到達/重返, 等待人數: 3/10
[Barrier] Learner 9 到達/重返, 等待人數: 4/10
[Barrier] Learner 8 到達/重返, 等待人數: 5/10
[Barrier] Learner 2 到達/重返, 等待人數: 6/10
[Barrier] Learner 4 到達/重返, 等待人數: 7/10
[Barrier] Learner 1 到達/重返, 等待人數: 8/10
[Barrier] Learner 7 到達/重返, 等待人數: 9/10
[Barrier] Learner 5 到達/重返, 等待人數: 10/10
[Global EQ] 啟動 Leader SAT 尋找反例
[Barrier] Learner 5 到達/重返, 等待人數: 1/10
[Barrier] Learner 7 到達/重返, 等待人數: 2/10
[Barrier] Learner 9 到達/重返, 等待人數: 3/10
[Barrier] Learner 6 到達/重返, 等待人數: 4/10
[Barrier] Learner 8 到達/重返, 等待人數: 5/10
[Barrier] Learner 4 到達/重返, 等待人數: 6/10
[Barrier] Learner 0 到達/重返, 等待人數: 7/10
[Barrier] Learner 2 到達/重返, 等待人數: 8/10
[Barrier] Learner 1 到達/重返, 等待人數: 9/10
[Barrier] Learner 3 到達/重返, 等待人數: 10/10
[Global EQ] 啟動 Leader SAT 尋找反例
[Barrier] Learner 5 到達/重返, 等待人數: 1/10
[Barrier] Learner 0 到達/重返, 等待人數: 2/10
[Barrier] Learner 8 到達/重返, 等待人數: 3/10
[Barrier] Learner 6 到達/重返, 等待人數: 4/10
[Barrier] Learner 2 到達/重返, 等待人數: 5/10
[Barrier] Learner 9 到達/重返, 等待人數: 6/10
[Barrier] Learner 4 到達/重返, 等待人數: 7/10
[Barrier] Learner 3 到達/重返, 等待人數: 8/10
[Barrier] Learner 7 到達/重返, 等待人數: 9/10
[Barrier] Learner 1 到達/重返, 等待人數: 10/10
[Global EQ] 啟動 Leader SAT 尋找反例
[Barrier] Learner 1 到達/重返, 等待人數: 1/10
[Barrier] Learner 8 到達/重返, 等待人數: 2/10
[Barrier] Learner 7 到達/重返, 等待人數: 3/10
[Barrier] Learner 5 到達/重返, 等待人數: 4/10
[Barrier] Learner 3 到達/重返, 等待人數: 5/10
[Barrier] Learner 0 到達/重返, 等待人數: 6/10
[Barrier] Learner 4 到達/重返, 等待人數: 7/10
[Barrier] Learner 9 到達/重返, 等待人數: 8/10
[Barrier] Learner 2 到達/重返, 等待人數: 9/10
[Barrier] Learner 6 到達/重返, 等待人數: 10/10
[Global EQ] 啟動 Leader SAT 尋找反例
[Barrier] Learner 6 到達/重返, 等待人數: 1/10
[Barrier] Learner 5 到達/重返, 等待人數: 2/10
[Barrier] Learner 9 到達/重返, 等待人數: 3/10
[Barrier] Learner 1 到達/重返, 等待人數: 4/10
[Barrier] Learner 7 到達/重返, 等待人數: 5/10
[Barrier] Learner 8 到達/重返, 等待人數: 6/10
[Barrier] Learner 3 到達/重返, 等待人數: 7/10
[Barrier] Learner 0 到達/重返, 等待人數: 8/10
[Barrier] Learner 2 到達/重返, 等待人數: 9/10
[Barrier] Learner 4 到達/重返, 等待人數: 10/10
[Global EQ] 啟動 Leader SAT 尋找反例
[Barrier] Learner 4 到達/重返, 等待人數: 1/10
[Barrier] Learner 2 到達/重返, 等待人數: 2/10
[Barrier] Learner 7 到達/重返, 等待人數: 3/10
[Barrier] Learner 8 到達/重返, 等待人數: 4/10
[Barrier] Learner 5 到達/重返, 等待人數: 5/10
[Barrier] Learner 6 到達/重返, 等待人數: 6/10
[Barrier] Learner 9 到達/重返, 等待人數: 7/10
[Barrier] Learner 1 到達/重返, 等待人數: 8/10
[Barrier] Learner 0 到達/重返, 等待人數: 9/10
[Table] MQ/CE SAT 填 hash=0xc23cd1cd442408a8
[Barrier] Learner 3 到達/重返, 等待人數: 10/10
[Global EQ] 啟動 Leader SAT 尋找反例
[Barrier] Learner 7 到達/重返, 等待人數: 1/10
[Barrier] Learner 2 到達/重返, 等待人數: 2/10
[Barrier] Learner 6 到達/重返, 等待人數: 3/10
[Barrier] Learner 0 到達/重返, 等待人數: 4/10
[Barrier] Learner 4 到達/重返, 等待人數: 5/10
[Barrier] Learner 1 到達/重返, 等待人數: 6/10
[Barrier] Learner 8 到達/重返, 等待人數: 7/10
[Barrier] Learner 9 到達/重返, 等待人數: 8/10
[Barrier] Learner 5 到達/重返, 等待人數: 9/10
[Table] MQ/CE SAT 填 hash=0xd290613c952f6698
[Barrier] Learner 3 到達/重返, 等待人數: 10/10
[Global EQ] 啟動 Leader SAT 尋找反例
[Barrier] Learner 3 到達/重返, 等待人數: 1/10
[Barrier] Learner 4 到達/重返, 等待人數: 2/10
[Barrier] Learner 5 到達/重返, 等待人數: 3/10
[Barrier] Learner 8 到達/重返, 等待人數: 4/10
[Barrier] Learner 7 到達/重返, 等待人數: 5/10
[Barrier] Learner 0 到達/重返, 等待人數: 6/10
[Barrier] Learner 9 到達/重返, 等待人數: 7/10
[Barrier] Learner 6 到達/重返, 等待人數: 8/10
[Barrier] Learner 2 到達/重返, 等待人數: 9/10
[Table] MQ/CE SAT 填 hash=0xb1e9425df318aab8
[Barrier] Learner 1 到達/重返, 等待人數: 10/10
[Global EQ] 啟動 Leader SAT 尋找反例
[Barrier] Learner 1 到達/重返, 等待人數: 1/10
[Barrier] Learner 2 到達/重返, 等待人數: 2/10
[Barrier] Learner 0 到達/重返, 等待人數: 3/10
[Barrier] Learner 8 到達/重返, 等待人數: 4/10
[Barrier] Learner 5 到達/重返, 等待人數: 5/10
[Barrier] Learner 3 到達/重返, 等待人數: 6/10
[Barrier] Learner 7 到達/重返, 等待人數: 7/10
[Barrier] Learner 4 到達/重返, 等待人數: 8/10
[Barrier] Learner 9 到達/重返, 等待人數: 9/10
[Barrier] Learner 6 到達/重返, 等待人數: 10/10
[Global EQ] 啟動 Leader SAT 尋找反例
[Barrier] Learner 6 到達/重返, 等待人數: 1/10
[Barrier] Learner 9 到達/重返, 等待人數: 2/10
[Barrier] Learner 3 到達/重返, 等待人數: 3/10
[Barrier] Learner 4 到達/重返, 等待人數: 4/10
[Barrier] Learner 8 到達/重返, 等待人數: 5/10
[Barrier] Learner 5 到達/重返, 等待人數: 6/10
[Barrier] Learner 7 到達/重返, 等待人數: 7/10
[Barrier] Learner 2 到達/重返, 等待人數: 8/10
[Barrier] Learner 1 到達/重返, 等待人數: 9/10
[Table] MQ/CE SAT 填 hash=0xba130a159b9e59b0
[Barrier] Learner 0 到達/重返, 等待人數: 10/10
[Global EQ] 啟動 Leader SAT 尋找反例
[Barrier] Learner 0 到達/重返, 等待人數: 1/10
[Barrier] Learner 9 到達/重返, 等待人數: 2/10
[Barrier] Learner 1 到達/重返, 等待人數: 3/10
[Barrier] Learner 3 到達/重返, 等待人數: 4/10
[Barrier] Learner 2 到達/重返, 等待人數: 5/10
[Barrier] Learner 7 到達/重返, 等待人數: 6/10
[Barrier] Learner 8 到達/重返, 等待人數: 7/10
[Barrier] Learner 4 到達/重返, 等待人數: 8/10
[Barrier] Learner 6 到達/重返, 等待人數: 9/10
[Barrier] Learner 5 到達/重返, 等待人數: 10/10
[Global EQ] 啟動 Leader SAT 尋找反例
[Barrier] Learner 5 到達/重返, 等待人數: 1/10
[Barrier] Learner 7 到達/重返, 等待人數: 2/10
[Barrier] Learner 3 到達/重返, 等待人數: 3/10
[Barrier] Learner 1 到達/重返, 等待人數: 4/10
[Barrier] Learner 4 到達/重返, 等待人數: 5/10
[Barrier] Learner 6 到達/重返, 等待人數: 6/10
[Barrier] Learner 8 到達/重返, 等待人數: 7/10
[Barrier] Learner 0 到達/重返, 等待人數: 8/10
[Barrier] Learner 9 到達/重返, 等待人數: 9/10
[Barrier] Learner 2 到達/重返, 等待人數: 10/10
[Global EQ] 啟動 Leader SAT 尋找反例
[Barrier] Learner 2 到達/重返, 等待人數: 1/10
[Barrier] Learner 8 到達/重返, 等待人數: 2/10
[Barrier] Learner 6 到達/重返, 等待人數: 3/10
[Barrier] Learner 0 到達/重返, 等待人數: 4/10
[Barrier] Learner 1 到達/重返, 等待人數: 5/10
[Barrier] Learner 4 到達/重返, 等待人數: 6/10
[Barrier] Learner 7 到達/重返, 等待人數: 7/10
[Barrier] Learner 9 到達/重返, 等待人數: 8/10
[Barrier] Learner 3 到達/重返, 等待人數: 9/10
[Barrier] Learner 5 到達/重返, 等待人數: 10/10
[Global EQ] 啟動 Leader SAT 尋找反例
[Barrier] Learner 5 到達/重返, 等待人數: 1/10
[Barrier] Learner 0 到達/重返, 等待人數: 2/10
[Barrier] Learner 3 到達/重返, 等待人數: 3/10
[Barrier] Learner 9 到達/重返, 等待人數: 4/10
[Barrier] Learner 8 到達/重返, 等待人數: 5/10
[Barrier] Learner 7 到達/重返, 等待人數: 6/10
[Barrier] Learner 4 到達/重返, 等待人數: 7/10
[Barrier] Learner 1 到達/重返, 等待人數: 8/10
[Barrier] Learner 2 到達/重返, 等待人數: 9/10
[Barrier] Learner 6 到達/重返, 等待人數: 10/10
[Global EQ] 啟動 Leader SAT 尋找反例
[Barrier] Learner 5 到達/重返, 等待人數: 1/10
[Barrier] Learner 1 到達/重返, 等待人數: 2/10
[Barrier] Learner 6 到達/重返, 等待人數: 3/10
[Barrier] Learner 2 到達/重返, 等待人數: 4/10
[Barrier] Learner 8 到達/重返, 等待人數: 5/10
[Barrier] Learner 7 到達/重返, 等待人數: 6/10
[Barrier] Learner 0 到達/重返, 等待人數: 7/10
[Barrier] Learner 4 到達/重返, 等待人數: 8/10
[Barrier] Learner 3 到達/重返, 等待人數: 9/10
[Barrier] Learner 9 到達/重返, 等待人數: 10/10
[Global EQ] 啟動 Leader SAT 尋找反例
[Barrier] Learner 6 到達/重返, 等待人數: 1/10
[Barrier] Learner 5 到達/重返, 等待人數: 2/10
[Barrier] Learner 7 到達/重返, 等待人數: 3/10
[Barrier] Learner 9 到達/重返, 等待人數: 4/10
[Barrier] Learner 8 到達/重返, 等待人數: 5/10
[Barrier] Learner 4 到達/重返, 等待人數: 6/10
[Barrier] Learner 0 到達/重返, 等待人數: 7/10
[Barrier] Learner 3 到達/重返, 等待人數: 8/10
[Barrier] Learner 2 到達/重返, 等待人數: 9/10
[Barrier] Learner 1 到達/重返, 等待人數: 10/10
[Global EQ] 啟動 Leader SAT 尋找反例
[Barrier] Learner 1 到達/重返, 等待人數: 1/10
[Barrier] Learner 3 到達/重返, 等待人數: 2/10
[Barrier] Learner 8 到達/重返, 等待人數: 3/10
[Barrier] Learner 6 到達/重返, 等待人數: 4/10
[Barrier] Learner 0 到達/重返, 等待人數: 5/10
[Barrier] Learner 4 到達/重返, 等待人數: 6/10
[Barrier] Learner 5 到達/重返, 等待人數: 7/10
[Barrier] Learner 2 到達/重返, 等待人數: 8/10
[Barrier] Learner 9 到達/重返, 等待人數: 9/10
[Barrier] Learner 7 到達/重返, 等待人數: 10/10
[Global EQ] 啟動 Leader SAT 尋找反例
[Barrier] Learner 8 到達/重返, 等待人數: 1/10
[Barrier] Learner 1 到達/重返, 等待人數: 2/10
[Barrier] Learner 5 到達/重返, 等待人數: 3/10
[Barrier] Learner 6 到達/重返, 等待人數: 4/10
[Barrier] Learner 7 到達/重返, 等待人數: 5/10
[Barrier] Learner 2 到達/重返, 等待人數: 6/10
[Barrier] Learner 0 到達/重返, 等待人數: 7/10
[Barrier] Learner 3 到達/重返, 等待人數: 8/10
[Barrier] Learner 4 到達/重返, 等待人數: 9/10
[Barrier] Learner 9 到達/重返, 等待人數: 10/10
[Global EQ] 啟動 Leader SAT 尋找反例
[Barrier] Learner 9 到達/重返, 等待人數: 1/10
[Barrier] Learner 4 到達/重返, 等待人數: 2/10
[Barrier] Learner 5 到達/重返, 等待人數: 3/10
[Barrier] Learner 1 到達/重返, 等待人數: 4/10
[Barrier] Learner 8 到達/重返, 等待人數: 5/10
[Barrier] Learner 6 到達/重返, 等待人數: 6/10
[Barrier] Learner 7 到達/重返, 等待人數: 7/10
[Barrier] Learner 3 到達/重返, 等待人數: 8/10
[Barrier] Learner 2 到達/重返, 等待人數: 9/10
[Barrier] Learner 0 到達/重返, 等待人數: 10/10
[Global EQ] 啟動 Leader SAT 尋找反例
[Barrier] Learner 5 到達/重返, 等待人數: 1/10
[Barrier] Learner 2 到達/重返, 等待人數: 2/10
[Barrier] Learner 1 到達/重返, 等待人數: 3/10
[Barrier] Learner 8 到達/重返, 等待人數: 4/10
[Barrier] Learner 0 到達/重返, 等待人數: 5/10
[Barrier] Learner 6 到達/重返, 等待人數: 6/10
[Barrier] Learner 9 到達/重返, 等待人數: 7/10
[Barrier] Learner 4 到達/重返, 等待人數: 8/10
[Barrier] Learner 3 到達/重返, 等待人數: 9/10
[Barrier] Learner 7 到達/重返, 等待人數: 10/10
[Global EQ] 啟動 Leader SAT 尋找反例
[Barrier] Learner 7 到達/重返, 等待人數: 1/10
[Barrier] Learner 2 到達/重返, 等待人數: 2/10
[Barrier] Learner 8 到達/重返, 等待人數: 3/10
[Barrier] Learner 1 到達/重返, 等待人數: 4/10
[Barrier] Learner 6 到達/重返, 等待人數: 5/10
[Barrier] Learner 9 到達/重返, 等待人數: 6/10
[Barrier] Learner 3 到達/重返, 等待人數: 7/10
[Barrier] Learner 4 到達/重返, 等待人數: 8/10
[Barrier] Learner 0 到達/重返, 等待人數: 9/10
[Barrier] Learner 5 到達/重返, 等待人數: 10/10
[Global EQ] 啟動 Leader SAT 尋找反例
[Barrier] Learner 5 到達/重返, 等待人數: 1/10
[Barrier] Learner 3 到達/重返, 等待人數: 2/10
[Barrier] Learner 8 到達/重返, 等待人數: 3/10
[Barrier] Learner 2 到達/重返, 等待人數: 4/10
[Barrier] Learner 1 到達/重返, 等待人數: 5/10
[Barrier] Learner 6 到達/重返, 等待人數: 6/10
[Barrier] Learner 4 到達/重返, 等待人數: 7/10
[Barrier] Learner 9 到達/重返, 等待人數: 8/10
[Barrier] Learner 7 到達/重返, 等待人數: 9/10
[Barrier] Learner 0 到達/重返, 等待人數: 10/10
[Global EQ] 啟動 Leader SAT 尋找反例
[Barrier] Learner 0 到達/重返, 等待人數: 1/10
[Barrier] Learner 8 到達/重返, 等待人數: 2/10
[Barrier] Learner 1 到達/重返, 等待人數: 3/10
[Barrier] Learner 7 到達/重返, 等待人數: 4/10
[Barrier] Learner 2 到達/重返, 等待人數: 5/10
[Barrier] Learner 9 到達/重返, 等待人數: 6/10
[Barrier] Learner 3 到達/重返, 等待人數: 7/10
[Barrier] Learner 5 到達/重返, 等待人數: 8/10
[Barrier] Learner 6 到達/重返, 等待人數: 9/10
[Barrier] Learner 4 到達/重返, 等待人數: 10/10
[Global EQ] 啟動 Leader SAT 尋找反例
[Barrier] Learner 4 到達/重返, 等待人數: 1/10
[Barrier] Learner 1 到達/重返, 等待人數: 2/10
[Barrier] Learner 6 到達/重返, 等待人數: 3/10
[Barrier] Learner 2 到達/重返, 等待人數: 4/10
[Barrier] Learner 0 到達/重返, 等待人數: 5/10
[Barrier] Learner 9 到達/重返, 等待人數: 6/10
[Barrier] Learner 3 到達/重返, 等待人數: 7/10
[Barrier] Learner 8 到達/重返, 等待人數: 8/10
[Barrier] Learner 7 到達/重返, 等待人數: 9/10
[Barrier] Learner 5 到達/重返, 等待人數: 10/10
[Global EQ] 啟動 Leader SAT 尋找反例
[Barrier] Learner 6 到達/重返, 等待人數: 1/10
[Barrier] Learner 0 到達/重返, 等待人數: 2/10
[Barrier] Learner 7 到達/重返, 等待人數: 3/10
[Barrier] Learner 3 到達/重返, 等待人數: 4/10
[Barrier] Learner 1 到達/重返, 等待人數: 5/10
[Barrier] Learner 9 到達/重返, 等待人數: 6/10
[Barrier] Learner 8 到達/重返, 等待人數: 7/10
[Barrier] Learner 5 到達/重返, 等待人數: 8/10
[Barrier] Learner 2 到達/重返, 等待人數: 9/10
[Barrier] Learner 4 到達/重返, 等待人數: 10/10
[Global EQ] 啟動 Leader SAT 尋找反例
[Barrier] Learner 4 到達/重返, 等待人數: 1/10
[Barrier] Learner 0 到達/重返, 等待人數: 2/10
[Barrier] Learner 1 到達/重返, 等待人數: 3/10
[Barrier] Learner 8 到達/重返, 等待人數: 4/10
[Barrier] Learner 9 到達/重返, 等待人數: 5/10
[Barrier] Learner 5 到達/重返, 等待人數: 6/10
[Barrier] Learner 3 到達/重返, 等待人數: 7/10
[Barrier] Learner 6 到達/重返, 等待人數: 8/10
[Barrier] Learner 7 到達/重返, 等待人數: 9/10
[Barrier] Learner 2 到達/重返, 等待人數: 10/10
[Global EQ] 啟動 Leader SAT 尋找反例
[Barrier] Learner 2 到達/重返, 等待人數: 1/10
[Barrier] Learner 7 到達/重返, 等待人數: 2/10
[Barrier] Learner 6 到達/重返, 等待人數: 3/10
[Barrier] Learner 8 到達/重返, 等待人數: 4/10
[Barrier] Learner 5 到達/重返, 等待人數: 5/10
[Barrier] Learner 1 到達/重返, 等待人數: 6/10
[Barrier] Learner 0 到達/重返, 等待人數: 7/10
[Barrier] Learner 4 到達/重返, 等待人數: 8/10
[Barrier] Learner 9 到達/重返, 等待人數: 9/10
[Barrier] Learner 3 到達/重返, 等待人數: 10/10
[Global EQ] 啟動 Leader SAT 尋找反例
[Barrier] Learner 3 到達/重返, 等待人數: 1/10
[Barrier] Learner 7 到達/重返, 等待人數: 2/10
[Barrier] Learner 6 到達/重返, 等待人數: 3/10
[Barrier] Learner 5 到達/重返, 等待人數: 4/10
[Barrier] Learner 2 到達/重返, 等待人數: 5/10
[Barrier] Learner 4 到達/重返, 等待人數: 6/10
[Barrier] Learner 1 到達/重返, 等待人數: 7/10
[Barrier] Learner 9 到達/重返, 等待人數: 8/10
[Barrier] Learner 8 到達/重返, 等待人數: 9/10
[Barrier] Learner 0 到達/重返, 等待人數: 10/10
[Global EQ] 啟動 Leader SAT 尋找反例
[Barrier] Learner 0 到達/重返, 等待人數: 1/10
[Barrier] Learner 6 到達/重返, 等待人數: 2/10
[Barrier] Learner 7 到達/重返, 等待人數: 3/10
[Barrier] Learner 2 到達/重返, 等待人數: 4/10
[Barrier] Learner 8 到達/重返, 等待人數: 5/10
[Barrier] Learner 9 到達/重返, 等待人數: 6/10
[Barrier] Learner 3 到達/重返, 等待人數: 7/10
[Barrier] Learner 1 到達/重返, 等待人數: 8/10
[Barrier] Learner 4 到達/重返, 等待人數: 9/10
[Barrier] Learner 5 到達/重返, 等待人數: 10/10
[Global EQ] 啟動 Leader SAT 尋找反例
[Barrier] Learner 0 到達/重返, 等待人數: 1/10
[Barrier] Learner 8 到達/重返, 等待人數: 2/10
[Barrier] Learner 5 到達/重返, 等待人數: 3/10
[Barrier] Learner 6 到達/重返, 等待人數: 4/10
[Barrier] Learner 9 到達/重返, 等待人數: 5/10
[Barrier] Learner 1 到達/重返, 等待人數: 6/10
[Barrier] Learner 2 到達/重返, 等待人數: 7/10
[Barrier] Learner 4 到達/重返, 等待人數: 8/10
[Barrier] Learner 7 到達/重返, 等待人數: 9/10
[Barrier] Learner 3 到達/重返, 等待人數: 10/10
[Global EQ] 啟動 Leader SAT 尋找反例
[Barrier] Learner 3 到達/重返, 等待人數: 1/10
[Barrier] Learner 4 到達/重返, 等待人數: 2/10
[Barrier] Learner 6 到達/重返, 等待人數: 3/10
[Barrier] Learner 8 到達/重返, 等待人數: 4/10
[Barrier] Learner 1 到達/重返, 等待人數: 5/10
[Barrier] Learner 7 到達/重返, 等待人數: 6/10
[Barrier] Learner 2 到達/重返, 等待人數: 7/10
[Barrier] Learner 9 到達/重返, 等待人數: 8/10
[Barrier] Learner 0 到達/重返, 等待人數: 9/10
[Barrier] Learner 5 到達/重返, 等待人數: 10/10
[Global EQ] 啟動 Leader SAT 尋找反例
[Barrier] Learner 3 到達/重返, 等待人數: 1/10
[Barrier] Learner 0 到達/重返, 等待人數: 2/10
[Barrier] Learner 5 到達/重返, 等待人數: 3/10
[Barrier] Learner 9 到達/重返, 等待人數: 4/10
[Barrier] Learner 4 到達/重返, 等待人數: 5/10
[Barrier] Learner 6 到達/重返, 等待人數: 6/10
[Barrier] Learner 8 到達/重返, 等待人數: 7/10
[Barrier] Learner 1 到達/重返, 等待人數: 8/10
[Barrier] Learner 2 到達/重返, 等待人數: 9/10
[Barrier] Learner 7 到達/重返, 等待人數: 10/10
[Global EQ] 啟動 Leader SAT 尋找反例
[Global EQ] SAT 證明全部正確 (UNSAT)！
Number of Variables Used : 6
Number of Variables Used : 6
Number of Variables Used : 6
Number of Variables Used : 6
[Learner 5 (dec2_z)] 收斂完成！
[Learner 6 (dec3_x)] 收斂完成！
Number of Variables Used : 6
Number of Variables Used : 6
[Learner 7 (dec3_z)] 收斂完成！
Number of Variables Used : 6
[Learner 4 (dec2_x)] 收斂完成！
Number of Variables Used : 6
Number of Variables Used : 6
[Learner 8 (dec4_x)] 收斂完成！
[Learner 9 (dec4_z)] 收斂完成！
[Learner 1 (dec0_z)] 收斂完成！
[Learner 2 (dec1_x)] 收斂完成！
Number of Variables Used : 6
[Learner 3 (dec1_z)] 收斂完成！
[Learner 0 (dec0_x)] 收斂完成！
Final Hash Table Entries: 58
Final Hash Table Entries: 55
Final Hash Table Entries: 56
Final Hash Table Entries: 58
